market,menuItemName,menuItemDescription,price,restaurantName,restaurantDescription,restaurantLatitude,restaurantLongitude
"Houston, TX",1% Low Fat Milk (110 Cals),"As delicious as our sandwiches are, they are even better when paired with the perfect side and drink or even adding a little something extra. With such a variety to choose from, there's truly something for every taste.",2.19,Subway,"Sandwiches, Salads, Dessert, Snacks",29.7466861,-95.359915
"Houston, TX",10-Piece Boneless Wing Meal,Served with fries and a drink.,14.19,American Deli,"Deli, Takeout, Gyro, Chicken, Burgers, Fast Food, Chicken Wings, Cheesesteaks, Family Meals, Pickup",29.7000121,-95.3600172
"Houston, TX",8-Piece Boneless Wing Meal,Served with fries and a drink.,12.99,American Deli,"Deli, Takeout, Gyro, Chicken, Burgers, Fast Food, Chicken Wings, Cheesesteaks, Family Meals, Pickup",29.7000121,-95.3600172
"Houston, TX",LUNCH DUET,Select two of these Benihana favorites:Beef* Julienne | Chicken | Calamari | Yakisoba | Scallops | Hibachi Shrimp |,24.1,Benihana,"Chicken, Steak, Hibachi, Asian Food, Family Meals, Asian, Sushi, Japanese",29.7560868,-95.3697436
"Houston, TX",FILET MIGNON,Tenderloin* and mushrooms lightly seasoned and grilled to perfection.,24.4,Benihana,"Chicken, Steak, Hibachi, Asian Food, Family Meals, Asian, Sushi, Japanese",29.7560868,-95.3697436
"Houston, TX",HIBACHI STEAK,New York strip steak* and mushrooms teppanyaki grilled to your specification.,22.0,Benihana,"Chicken, Steak, Hibachi, Asian Food, Family Meals, Asian, Sushi, Japanese",29.7560868,-95.3697436
"Houston, TX",SPICY HIBACHI CHICKEN,Chicken breast grilled with green onions and mushrooms in a special spicy homemade sauce.,19.0,Benihana,"Chicken, Steak, Hibachi, Asian Food, Family Meals, Asian, Sushi, Japanese",29.7560868,-95.3697436
"Houston, TX",HIBACHI CHICKEN,Chicken breast and mushrooms with sesame seeds. ,18.4,Benihana,"Chicken, Steak, Hibachi, Asian Food, Family Meals, Asian, Sushi, Japanese",29.7560868,-95.3697436
"Houston, TX",HIBACHI SHRIMP,Shrimp grilled with lemon. ,21.2,Benihana,"Chicken, Steak, Hibachi, Asian Food, Family Meals, Asian, Sushi, Japanese",29.7560868,-95.3697436
"Houston, TX",BEEF JULIENNE,Teriyaki beef* with green onions and mushrooms grilled in a homemade teriyaki sauce.,21.3,Benihana,"Chicken, Steak, Hibachi, Asian Food, Family Meals, Asian, Sushi, Japanese",29.7560868,-95.3697436
"Houston, TX",HIBACHI SCALLOPS,Tender sea scallops grilled hibachi style with lemon.,21.6,Benihana,"Chicken, Steak, Hibachi, Asian Food, Family Meals, Asian, Sushi, Japanese",29.7560868,-95.3697436
"Houston, TX",CHICKEN YAKISOBA,Japanese sautéed noodles with vegetables in a special sauce with Chicken,18.4,Benihana,"Chicken, Steak, Hibachi, Asian Food, Family Meals, Asian, Sushi, Japanese",29.7560868,-95.3697436
"Houston, TX",STEAK YAKISOBA,Japanese sautéed noodles with vegetables in a special sauce with Steak.,18.8,Benihana,"Chicken, Steak, Hibachi, Asian Food, Family Meals, Asian, Sushi, Japanese",29.7560868,-95.3697436
"Houston, TX",HIBACHI SHRIMP YAKISOBA,Japanese sautéed noodles with vegetables in a special sauce with Shrimp,18.8,Benihana,"Chicken, Steak, Hibachi, Asian Food, Family Meals, Asian, Sushi, Japanese",29.7560868,-95.3697436
"Houston, TX",SUSHI COMBINATION ,Comes with: - California Roll- A piece of Shrimp nigiri- A piece of Tuna nigiri- A piece of Salmon nigiri- A piece of Yellowtail- Benihana salad- Miso soup,20.6,Benihana,"Chicken, Steak, Hibachi, Asian Food, Family Meals, Asian, Sushi, Japanese",29.7560868,-95.3697436
"Houston, TX",#57. Cơm Bò Nướng Chả Giò,Steamed rice with charbroiled sliced beef and fried egg roll.,12.0,Pho Saigon,Vietnamese,29.7451531,-95.3776337
"Houston, TX",#56. Cơm Bò Nướng Sả,Steamed rice with charbroiled lemon grass sliced beef.,11.75,Pho Saigon,Vietnamese,29.7451531,-95.3776337
"Houston, TX",#59. Bún Bò Nướng Chả Giò,Vermicelli with charbroiled lemon grass sliced beef and fried egg roll.,12.0,Pho Saigon,Vietnamese,29.7451531,-95.3776337
"Houston, TX",#58. Bún Bò Nướng Sả,Vermicelli with charbroiled lemon grass sliced beef.,11.75,Pho Saigon,Vietnamese,29.7451531,-95.3776337
"Houston, TX",Karaage over Rice,,12.87,Sticky's Chicken,"Chicken, Chicken Wings",29.7701293,-95.3817043
"Houston, TX",Karaage Sliders & Fries,,11.55,Sticky's Chicken,"Chicken, Chicken Wings",29.7701293,-95.3817043
"Houston, TX",Karaage Chicken,"Fried chicken bites, spicy yuzu peel marmalade.",9.0,Izakaya,Ramen Restaurant,29.7518483,-95.3769374
"Houston, TX",Cinnamon Toast Crunch Milkshake,,7.5,BunSlut,BunSlut,29.7426555,-95.4034414
"Houston, TX",Slutty Fries,"Seasoned Fries, Chopped Patty with Cheese, Slut Sauce, and Grilled Onions",10.0,BunSlut,BunSlut,29.7426555,-95.4034414
"Houston, TX",Virgin Fries,Seasoned Fries,4.0,BunSlut,BunSlut,29.7426555,-95.4034414
"Houston, TX",Red Juice,"Red beet, orange, apple, celery, carrot, and lemon.",7.0,Pho Binh,"Vietnamese, Noodles, Pho, Smoothies, Asian",29.7819194,-95.3902331
"Houston, TX",Green Juice,"Apple, cucumber, celery, kale, and lemon.",7.0,Pho Binh,"Vietnamese, Noodles, Pho, Smoothies, Asian",29.7819194,-95.3902331
"Houston, TX",Classic Juice,"Orange, apple, carrot, and celery.",7.0,Pho Binh,"Vietnamese, Noodles, Pho, Smoothies, Asian",29.7819194,-95.3902331
"Houston, TX",Green Tea Smoothie,Add-ons for an additional charge.,6.5,Pho Binh,"Vietnamese, Noodles, Pho, Smoothies, Asian",29.7819194,-95.3902331
"Houston, TX",Dripped Nachos,"Nacho chips topped with cheese sauce, birria de res meat, jalapenos, chopped onions, and cilantro",9.5,Dripped Birria,"Halal, Birria, Quesadillas, Fries, Tacos, Nachos, Mexican, Fast Food",29.7426555,-95.4034414
"Houston, TX",Elote,"Corn, cheese, mayo, sour cream, lime, topped with crumbled cheetos",4.5,Dripped Birria,"Halal, Birria, Quesadillas, Fries, Tacos, Nachos, Mexican, Fast Food",29.7426555,-95.4034414
"Houston, TX",Sprite,Canned Drink,2.5,Dripped Birria,"Halal, Birria, Quesadillas, Fries, Tacos, Nachos, Mexican, Fast Food",29.7426555,-95.4034414
"Houston, TX",B10-BMBalls. Beef Meatballs Pho,Beef meatballs only.,10.5,B&T Cafe,Baguette & Tea,29.7382287,-95.408481
"Houston, TX",Miss Piggie,"Freshly Ground Bacon and Beef Patty (Will Always be Pink), House Candied Bacon, Hash Brown, Cheddar, Lettuce, and Tomatoes.",12.5,Stanton's City Bites,"Burgers, Dinner, Bar and Grill",29.7709432,-95.3720701
"Houston, TX",Chicken Pho,Boneless chicken instead of beef,15.5,Huynh Restaurant,Vietnamese Restaurant,29.7516624,-95.3556435
"Houston, TX",Vegetable Pho,Pho with vegetables & tofu,15.5,Huynh Restaurant,Vietnamese Restaurant,29.7516624,-95.3556435
"Houston, TX",Phở (Khong Thit),No meat.  Just broth & noodles.,11.95,Huynh Restaurant,Vietnamese Restaurant,29.7516624,-95.3556435
"Houston, TX",94. Mì Quảng,"Special yellow rice noodles with pork, shrimp, fish cake, shredded cabbage and banana blossom to be tossed with a lightly spicy broth. Garnished with peanuts, fried onions, and Vietnamese crackers.",15.5,Huynh Restaurant,Vietnamese Restaurant,29.7516624,-95.3556435
"Houston, TX",93. Mì Hoành Thánh,Wonton Soup.  Egg noodle soup with wontons and BBQ pork.,15.5,Huynh Restaurant,Vietnamese Restaurant,29.7516624,-95.3556435
"Houston, TX",90. Hủ Tiếu Thập Cẩm,"Combination Soup.  Your choice of noodles in home-made chicken broth with vegetables, chicken, pork, and seafood.",15.5,Huynh Restaurant,Vietnamese Restaurant,29.7516624,-95.3556435
"Houston, TX",91. Mì Ga,Chicken Soup.  Choice of noodles in chicken broth with dark or white chicken.,15.5,Huynh Restaurant,Vietnamese Restaurant,29.7516624,-95.3556435
"Houston, TX",92. Mì Xá Xíu,BBQ Pork Soup.  Choice of noodles in home-made soup with BBQ pork.,15.5,Huynh Restaurant,Vietnamese Restaurant,29.7516624,-95.3556435
"Houston, TX",11. Bún Bò Xào,Stir-fried lemongrass beef on vermicelli.  Chicken may be substituted on request.,17.95,Huynh Restaurant,Vietnamese Restaurant,29.7516624,-95.3556435
"Houston, TX",16. Bún Bò Hue,"Spicy noodle soup with sliced beef in a broth with chilies and lemongrass optional \Vietnamese style\"" includes blood cake (huyết) and pork hock.""",15.5,Huynh Restaurant,Vietnamese Restaurant,29.7516624,-95.3556435
"Houston, TX",12. Bún Thịt Nướng,Chargrilled pork on vermicelli.,17.95,Huynh Restaurant,Vietnamese Restaurant,29.7516624,-95.3556435
"Houston, TX",14. Bún Tôm Nướng,Chargrilled shrimp on vermicelli.,17.95,Huynh Restaurant,Vietnamese Restaurant,29.7516624,-95.3556435
"Houston, TX",13. Bún Gà Nướng,Chargrilled chicken (dark meat) on vermicelli.,17.95,Huynh Restaurant,Vietnamese Restaurant,29.7516624,-95.3556435
"Houston, TX",15. Bún Măng Vịt,Vermicelli noodle soup with duck and fermented bamboo shoots.,15.5,Huynh Restaurant,Vietnamese Restaurant,29.7516624,-95.3556435
"Houston, TX",57. Com Bo Luc Lac,"Tender chunks of stir-fried beef tenderloin, peppers and onion, served with house rice.",22.75,Huynh Restaurant,Vietnamese Restaurant,29.7516624,-95.3556435
"Houston, TX",57B. Cơm Gà Lúc Lắc,"Stir-fried white meat chicken, peppers and onion, served with house rice.",22.75,Huynh Restaurant,Vietnamese Restaurant,29.7516624,-95.3556435
"Houston, TX",56. Com Bò Xào,Stir fried beef and lemongrass served with rice.,20.5,Huynh Restaurant,Vietnamese Restaurant,29.7516624,-95.3556435
"Houston, TX",50. Cơm Phượng Hoàng,"Phoenix chicken. Half of a crispy Cornish hen with house rice, served with a fried egg and special dipping sauce.",19.95,Huynh Restaurant,Vietnamese Restaurant,29.7516624,-95.3556435
"Houston, TX",53. Com Tâm Thịt Nướng,Chargrilled boneless pork served with crushed rice.,19.25,Huynh Restaurant,Vietnamese Restaurant,29.7516624,-95.3556435
"Houston, TX",55. Cơm Tấm Thịt Nướng Bì Ch,"Chargrilled boneless pork, shredded pork, egg cake, and crushed rice.",19.95,Huynh Restaurant,Vietnamese Restaurant,29.7516624,-95.3556435
"Houston, TX",58. Cơm Sườn Bò Dại Hàn,"Chargrilled beef short ribs, served with shrimp, fried egg and crushed rice.",19.8,Huynh Restaurant,Vietnamese Restaurant,29.7516624,-95.3556435
"Houston, TX",51. Cơm Gà Nướng,Chargrilled dark meat chicken and house rice.,19.25,Huynh Restaurant,Vietnamese Restaurant,29.7516624,-95.3556435
"Houston, TX",54B. Cơm Tám Sườn Cha Trung,"Chargrilled bone-in pork chop, fried egg, and egg cake served with crushed rice.",19.95,Huynh Restaurant,Vietnamese Restaurant,29.7516624,-95.3556435
"Houston, TX",54. Cơm Tám Sườn Bì Cha,"Chargrilled bone-in pork chop, shredded pork, and egg cake with crushed rice.",19.95,Huynh Restaurant,Vietnamese Restaurant,29.7516624,-95.3556435
"Houston, TX",52. Com Sườn Nướng,Chargrilled bone-in pork chop served with crushed rice.,19.8,Huynh Restaurant,Vietnamese Restaurant,29.7516624,-95.3556435
"Houston, TX",60. Cơm Chiên Xá Xíu,BBQ pork fried rice.,18.95,Huynh Restaurant,Vietnamese Restaurant,29.7516624,-95.3556435
"Houston, TX",64. Cơm Chiên Thập Cẩm,"Combination: pork, beef, chicken, shrimp, and sausage.",18.95,Huynh Restaurant,Vietnamese Restaurant,29.7516624,-95.3556435
"Houston, TX",63. Cơm Chiên Tôm,Shrimp fried rice.,18.95,Huynh Restaurant,Vietnamese Restaurant,29.7516624,-95.3556435
"Houston, TX",61. Cơm Chiên Ga,Chicken fried rice.,18.95,Huynh Restaurant,Vietnamese Restaurant,29.7516624,-95.3556435
"Houston, TX",65. Cơm Chiên đỏ Biển,"Seafood fried rice: shrimp, squid, fish ball, and crab stick.",18.95,Huynh Restaurant,Vietnamese Restaurant,29.7516624,-95.3556435
"Houston, TX",62. Cơm Chiên Bo,Beef fried rice.,18.95,Huynh Restaurant,Vietnamese Restaurant,29.7516624,-95.3556435
"Houston, TX",80. Hủ Tiếu Xào Chay,"Wok-fried crispy flat rice noodles topped with stir-fried tofu and vegetables.   Soft noodles available, by request.",21.5,Huynh Restaurant,Vietnamese Restaurant,29.7516624,-95.3556435
"Houston, TX",82. Dau Hủ Xào Lăn,"Coconut curry with stir-fried tofu, onions and mushrooms.  Topped with peanuts.   Add broccoli for $2.",18.95,Huynh Restaurant,Vietnamese Restaurant,29.7516624,-95.3556435
"Houston, TX",87. Dau Hủ Xào Xả ớt,Tofu stir-fried with hot chilies and lemongrass.,18.95,Huynh Restaurant,Vietnamese Restaurant,29.7516624,-95.3556435
"Houston, TX",81. Bún Xào Chay,"Stir-fried tofu and vegetables top a bowl of thin rice noodles, garnish with peanuts.",19.95,Huynh Restaurant,Vietnamese Restaurant,29.7516624,-95.3556435
"Houston, TX",83. Cơm Chiên Chay,"Stir-fried rice with tofu, vegetables, and egg.",18.95,Huynh Restaurant,Vietnamese Restaurant,29.7516624,-95.3556435
"Houston, TX",F2. Sườn Bò đại Hàn,Chargrilled beef short ribs.,19.25,Huynh Restaurant,Vietnamese Restaurant,29.7516624,-95.3556435
"Houston, TX",F5. Tôm Hoặc Gà Xào Lăn,"Coconut curry with your choice of shrimp or chicken, stir-fried with onions and mushrooms.   Garnished with peanuts.  Add broccoli for $2.",21.5,Huynh Restaurant,Vietnamese Restaurant,29.7516624,-95.3556435
"Houston, TX",F7. Bò Xào Xà Lách,"Lemongrass beef (or chicken) on a salad with fresh herbs, bean sprouts and peanuts.",21.5,Huynh Restaurant,Vietnamese Restaurant,29.7516624,-95.3556435
"Houston, TX",F3. Dau Hủ Xào Thịt Xay,"Ground pork stir-fried with diced tofu, woodear mushrooms, peppers and onions.",21.5,Huynh Restaurant,Vietnamese Restaurant,29.7516624,-95.3556435
"Houston, TX",F4. Bok Choy Xào Tỏi,"Baby bok choy stir-fried with garlic.   Broccoli may be substituted, by request.",13.25,Huynh Restaurant,Vietnamese Restaurant,29.7516624,-95.3556435
"Houston, TX",F6. Tôm Hoặc Gà Xào Xả ớt,Shrimp or chicken stir-fried with hot chilies and lemongrass.  Spicy.,21.5,Huynh Restaurant,Vietnamese Restaurant,29.7516624,-95.3556435
"Houston, TX",L1. Tôm Xào Bông Cải,Shrimp stir-fried with broccoli.,21.5,Huynh Restaurant,Vietnamese Restaurant,29.7516624,-95.3556435
"Houston, TX",L3. Tôm Xào Thập Cẩm,Shrimp stir-fried with mixed vegetables.,21.5,Huynh Restaurant,Vietnamese Restaurant,29.7516624,-95.3556435
"Houston, TX",L7. Gà Xào Bông Cải,Chicken stir-fried with broccoli.,21.5,Huynh Restaurant,Vietnamese Restaurant,29.7516624,-95.3556435
"Houston, TX",L9. Gà Xào Thập Cẩm,Chicken stir-fried with mixed vegetables.,21.5,Huynh Restaurant,Vietnamese Restaurant,29.7516624,-95.3556435
"Houston, TX",L4. Bò Xào Bông Cải,Beef stir-fried with broccoli.,21.5,Huynh Restaurant,Vietnamese Restaurant,29.7516624,-95.3556435
"Houston, TX",L6. Bò Xào Thập Cẩm,Beef stir-fried with mixed vegetables.,21.5,Huynh Restaurant,Vietnamese Restaurant,29.7516624,-95.3556435
"Houston, TX",L2. Tôm Xào đậu Hu,Shrimp stir-fried with tofu.,21.5,Huynh Restaurant,Vietnamese Restaurant,29.7516624,-95.3556435
"Houston, TX",L10. Rau Xào đậu Hu,Vegetables stir-fried with tofu.,21.5,Huynh Restaurant,Vietnamese Restaurant,29.7516624,-95.3556435
"Houston, TX",L5. Bò Xào đậu Hu,Beef stir-fried with tofu.,21.5,Huynh Restaurant,Vietnamese Restaurant,29.7516624,-95.3556435
"Houston, TX",House Rice,,3.0,Huynh Restaurant,Vietnamese Restaurant,29.7516624,-95.3556435
"Houston, TX",White Rice,,2.0,Huynh Restaurant,Vietnamese Restaurant,29.7516624,-95.3556435
"Houston, TX",Shrimp,Add shrimp to any entre,5.0,Huynh Restaurant,Vietnamese Restaurant,29.7516624,-95.3556435
"Houston, TX",Vegetables,Vegetables added to a dish,2.0,Huynh Restaurant,Vietnamese Restaurant,29.7516624,-95.3556435
"Houston, TX",S2. Sinh Tó Bo,Avocado.    Seasonal.,6.5,Huynh Restaurant,Vietnamese Restaurant,29.7516624,-95.3556435
"Houston, TX",B3. Nước Ngọt,Soft drinks.,2.25,Huynh Restaurant,Vietnamese Restaurant,29.7516624,-95.3556435
"Houston, TX",B1. Tra Da,Iced tea.,2.5,Huynh Restaurant,Vietnamese Restaurant,29.7516624,-95.3556435
"Houston, TX",Wagyu Sandwich,"Wagyu beef, gruyere cheese, Katz coffee caramelized onions, jalapeno aioli, crispy onions, served on french roll",19.75,Local Foods,"Sandwiches, Gluten-Free, American (Traditional)",29.7836433,-95.3984864
"Houston, TX",Wagyu Beef Salad,"mixed greens, Katz coffee caramelized onions, gruyere cheese, crispy onions, balsamic vinaigrette",19.75,Local Foods,"Sandwiches, Gluten-Free, American (Traditional)",29.7836433,-95.3984864
"Houston, TX",Beef Stroganoff,"Wagyu Beef, Parmesan,Flying Saucer Cream Sauce, Butternut Squash, Truffle Oil, Pappardelle. Served with Garlic Bread",25.5,Local Foods,"Sandwiches, Gluten-Free, American (Traditional)",29.7836433,-95.3984864
"Houston, TX",Texas Beef Sandwich,"Wagyu beef, gruyere cheese, Katz coffee caramelized onions, jalapeno aioli, crispy onions, served on french roll",19.75,Local Foods,"Sandwiches, Gluten-Free, American (Traditional)",29.7836433,-95.3984864
"Houston, TX",Texas Beef Salad,"mixed greens, Katz coffee caramelized onions, gruyere cheese, crispy onions, balsamic vinaigrette",19.75,Local Foods,"Sandwiches, Gluten-Free, American (Traditional)",29.7836433,-95.3984864
"Houston, TX",KING TUCK,"House-ground beef patty, pepper jack cheese , crispy bacon, jalapeño poppers, fresh jalapeño slices, Fresno aioli, all on a brioche bun",12.99,Rodeo Goat,"Pickup, Burgers, Takeout",29.7500755,-95.3558479
"Houston, TX",Baby Brownie á la Mode,Quarter size version of Sara's Brownie.,2.5,Barnaby's Cafe,"American (New), Breakfast & Brunch, Salad",29.753638,-95.387163
"Houston, TX",Esquites (After 11AM),"mexican street corn with red onion, queso fresco, cilantro and baconAvailable every day after 11am",5.2,Tacodeli,"Vegetarian, Tacos, Lunch, Breakfast, Mexican",29.7681995,-95.3774617
"Houston, TX",Baklava-Havuc Dilimi  ,"Sweet and buttery pastry with pistachios. Imported fresh from Gaziantep, the Turkish baklava capital!!",7.0,Istanbul Grill,"Turkish, Middle Eastern, Mediterranean, Bar and Grill",29.7155837,-95.4146036
"Houston, TX",Baklava-Special,"Sweet and buttery pastry with pistachios. Imported fresh from Gaziantep, the Turkish baklava capital!!",3.5,Istanbul Grill,"Turkish, Middle Eastern, Mediterranean, Bar and Grill",29.7155837,-95.4146036
"Houston, TX",Mac & Cheese Balls ,3 delicious hand-breaded mac & cheese balls.,8.49,Twisted Grilled Cheese,Twisted Grilled Cheese,29.7703302,-95.4179692
"Houston, TX",Vietnamese Egg Roll,,11.95,Kim Son Restaurant,"Chinese, Asian, Buffets, Dim Sum, Vietnamese, Pickup, Takeout",29.7458523,-95.3602462
"Houston, TX",Shrimp & Pork Spring Rolls,,10.5,Kim Son Restaurant,"Chinese, Asian, Buffets, Dim Sum, Vietnamese, Pickup, Takeout",29.7458523,-95.3602462
"Houston, TX",Veggie Egg Roll,,11.95,Kim Son Restaurant,"Chinese, Asian, Buffets, Dim Sum, Vietnamese, Pickup, Takeout",29.7458523,-95.3602462
"Houston, TX",Veggie Spring Roll,,10.5,Kim Son Restaurant,"Chinese, Asian, Buffets, Dim Sum, Vietnamese, Pickup, Takeout",29.7458523,-95.3602462
"Houston, TX",Crab Rangoons,,10.25,Kim Son Restaurant,"Chinese, Asian, Buffets, Dim Sum, Vietnamese, Pickup, Takeout",29.7458523,-95.3602462
"Houston, TX",Kim Son Sampler,,15.75,Kim Son Restaurant,"Chinese, Asian, Buffets, Dim Sum, Vietnamese, Pickup, Takeout",29.7458523,-95.3602462
"Houston, TX",Lunch Ginger Salad,,6.25,Kim Son Restaurant,"Chinese, Asian, Buffets, Dim Sum, Vietnamese, Pickup, Takeout",29.7458523,-95.3602462
"Houston, TX",Lunch Chicken Pho,,11.95,Kim Son Restaurant,"Chinese, Asian, Buffets, Dim Sum, Vietnamese, Pickup, Takeout",29.7458523,-95.3602462
"Houston, TX",Lunch Eye Round Pho,,11.95,Kim Son Restaurant,"Chinese, Asian, Buffets, Dim Sum, Vietnamese, Pickup, Takeout",29.7458523,-95.3602462
"Houston, TX",Lunch Grilled Chicken Salad,,13.95,Kim Son Restaurant,"Chinese, Asian, Buffets, Dim Sum, Vietnamese, Pickup, Takeout",29.7458523,-95.3602462
"Houston, TX",Lunch Grilled Beef Salad,,14.95,Kim Son Restaurant,"Chinese, Asian, Buffets, Dim Sum, Vietnamese, Pickup, Takeout",29.7458523,-95.3602462
"Houston, TX",1/2 Shrimp & Pork Spring Roll,,5.5,Kim Son Restaurant,"Chinese, Asian, Buffets, Dim Sum, Vietnamese, Pickup, Takeout",29.7458523,-95.3602462
"Houston, TX",Grilled Shrimp Salad,,15.95,Kim Son Restaurant,"Chinese, Asian, Buffets, Dim Sum, Vietnamese, Pickup, Takeout",29.7458523,-95.3602462
"Houston, TX",Lunch Saigon Egg Noodle Soup,,13.25,Kim Son Restaurant,"Chinese, Asian, Buffets, Dim Sum, Vietnamese, Pickup, Takeout",29.7458523,-95.3602462
"Houston, TX",Lunch General Tso's Chicken,,11.95,Kim Son Restaurant,"Chinese, Asian, Buffets, Dim Sum, Vietnamese, Pickup, Takeout",29.7458523,-95.3602462
"Houston, TX",Lunch Orange Chicken,,11.95,Kim Son Restaurant,"Chinese, Asian, Buffets, Dim Sum, Vietnamese, Pickup, Takeout",29.7458523,-95.3602462
"Houston, TX",Lunch Sesame Chicken,,11.95,Kim Son Restaurant,"Chinese, Asian, Buffets, Dim Sum, Vietnamese, Pickup, Takeout",29.7458523,-95.3602462
"Houston, TX",Lunch Sweet & Sour Chicken,,11.95,Kim Son Restaurant,"Chinese, Asian, Buffets, Dim Sum, Vietnamese, Pickup, Takeout",29.7458523,-95.3602462
"Houston, TX",Lunch Curry Chicken,,11.95,Kim Son Restaurant,"Chinese, Asian, Buffets, Dim Sum, Vietnamese, Pickup, Takeout",29.7458523,-95.3602462
"Houston, TX",Lunch Chicken Broccoli,,11.95,Kim Son Restaurant,"Chinese, Asian, Buffets, Dim Sum, Vietnamese, Pickup, Takeout",29.7458523,-95.3602462
"Houston, TX",Lunch Chicken Lo-Mein,,12.95,Kim Son Restaurant,"Chinese, Asian, Buffets, Dim Sum, Vietnamese, Pickup, Takeout",29.7458523,-95.3602462
"Houston, TX",Lunch Hunan Chicken,,11.95,Kim Son Restaurant,"Chinese, Asian, Buffets, Dim Sum, Vietnamese, Pickup, Takeout",29.7458523,-95.3602462
"Houston, TX",Lunch Kung Pao Chicken,,11.95,Kim Son Restaurant,"Chinese, Asian, Buffets, Dim Sum, Vietnamese, Pickup, Takeout",29.7458523,-95.3602462
"Houston, TX",Lunch Pepper Chicken,,11.95,Kim Son Restaurant,"Chinese, Asian, Buffets, Dim Sum, Vietnamese, Pickup, Takeout",29.7458523,-95.3602462
"Houston, TX",Lunch Moo Goo Gai Pan,,11.95,Kim Son Restaurant,"Chinese, Asian, Buffets, Dim Sum, Vietnamese, Pickup, Takeout",29.7458523,-95.3602462
"Houston, TX",Lunch Pork Lomein,,12.95,Kim Son Restaurant,"Chinese, Asian, Buffets, Dim Sum, Vietnamese, Pickup, Takeout",29.7458523,-95.3602462
"Houston, TX",Lunch Beef Broccoli,,12.95,Kim Son Restaurant,"Chinese, Asian, Buffets, Dim Sum, Vietnamese, Pickup, Takeout",29.7458523,-95.3602462
"Houston, TX",Lunch Pepper Steak,,12.95,Kim Son Restaurant,"Chinese, Asian, Buffets, Dim Sum, Vietnamese, Pickup, Takeout",29.7458523,-95.3602462
"Houston, TX",Lunch Beef & Straw Mushrooms,,12.95,Kim Son Restaurant,"Chinese, Asian, Buffets, Dim Sum, Vietnamese, Pickup, Takeout",29.7458523,-95.3602462
"Houston, TX",Lunch Hunan Beef,,12.95,Kim Son Restaurant,"Chinese, Asian, Buffets, Dim Sum, Vietnamese, Pickup, Takeout",29.7458523,-95.3602462
"Houston, TX",Lunch Beef & Snow Pea,,12.95,Kim Son Restaurant,"Chinese, Asian, Buffets, Dim Sum, Vietnamese, Pickup, Takeout",29.7458523,-95.3602462
"Houston, TX",Lunch Beef & Vegetables,,12.95,Kim Son Restaurant,"Chinese, Asian, Buffets, Dim Sum, Vietnamese, Pickup, Takeout",29.7458523,-95.3602462
"Houston, TX",Lunch Beef Lomein,,14.5,Kim Son Restaurant,"Chinese, Asian, Buffets, Dim Sum, Vietnamese, Pickup, Takeout",29.7458523,-95.3602462
"Houston, TX",Lunch General Tso's Shrimp,,13.95,Kim Son Restaurant,"Chinese, Asian, Buffets, Dim Sum, Vietnamese, Pickup, Takeout",29.7458523,-95.3602462
"Houston, TX",Lunch Shrimp & Lobster Sauce,,13.95,Kim Son Restaurant,"Chinese, Asian, Buffets, Dim Sum, Vietnamese, Pickup, Takeout",29.7458523,-95.3602462
"Houston, TX",Lunch Shrimp & Vegetables,,13.95,Kim Son Restaurant,"Chinese, Asian, Buffets, Dim Sum, Vietnamese, Pickup, Takeout",29.7458523,-95.3602462
"Houston, TX",Lunch Kung Pao Shrimp,,13.95,Kim Son Restaurant,"Chinese, Asian, Buffets, Dim Sum, Vietnamese, Pickup, Takeout",29.7458523,-95.3602462
"Houston, TX",Lunch Sesame Shrimp,,13.95,Kim Son Restaurant,"Chinese, Asian, Buffets, Dim Sum, Vietnamese, Pickup, Takeout",29.7458523,-95.3602462
"Houston, TX",Lunch Shrimp & Snow Pea,,13.95,Kim Son Restaurant,"Chinese, Asian, Buffets, Dim Sum, Vietnamese, Pickup, Takeout",29.7458523,-95.3602462
"Houston, TX",Lunch Shrimp Lo-Mein,,14.5,Kim Son Restaurant,"Chinese, Asian, Buffets, Dim Sum, Vietnamese, Pickup, Takeout",29.7458523,-95.3602462
"Houston, TX",Lunch Hunan Shrimp,,13.95,Kim Son Restaurant,"Chinese, Asian, Buffets, Dim Sum, Vietnamese, Pickup, Takeout",29.7458523,-95.3602462
"Houston, TX",Lunch Mama La's Deluxe Combo,,17.95,Kim Son Restaurant,"Chinese, Asian, Buffets, Dim Sum, Vietnamese, Pickup, Takeout",29.7458523,-95.3602462
"Houston, TX",Lunch Grill Chicken & Shrimp Combo,,13.95,Kim Son Restaurant,"Chinese, Asian, Buffets, Dim Sum, Vietnamese, Pickup, Takeout",29.7458523,-95.3602462
"Houston, TX",Lunch Grill Chicken & Beef Combo,,12.95,Kim Son Restaurant,"Chinese, Asian, Buffets, Dim Sum, Vietnamese, Pickup, Takeout",29.7458523,-95.3602462
"Houston, TX",Lunch Grilled Shrimp & Beef Combo,,14.5,Kim Son Restaurant,"Chinese, Asian, Buffets, Dim Sum, Vietnamese, Pickup, Takeout",29.7458523,-95.3602462
"Houston, TX",Lunch Killer Combo,,17.95,Kim Son Restaurant,"Chinese, Asian, Buffets, Dim Sum, Vietnamese, Pickup, Takeout",29.7458523,-95.3602462
"Houston, TX",Lunch Grill Lemongrass Chicken Vermicelli,,11.95,Kim Son Restaurant,"Chinese, Asian, Buffets, Dim Sum, Vietnamese, Pickup, Takeout",29.7458523,-95.3602462
"Houston, TX",Lunch Grill Honey Glazed Pork Vermicelli,,10.75,Kim Son Restaurant,"Chinese, Asian, Buffets, Dim Sum, Vietnamese, Pickup, Takeout",29.7458523,-95.3602462
"Houston, TX",Lunch Pad Thai Noodles,,13.95,Kim Son Restaurant,"Chinese, Asian, Buffets, Dim Sum, Vietnamese, Pickup, Takeout",29.7458523,-95.3602462
"Houston, TX",Lunch Singapore Noodle,,14.95,Kim Son Restaurant,"Chinese, Asian, Buffets, Dim Sum, Vietnamese, Pickup, Takeout",29.7458523,-95.3602462
"Houston, TX",Lunch Hong Kong Noodle,,17.5,Kim Son Restaurant,"Chinese, Asian, Buffets, Dim Sum, Vietnamese, Pickup, Takeout",29.7458523,-95.3602462
"Houston, TX",Lunch Veggie Lomein,,12.95,Kim Son Restaurant,"Chinese, Asian, Buffets, Dim Sum, Vietnamese, Pickup, Takeout",29.7458523,-95.3602462
"Houston, TX",Lunch Deluxe Tofu,,11.95,Kim Son Restaurant,"Chinese, Asian, Buffets, Dim Sum, Vietnamese, Pickup, Takeout",29.7458523,-95.3602462
"Houston, TX",Lunch General Tso Tofu,,11.95,Kim Son Restaurant,"Chinese, Asian, Buffets, Dim Sum, Vietnamese, Pickup, Takeout",29.7458523,-95.3602462
"Houston, TX",Lunch Hunan Veggies,,11.95,Kim Son Restaurant,"Chinese, Asian, Buffets, Dim Sum, Vietnamese, Pickup, Takeout",29.7458523,-95.3602462
"Houston, TX",Daily Soup,,7.2,Flower Child,"Pickup, Takeout, American (New), Gluten-Free, Vegetarian, Healthy",29.7988843,-95.4103956
"Houston, TX",Butternut Squash Risotto,"Cauliflower Rice, Maple Coconut Cream, Toasted Bread Crumb(Vegan)",5.5,Flower Child,"Pickup, Takeout, American (New), Gluten-Free, Vegetarian, Healthy",29.7988843,-95.4103956
"Houston, TX",Large Butternut Squash Risotto,"Cauliflower Rice, Maple Coconut Cream, Toasted Bread Crumb(Vegan)",14.35,Flower Child,"Pickup, Takeout, American (New), Gluten-Free, Vegetarian, Healthy",29.7988843,-95.4103956
"Houston, TX",Butternut Squash “Risotto”,"Cauliflower Rice, Maple Coconut Cream, Toasted Bread Crumb(Vegan)",5.5,Flower Child,"Pickup, Takeout, American (New), Gluten-Free, Vegetarian, Healthy",29.7988843,-95.4103956
"Houston, TX",Large Butternut Squash “Risotto”,"Cauliflower Rice, Maple Coconut Cream, Toasted Bread Crumb(Vegan)",14.35,Flower Child,"Pickup, Takeout, American (New), Gluten-Free, Vegetarian, Healthy",29.7988843,-95.4103956
"Houston, TX",Oeuf de Monde (Society Egg),"Gluten-free. Creamy truffled basil egg salad stuffed deviled eggs, bacon, and balsamic.",10.0,Urban Eats,"Cafe barista, fast-casual eatery, and gourmand market all in one.",29.7695664,-95.3947899
"Houston, TX",Pepper Chicken,"2 Marinated grilled chicken breasts, topped with grilled poblano pepper strips and melted cheddar cheese. ",18.95,Lupe Tortilla,Mexican Restaurant,29.7745943,-95.4098315
"Houston, TX",Shrimp Lupe,"6 Grilled jumbo gulf shrimp covered with tomatoes, onions, peppers and jack cheese. ",22.95,Lupe Tortilla,Mexican Restaurant,29.7745943,-95.4098315
"Houston, TX",Triple Chocolate & Brown Butter Cookie,,4.03,Common Bond Bistro & Bakery,"Lunch, Pastries, Breakfast, Cookies, Biscuits & Gravy, Sandwiches, Croissant, Cafes, Sweets, Latte",29.7429809,-95.40232
"Houston, TX",Chicken Teriyaki Bento Box,"Grilled chicken, sake marinade, teriyaki sauce and vegetable tempura (INCLUDES PICKLED VEGETABLES, 3 PIECE VEGETABLE ROLL, MISO SOUP, SALAD & STEAMED RICE)",16.0,The Fish,"Seafood, Nigiri, Sashimi, Salads",29.7521219,-95.3766822
"Houston, TX",Grilled Salmon Bento Box,"Fresh salmon, grilled to medium, with a black pepper glaze, and spicy brussel sprouts (INCLUDES PICKLED VEGETABLES, 3 PIECE VEGETABLE ROLL, MISO SOUP, SALAD & STEAMED RICE)",17.0,The Fish,"Seafood, Nigiri, Sashimi, Salads",29.7521219,-95.3766822
"Houston, TX",Shrimp Tempura Bento Box,"4 pieces of shrimp tempura, vegetable tempura, and warm tempura sauce (INCLUDES PICKLED VEGETABLES, 3 PIECE VEGETABLE ROLL, MISO SOUP, SALAD & STEAMED RICE)",15.0,The Fish,"Seafood, Nigiri, Sashimi, Salads",29.7521219,-95.3766822
"Houston, TX",Beef Teriyaki Bento Box,"Ribeye, teriyaki sauce, and vegetable tempura (INCLUDES PICKLED VEGETABLES, 3 PIECE VEGETABLE ROLL, MISO SOUP, SALAD & STEAMED RICE)",18.0,The Fish,"Seafood, Nigiri, Sashimi, Salads",29.7521219,-95.3766822
"Houston, TX",Curry Katsu Bento Box,"Choice of fried chicken or pork and vegetable tempura (INCLUDES PICKLED VEGETABLES, 3 PIECE VEGETABLE ROLL, MISO SOUP, SALAD & STEAMED RICE)",18.0,The Fish,"Seafood, Nigiri, Sashimi, Salads",29.7521219,-95.3766822
"Houston, TX",BBQ Short Rib Bento Box,"Short rib marinated in a homemade sauce and brussel sprout (INCLUDES PICKLED VEGETABLES, 3 PIECE VEGETABLE ROLL, MISO SOUP, SALAD & STEAMED RICE)",19.0,The Fish,"Seafood, Nigiri, Sashimi, Salads",29.7521219,-95.3766822
"Houston, TX",Miso Cod Bento Box,"48 hr marinated miso glazed cod and vegetable tempura (INCLUDES PICKLED VEGETABLES, 3 PIECE VEGETABLE ROLL, MISO SOUP, SALAD & STEAMED RICE)",19.0,The Fish,"Seafood, Nigiri, Sashimi, Salads",29.7521219,-95.3766822
"Houston, TX",Fire Cracker Chicken Bento Box,"3 crispy chicken strips sautéed with mushrooms, bell peppers, garlic, with a spicy Japanese sauce, and vegetable tempura (INCLUDES PICKLED VEGETABLES, 3 PIECE VEGETABLE ROLL, MISO SOUP, SALAD & STEAMED RICE)",17.0,The Fish,"Seafood, Nigiri, Sashimi, Salads",29.7521219,-95.3766822
"Houston, TX",2 Specialty Roll Combo,,32.0,The Fish,"Seafood, Nigiri, Sashimi, Salads",29.7521219,-95.3766822
"Houston, TX",3 Roll Combo,,24.0,The Fish,"Seafood, Nigiri, Sashimi, Salads",29.7521219,-95.3766822
"Houston, TX",Daily Special Roll Bento,,24.0,The Fish,"Seafood, Nigiri, Sashimi, Salads",29.7521219,-95.3766822
"Houston, TX",House Salad and Any Roll Combo,,21.0,The Fish,"Seafood, Nigiri, Sashimi, Salads",29.7521219,-95.3766822
"Houston, TX",Sashimi Combo,,24.0,The Fish,"Seafood, Nigiri, Sashimi, Salads",29.7521219,-95.3766822
"Houston, TX",Sushi and California Roll,,18.0,The Fish,"Seafood, Nigiri, Sashimi, Salads",29.7521219,-95.3766822
"Houston, TX","Sushi, Sashimi and Daily Special Roll",,38.0,The Fish,"Seafood, Nigiri, Sashimi, Salads",29.7521219,-95.3766822
"Houston, TX",Side Of Chik'n Fried Shrooms,,8.0,Mo' Better Brews,"Vegan, Wine, Beer, Waffles, Pancakes, Sandwiches, Pizza",29.7275659,-95.385387
"Houston, TX",Scrambled Eggs,(gf/sf),6.0,Mo' Better Brews,"Vegan, Wine, Beer, Waffles, Pancakes, Sandwiches, Pizza",29.7275659,-95.385387
"Houston, TX",Regular Fries,,6.0,Mo' Better Brews,"Vegan, Wine, Beer, Waffles, Pancakes, Sandwiches, Pizza",29.7275659,-95.385387
"Houston, TX",Grits,(gf),6.0,Mo' Better Brews,"Vegan, Wine, Beer, Waffles, Pancakes, Sandwiches, Pizza",29.7275659,-95.385387
"Houston, TX",Truffle Hash,(gf/sf),6.0,Mo' Better Brews,"Vegan, Wine, Beer, Waffles, Pancakes, Sandwiches, Pizza",29.7275659,-95.385387
"Houston, TX",Breakfast Sausage (2),(gf/sf),3.0,Mo' Better Brews,"Vegan, Wine, Beer, Waffles, Pancakes, Sandwiches, Pizza",29.7275659,-95.385387
"Houston, TX",Single Donut,,3.0,Mo' Better Brews,"Vegan, Wine, Beer, Waffles, Pancakes, Sandwiches, Pizza",29.7275659,-95.385387
"Houston, TX",Tofu Scramble,(gf),5.0,Mo' Better Brews,"Vegan, Wine, Beer, Waffles, Pancakes, Sandwiches, Pizza",29.7275659,-95.385387
"Houston, TX",Fruit Bowl,(gf/sf),5.0,Mo' Better Brews,"Vegan, Wine, Beer, Waffles, Pancakes, Sandwiches, Pizza",29.7275659,-95.385387
"Houston, TX",Toast,(sf),2.0,Mo' Better Brews,"Vegan, Wine, Beer, Waffles, Pancakes, Sandwiches, Pizza",29.7275659,-95.385387
"Houston, TX",Side of Avocado,,3.0,Mo' Better Brews,"Vegan, Wine, Beer, Waffles, Pancakes, Sandwiches, Pizza",29.7275659,-95.385387
"Houston, TX",Side of Kale,,2.0,Mo' Better Brews,"Vegan, Wine, Beer, Waffles, Pancakes, Sandwiches, Pizza",29.7275659,-95.385387
"Houston, TX",Side of Sweet Potatoes,,2.0,Mo' Better Brews,"Vegan, Wine, Beer, Waffles, Pancakes, Sandwiches, Pizza",29.7275659,-95.385387
"Houston, TX",Side of Ranch,,0.5,Mo' Better Brews,"Vegan, Wine, Beer, Waffles, Pancakes, Sandwiches, Pizza",29.7275659,-95.385387
"Houston, TX",Side of Black Beans,,2.0,Mo' Better Brews,"Vegan, Wine, Beer, Waffles, Pancakes, Sandwiches, Pizza",29.7275659,-95.385387
"Houston, TX",Side Of Trill Sauce,,0.5,Mo' Better Brews,"Vegan, Wine, Beer, Waffles, Pancakes, Sandwiches, Pizza",29.7275659,-95.385387
"Houston, TX",Side of Hoisin Sauce,,0.5,Mo' Better Brews,"Vegan, Wine, Beer, Waffles, Pancakes, Sandwiches, Pizza",29.7275659,-95.385387
"Houston, TX",Side of Quinoa,,2.0,Mo' Better Brews,"Vegan, Wine, Beer, Waffles, Pancakes, Sandwiches, Pizza",29.7275659,-95.385387
"Houston, TX",Side Of Tortilla Chips,,3.0,Mo' Better Brews,"Vegan, Wine, Beer, Waffles, Pancakes, Sandwiches, Pizza",29.7275659,-95.385387
"Houston, TX",Side of Swamp Sauce,,3.0,Mo' Better Brews,"Vegan, Wine, Beer, Waffles, Pancakes, Sandwiches, Pizza",29.7275659,-95.385387
"Houston, TX",Breakfast Tacos (3),"Three of the same: Hot Honey 'Shrooms, Sausage & Egg, or Truffle Hash.",12.0,Mo' Better Brews,"Vegan, Wine, Beer, Waffles, Pancakes, Sandwiches, Pizza",29.7275659,-95.385387
"Houston, TX",Chik'n Fried 'Shrooms & Grits,Crispy and perfectly seasoned Oyster Mushrooms over a bed of smooth cooked-just-right grits.,16.0,Mo' Better Brews,"Vegan, Wine, Beer, Waffles, Pancakes, Sandwiches, Pizza",29.7275659,-95.385387
"Houston, TX",Breakfast Quesadilla,"This Quesadilla is a gem! Filled with our delicious truffle hash, vegan eggs, vegan cheese & perfectly sauteed spinach. Topped with a drizzle of vegan sour cream & our famous Trill Sauce along with a sprinkle of fresh green onions.",13.0,Mo' Better Brews,"Vegan, Wine, Beer, Waffles, Pancakes, Sandwiches, Pizza",29.7275659,-95.385387
"Houston, TX",'Shrooms & Grits Flight,"Perfect for when you can't decide and great for sharing! Get creamy grits with 'Shrooms drizzled with Trill, Hot Honey and Swamp Sauce.",18.0,Mo' Better Brews,"Vegan, Wine, Beer, Waffles, Pancakes, Sandwiches, Pizza",29.7275659,-95.385387
"Houston, TX",Mo' Better Breakfast Combo,"Our take on everything from the kitchen. Fill up on grits, truffle hash or tofu scramble, breakfast sausage, & sourdough toast.",16.0,Mo' Better Brews,"Vegan, Wine, Beer, Waffles, Pancakes, Sandwiches, Pizza",29.7275659,-95.385387
"Houston, TX",Hot Honey 'Shrooms & Grits,"Crispy and perfectly seasoned Oyster Mushrooms, drizzled with Hot Honey Sauce (spiced agave) over a bed of smooth cooked-just-right grits.",17.0,Mo' Better Brews,"Vegan, Wine, Beer, Waffles, Pancakes, Sandwiches, Pizza",29.7275659,-95.385387
"Houston, TX",Single Taco,,4.0,Mo' Better Brews,"Vegan, Wine, Beer, Waffles, Pancakes, Sandwiches, Pizza",29.7275659,-95.385387
"Houston, TX",KIDS Chikn' Fried 'Shrooms,with fries or fresh fruit (sf),8.0,Mo' Better Brews,"Vegan, Wine, Beer, Waffles, Pancakes, Sandwiches, Pizza",29.7275659,-95.385387
"Houston, TX",Cheese Pizza,(sf),8.0,Mo' Better Brews,"Vegan, Wine, Beer, Waffles, Pancakes, Sandwiches, Pizza",29.7275659,-95.385387
"Houston, TX",Cauli Wings,"Fresh Cauli Wings lightly breaded , fried and tossed in one of our homemade signature Houston Sauce Co. sauces!!!!",10.0,Mo' Better Brews,"Vegan, Wine, Beer, Waffles, Pancakes, Sandwiches, Pizza",29.7275659,-95.385387
"Houston, TX",Buffalo Chik'n Dip,"Shredded chik'n, cream cheeze & buffalo sauce (gf)",11.0,Mo' Better Brews,"Vegan, Wine, Beer, Waffles, Pancakes, Sandwiches, Pizza",29.7275659,-95.385387
"Houston, TX",Bowl of Gumbo,,16.0,Mo' Better Brews,"Vegan, Wine, Beer, Waffles, Pancakes, Sandwiches, Pizza",29.7275659,-95.385387
"Houston, TX",Truffle Fries,(gf/sf),13.0,Mo' Better Brews,"Vegan, Wine, Beer, Waffles, Pancakes, Sandwiches, Pizza",29.7275659,-95.385387
"Houston, TX",Boudain Balls,"Crispy outside, seasoned boudain rice filling topped with a Mo' Better drizzle of our homemade Trill sauce. Great for sharing with your friends!",12.0,Mo' Better Brews,"Vegan, Wine, Beer, Waffles, Pancakes, Sandwiches, Pizza",29.7275659,-95.385387
"Houston, TX",Naked Fried Brussels,Fresh and crispy tossed in a fig demi glace sauce. (gf/sf),9.0,Mo' Better Brews,"Vegan, Wine, Beer, Waffles, Pancakes, Sandwiches, Pizza",29.7275659,-95.385387
"Houston, TX",Spinach Artichoke Dip,,11.0,Mo' Better Brews,"Vegan, Wine, Beer, Waffles, Pancakes, Sandwiches, Pizza",29.7275659,-95.385387
"Houston, TX",Almond Butter Croissant,"Dusted with powdered sugar, drizzled with chocolate (sf)",9.0,Mo' Better Brews,"Vegan, Wine, Beer, Waffles, Pancakes, Sandwiches, Pizza",29.7275659,-95.385387
"Houston, TX",Acai Bowl,"acai, banana, blueberry & almond milk (gf/sf)",11.0,Mo' Better Brews,"Vegan, Wine, Beer, Waffles, Pancakes, Sandwiches, Pizza",29.7275659,-95.385387
"Houston, TX",Cup of Gumbo,,9.0,Mo' Better Brews,"Vegan, Wine, Beer, Waffles, Pancakes, Sandwiches, Pizza",29.7275659,-95.385387
"Houston, TX",Single Taco,,4.0,Mo' Better Brews,"Vegan, Wine, Beer, Waffles, Pancakes, Sandwiches, Pizza",29.7275659,-95.385387
"Houston, TX",Cup of Lump Crab Gumbo,,12.0,Mo' Better Brews,"Vegan, Wine, Beer, Waffles, Pancakes, Sandwiches, Pizza",29.7275659,-95.385387
"Houston, TX",Mo' Better Berry Smoothie,(gf/sf),8.0,Mo' Better Brews,"Vegan, Wine, Beer, Waffles, Pancakes, Sandwiches, Pizza",29.7275659,-95.385387
"Houston, TX",Bowl Lump Crab Gumbo,,20.0,Mo' Better Brews,"Vegan, Wine, Beer, Waffles, Pancakes, Sandwiches, Pizza",29.7275659,-95.385387
"Houston, TX",Kale Salad,,12.0,Mo' Better Brews,"Vegan, Wine, Beer, Waffles, Pancakes, Sandwiches, Pizza",29.7275659,-95.385387
"Houston, TX",Chik'n Fried 'Shrooms & Waffles,,21.0,Mo' Better Brews,"Vegan, Wine, Beer, Waffles, Pancakes, Sandwiches, Pizza",29.7275659,-95.385387
"Houston, TX",Plain Waffle,,11.0,Mo' Better Brews,"Vegan, Wine, Beer, Waffles, Pancakes, Sandwiches, Pizza",29.7275659,-95.385387
"Houston, TX",Hot Honey 'Shrooms & Waffles,,21.0,Mo' Better Brews,"Vegan, Wine, Beer, Waffles, Pancakes, Sandwiches, Pizza",29.7275659,-95.385387
"Houston, TX",Peach Cobbler Waffle,,16.0,Mo' Better Brews,"Vegan, Wine, Beer, Waffles, Pancakes, Sandwiches, Pizza",29.7275659,-95.385387
"Houston, TX",Pecan Pie Waffle,,16.0,Mo' Better Brews,"Vegan, Wine, Beer, Waffles, Pancakes, Sandwiches, Pizza",29.7275659,-95.385387
"Houston, TX",Strawberry Cheezecake Waffle,,16.0,Mo' Better Brews,"Vegan, Wine, Beer, Waffles, Pancakes, Sandwiches, Pizza",29.7275659,-95.385387
"Houston, TX",Black & Bluesy Burger,"Topped with smoked black pepper aioli, caramelized onions, swiss, blu cheeze crumbles, crispy onion straws, ranch, and buffalo sauce.",22.0,Mo' Better Brews,"Vegan, Wine, Beer, Waffles, Pancakes, Sandwiches, Pizza",29.7275659,-95.385387
"Houston, TX",Blackened Chik'n Alfredo Pasta,,18.0,Mo' Better Brews,"Vegan, Wine, Beer, Waffles, Pancakes, Sandwiches, Pizza",29.7275659,-95.385387
"Houston, TX",Herb Crusted Chik'n Pesto Fettuccini,,16.0,Mo' Better Brews,"Vegan, Wine, Beer, Waffles, Pancakes, Sandwiches, Pizza",29.7275659,-95.385387
"Houston, TX",Truffle Butter Burger,"Topped with truffle butter cream, and gold flakes.",25.0,Mo' Better Brews,"Vegan, Wine, Beer, Waffles, Pancakes, Sandwiches, Pizza",29.7275659,-95.385387
"Houston, TX",Cajun Croissant,"A delightfully flaky croissant stuffed with our homemade boudin rice & topped with our famous mushroom cream gravy called \Swamp Sauce\"". This one is a soul food treat!""",17.0,Mo' Better Brews,"Vegan, Wine, Beer, Waffles, Pancakes, Sandwiches, Pizza",29.7275659,-95.385387
"Houston, TX",Creamy Pesto Fettuccini,,14.0,Mo' Better Brews,"Vegan, Wine, Beer, Waffles, Pancakes, Sandwiches, Pizza",29.7275659,-95.385387
"Houston, TX",Bowl of Lump Crab Gumbo,,20.0,Mo' Better Brews,"Vegan, Wine, Beer, Waffles, Pancakes, Sandwiches, Pizza",29.7275659,-95.385387
"Houston, TX",Plain Waffle,,11.0,Mo' Better Brews,"Vegan, Wine, Beer, Waffles, Pancakes, Sandwiches, Pizza",29.7275659,-95.385387
"Houston, TX",Cup of Lump Crab Gumbo,,12.0,Mo' Better Brews,"Vegan, Wine, Beer, Waffles, Pancakes, Sandwiches, Pizza",29.7275659,-95.385387
"Houston, TX",Bowl of Gumbo,,16.0,Mo' Better Brews,"Vegan, Wine, Beer, Waffles, Pancakes, Sandwiches, Pizza",29.7275659,-95.385387
"Houston, TX",Viet-Nacho,"Wonton chips topped with cheeze, hoisin sauce, Sriracha, cilantro and crushed peanuts.",20.0,Mo' Better Brews,"Vegan, Wine, Beer, Waffles, Pancakes, Sandwiches, Pizza",29.7275659,-95.385387
"Houston, TX",Kids Cheezeburger,,8.0,Mo' Better Brews,"Vegan, Wine, Beer, Waffles, Pancakes, Sandwiches, Pizza",29.7275659,-95.385387
"Houston, TX",Grilled Cheeze Sandwich,,8.0,Mo' Better Brews,"Vegan, Wine, Beer, Waffles, Pancakes, Sandwiches, Pizza",29.7275659,-95.385387
"Houston, TX",Kids Pasta,,8.0,Mo' Better Brews,"Vegan, Wine, Beer, Waffles, Pancakes, Sandwiches, Pizza",29.7275659,-95.385387
"Houston, TX",Kids Cheeze Pizza,,8.0,Mo' Better Brews,"Vegan, Wine, Beer, Waffles, Pancakes, Sandwiches, Pizza",29.7275659,-95.385387
"Houston, TX",Spinach Artichoke Dip,,11.0,Mo' Better Brews,"Vegan, Wine, Beer, Waffles, Pancakes, Sandwiches, Pizza",29.7275659,-95.385387
"Houston, TX",Naked Fried Brussels,Fresh and crispy tossed in a fig demi glace sauce. (gf/sf),9.0,Mo' Better Brews,"Vegan, Wine, Beer, Waffles, Pancakes, Sandwiches, Pizza",29.7275659,-95.385387
"Houston, TX",Buffalo Chik'n Dip,"Shredded chik'n, cream cheeze & buffalo sauce (gf)",11.0,Mo' Better Brews,"Vegan, Wine, Beer, Waffles, Pancakes, Sandwiches, Pizza",29.7275659,-95.385387
"Houston, TX",Smokey Rob Flatbread,"pesto sauce, smoked oyster shrooms & truffle oil (sf)",17.0,Mo' Better Brews,"Vegan, Wine, Beer, Waffles, Pancakes, Sandwiches, Pizza",29.7275659,-95.385387
"Houston, TX",Truffle Fries,(gf/sf),13.0,Mo' Better Brews,"Vegan, Wine, Beer, Waffles, Pancakes, Sandwiches, Pizza",29.7275659,-95.385387
"Houston, TX",The Boss Flatbread,"white sauce, cauliflower tossed in buffalo sauce, drizzled with ranch",15.0,Mo' Better Brews,"Vegan, Wine, Beer, Waffles, Pancakes, Sandwiches, Pizza",29.7275659,-95.385387
"Houston, TX",Fela Feta Flatbread,"caramelized onion, fig demi glace & feta cheeze (sf)",16.0,Mo' Better Brews,"Vegan, Wine, Beer, Waffles, Pancakes, Sandwiches, Pizza",29.7275659,-95.385387
"Houston, TX",Cauli Wings,"Fresh Cauli Wings lightly breaded , fried and tossed in one of our homemade signature Houston Sauce Co. sauces!!!!",10.0,Mo' Better Brews,"Vegan, Wine, Beer, Waffles, Pancakes, Sandwiches, Pizza",29.7275659,-95.385387
"Houston, TX",Boudain Balls,"Crispy outside, seasoned boudain rice filling topped with a Mo' Better drizzle of our homemade Trill sauce. Great for sharing with your friends!",12.0,Mo' Better Brews,"Vegan, Wine, Beer, Waffles, Pancakes, Sandwiches, Pizza",29.7275659,-95.385387
"Houston, TX",Crunchy Boudain Sushi Roll,Crunchy Boudain Sushi Roll Drizzled with Unagi & our famous Trill Sauce. Perfect for sharing or for a meal!,15.0,Mo' Better Brews,"Vegan, Wine, Beer, Waffles, Pancakes, Sandwiches, Pizza",29.7275659,-95.385387
"Houston, TX",Fela Feta Flatbread,"caramelized onion, fig demi glace & feta cheeze (sf)",16.0,Mo' Better Brews,"Vegan, Wine, Beer, Waffles, Pancakes, Sandwiches, Pizza",29.7275659,-95.385387
"Houston, TX",Regular Fries,,6.0,Mo' Better Brews,"Vegan, Wine, Beer, Waffles, Pancakes, Sandwiches, Pizza",29.7275659,-95.385387
"Houston, TX",Naked Fried Brussels,Fresh and crispy tossed in a fig demi glace sauce. (gf/sf),9.0,Mo' Better Brews,"Vegan, Wine, Beer, Waffles, Pancakes, Sandwiches, Pizza",29.7275659,-95.385387
"Houston, TX",Truffle Fries,(gf/sf),13.0,Mo' Better Brews,"Vegan, Wine, Beer, Waffles, Pancakes, Sandwiches, Pizza",29.7275659,-95.385387
"Houston, TX",Smokey Rob Flatbread,"pesto sauce, smoked oyster shrooms & truffle oil (sf)",17.0,Mo' Better Brews,"Vegan, Wine, Beer, Waffles, Pancakes, Sandwiches, Pizza",29.7275659,-95.385387
"Houston, TX",The Boss Flatbread,"white sauce, cauliflower tossed in buffalo sauce, drizzled with ranch",15.0,Mo' Better Brews,"Vegan, Wine, Beer, Waffles, Pancakes, Sandwiches, Pizza",29.7275659,-95.385387
"Houston, TX",Regular Fries,,6.0,Mo' Better Brews,"Vegan, Wine, Beer, Waffles, Pancakes, Sandwiches, Pizza",29.7275659,-95.385387
"Houston, TX",Boudain Rice,,6.0,Mo' Better Brews,"Vegan, Wine, Beer, Waffles, Pancakes, Sandwiches, Pizza",29.7275659,-95.385387
"Houston, TX",Side of Swamp Sauce,,3.0,Mo' Better Brews,"Vegan, Wine, Beer, Waffles, Pancakes, Sandwiches, Pizza",29.7275659,-95.385387
"Houston, TX",Side of Pecan Sauce,,3.0,Mo' Better Brews,"Vegan, Wine, Beer, Waffles, Pancakes, Sandwiches, Pizza",29.7275659,-95.385387
"Houston, TX",Side Of Grits,,3.0,Mo' Better Brews,"Vegan, Wine, Beer, Waffles, Pancakes, Sandwiches, Pizza",29.7275659,-95.385387
"Houston, TX",Side of Ranch,,0.5,Mo' Better Brews,"Vegan, Wine, Beer, Waffles, Pancakes, Sandwiches, Pizza",29.7275659,-95.385387
"Houston, TX",Side Of Trill Sauce,,0.5,Mo' Better Brews,"Vegan, Wine, Beer, Waffles, Pancakes, Sandwiches, Pizza",29.7275659,-95.385387
"Houston, TX",Side Of Hot Honey Sauce,,0.5,Mo' Better Brews,"Vegan, Wine, Beer, Waffles, Pancakes, Sandwiches, Pizza",29.7275659,-95.385387
"Houston, TX",Wedge Fries,,7.0,Mo' Better Brews,"Vegan, Wine, Beer, Waffles, Pancakes, Sandwiches, Pizza",29.7275659,-95.385387
"Houston, TX",Side Of Tortilla Chips,,3.0,Mo' Better Brews,"Vegan, Wine, Beer, Waffles, Pancakes, Sandwiches, Pizza",29.7275659,-95.385387
"Houston, TX",Side of Avocado,,3.0,Mo' Better Brews,"Vegan, Wine, Beer, Waffles, Pancakes, Sandwiches, Pizza",29.7275659,-95.385387
"Houston, TX",Side of Herb Crusted Chikn,,7.0,Mo' Better Brews,"Vegan, Wine, Beer, Waffles, Pancakes, Sandwiches, Pizza",29.7275659,-95.385387
"Houston, TX",Side of Creamy Pesto,,4.0,Mo' Better Brews,"Vegan, Wine, Beer, Waffles, Pancakes, Sandwiches, Pizza",29.7275659,-95.385387
"Houston, TX",Side of Hoisin Sauce,,0.5,Mo' Better Brews,"Vegan, Wine, Beer, Waffles, Pancakes, Sandwiches, Pizza",29.7275659,-95.385387
"Houston, TX",Mexican Coke,,3.35,Lone Star Taco,"Tex-Mex, Sandwich, Takeout, Pickup, Lunch, Breakfast, Mexican, Tacos",29.760042,-95.362112
"Houston, TX",Hummus,"Served with carrots, celery, cucumber and grilled pita.",5.0,Chatter's Cafe,"Cafes, Breakfast, American (New), Sandwich, Lunch, Catering",29.768141,-95.3975717
"Houston, TX",Fried Calamari,With house made marinara & spicy remoulade.,9.0,Chatter's Cafe,"Cafes, Breakfast, American (New), Sandwich, Lunch, Catering",29.768141,-95.3975717
"Houston, TX",Chatter Burger,1/2 lb. Angus beef with our own Chatter’s spread.,9.25,Chatter's Cafe,"Cafes, Breakfast, American (New), Sandwich, Lunch, Catering",29.768141,-95.3975717
"Houston, TX",California Burger,"Charbroiled chicken breast, avocado, provolone, bacon andmayo.",11.0,Chatter's Cafe,"Cafes, Breakfast, American (New), Sandwich, Lunch, Catering",29.768141,-95.3975717
"Houston, TX",Garden Veggie Burger,"A healthy blend of vegetables, grains and spices with provolone,avocado and roasted garlic aioli.",9.25,Chatter's Cafe,"Cafes, Breakfast, American (New), Sandwich, Lunch, Catering",29.768141,-95.3975717
"Houston, TX",Grilled Chicken Kabob,"Served with Mediterranean rice, seasonal vegetables and St. George sauce.",14.0,Chatter's Cafe,"Cafes, Breakfast, American (New), Sandwich, Lunch, Catering",29.768141,-95.3975717
"Houston, TX",Gyros Plate,"Slices of slow-roasted blend of seasoned lamb & beef, Greciansauce, sliced tomatoes and red onion served with fresh cut friesand grilled pita.",13.0,Chatter's Cafe,"Cafes, Breakfast, American (New), Sandwich, Lunch, Catering",29.768141,-95.3975717
"Houston, TX",Aegean Grill,"Gyros, charbroiled chicken, Mediterranean rice, Grecian sauce and seasonal vegetables.",14.0,Chatter's Cafe,"Cafes, Breakfast, American (New), Sandwich, Lunch, Catering",29.768141,-95.3975717
"Houston, TX",Mediterranean Salad,"Gyros meat, tomato, cucumber, garbanzo beans, feta, Kalamataolives, red onion and stuffed grape leaves",13.0,Chatter's Cafe,"Cafes, Breakfast, American (New), Sandwich, Lunch, Catering",29.768141,-95.3975717
"Houston, TX",Tuscan Pasta Salad,"Penne with basil pesto, olive salad and sundried tomatoes overmixed greens.",9.0,Chatter's Cafe,"Cafes, Breakfast, American (New), Sandwich, Lunch, Catering",29.768141,-95.3975717
"Houston, TX",Mango and Sticky Rice,,6.95,Asia Market Restaurant,"Thai, Appetizers, Noodles, Curry, Salads",29.80393,-95.36825
"Houston, TX",I5 Thai Style Teriyaki served with Garlic Rice,,11.95,Asia Market Restaurant,"Thai, Appetizers, Noodles, Curry, Salads",29.80393,-95.36825
"Houston, TX",Rice Stick Noodle,,2.5,Asia Market Restaurant,"Thai, Appetizers, Noodles, Curry, Salads",29.80393,-95.36825
"Houston, TX",Hot Boiled Shrimp (1lb.),,15.99,Flying Fish,"Seafood, Cajun/Creole, Fish & Chips",29.8023816,-95.4125681
"Houston, TX",Triple Choco-Chunk Cookie,,3.09,Cheba Hut,Toasted Subs,29.770854,-95.3798034
"Houston, TX",Chicken & Pancakes,Four buttermilk crispy chicken strips made with all-natural chicken breast & 3 buttermilk pancakes. Served with choice of sauce.,8.4,IHOP,"Chicken, Milk Shakes, American, Burgers, Sandwiches, Pancakes, Breakfast",29.729884,-95.416786
"Houston, TX",Quick 2-Egg Breakfast,"2 eggs*, hash browns, 2 bacon strips or 2 pork sausage links & toast. ",7.2,IHOP,"Chicken, Milk Shakes, American, Burgers, Sandwiches, Pancakes, Breakfast",29.729884,-95.416786
"Houston, TX",The Classic Steakburger,"American, lettuce, tomato, red onion, pickles & IHOP® Sauce. ",8.4,IHOP,"Chicken, Milk Shakes, American, Burgers, Sandwiches, Pancakes, Breakfast",29.729884,-95.416786
"Houston, TX",Crispy Chicken Strips,3 buttermilk crispy chicken strips – choose Original or tossed in either Frank’s RedHot® Buffalo sauce or tangy BBQ sauce. Served with choice of dipping sauce.,4.8,IHOP,"Chicken, Milk Shakes, American, Burgers, Sandwiches, Pancakes, Breakfast",29.729884,-95.416786
"Houston, TX",Ham & Cheese Omelette,"Ham, Jack & Cheddar & white cheese sauce. Served with 3 Buttermilk Pancakes.",8.4,IHOP,"Chicken, Milk Shakes, American, Burgers, Sandwiches, Pancakes, Breakfast",29.729884,-95.416786
"Houston, TX",Buttermilk Crispy Chicken Sandwich,"Buttermilk crispy chicken breast, American, lettuce, tomato, red onion, pickles & IHOP® Sauce. ",8.4,IHOP,"Chicken, Milk Shakes, American, Burgers, Sandwiches, Pancakes, Breakfast",29.729884,-95.416786
"Houston, TX",Mozza Sticks,6 Mozzarella cheese sticks served with marinara.,4.8,IHOP,"Chicken, Milk Shakes, American, Burgers, Sandwiches, Pancakes, Breakfast",29.729884,-95.416786
"Houston, TX",French Fries & Onion Rings Sampler,French Fries and Onion Rings served with IHOP® Sauce,4.8,IHOP,"Chicken, Milk Shakes, American, Burgers, Sandwiches, Pancakes, Breakfast",29.729884,-95.416786
"Houston, TX",BLT Sandwich,"Hickory-smoked bacon, lettuce, tomato & mayo on toasted white bread.",7.2,IHOP,"Chicken, Milk Shakes, American, Burgers, Sandwiches, Pancakes, Breakfast",29.729884,-95.416786
"Houston, TX",Lettuce Wraps,"House smoked chicken, fresh herbs, peanuts, celery & golden rasins",10.5,Rudyards British Pub,Rudyards British Pub,29.7499735,-95.396559
"Houston, TX",Eggplant Parmesan,"Parmesan crusted eggplant, Monterrey Jack cheese & a sweet & spicy caper tomato sauce.",18.0,Ouisie's Table,"Brunch, Seafood, Sandwiches, Dessert, Salads",29.7460082,-95.4431674
"Houston, TX",Theresa’s Fresh Fruit Plate ,"Cantaloupe, Apples, Banana, Pears & Fresh Berries.",14.0,Ouisie's Table,"Brunch, Seafood, Sandwiches, Dessert, Salads",29.7460082,-95.4431674
"Houston, TX",Tofu Bento,,24.5,Moto Ramen,"Pho, Bowls, Rice Bowl, Asian Fusion, Ramen Noodles, Asian Food, Noodles, Ramen",29.7662149,-95.3648839
"Houston, TX",Karaage Bento,,24.5,Moto Ramen,"Pho, Bowls, Rice Bowl, Asian Fusion, Ramen Noodles, Asian Food, Noodles, Ramen",29.7662149,-95.3648839
"Houston, TX",Beef Bento,,28.5,Moto Ramen,"Pho, Bowls, Rice Bowl, Asian Fusion, Ramen Noodles, Asian Food, Noodles, Ramen",29.7662149,-95.3648839
"Houston, TX",Salmon Bento,,28.5,Moto Ramen,"Pho, Bowls, Rice Bowl, Asian Fusion, Ramen Noodles, Asian Food, Noodles, Ramen",29.7662149,-95.3648839
"Houston, TX",Bud Light,,4.79,Fukuoka Sushi Bar & Grill,"Noodles, Salads, Rolls, Bento Box, Nigiri, Grill, Japanese, Sushi Bars, Sashimi",29.7449905,-95.3775664
"Houston, TX",Vegetable Egg Roll,,5.7,Fukuoka Sushi Bar & Grill,"Noodles, Salads, Rolls, Bento Box, Nigiri, Grill, Japanese, Sushi Bars, Sashimi",29.7449905,-95.3775664
"Houston, TX",Edamame,Steamed soybean pod with sea salt.,5.7,Fukuoka Sushi Bar & Grill,"Noodles, Salads, Rolls, Bento Box, Nigiri, Grill, Japanese, Sushi Bars, Sashimi",29.7449905,-95.3775664
"Houston, TX",Vegetable Tempura Appetizer,,5.7,Fukuoka Sushi Bar & Grill,"Noodles, Salads, Rolls, Bento Box, Nigiri, Grill, Japanese, Sushi Bars, Sashimi",29.7449905,-95.3775664
"Houston, TX",Fried Oyster,Panko battered oysters with house cocktail sauce.,7.99,Fukuoka Sushi Bar & Grill,"Noodles, Salads, Rolls, Bento Box, Nigiri, Grill, Japanese, Sushi Bars, Sashimi",29.7449905,-95.3775664
"Houston, TX",Sh Tem Appetizer (2),Panko tempura fried with tempura sauce.,5.7,Fukuoka Sushi Bar & Grill,"Noodles, Salads, Rolls, Bento Box, Nigiri, Grill, Japanese, Sushi Bars, Sashimi",29.7449905,-95.3775664
"Houston, TX",Veg. Gyoza,,6.5,Fukuoka Sushi Bar & Grill,"Noodles, Salads, Rolls, Bento Box, Nigiri, Grill, Japanese, Sushi Bars, Sashimi",29.7449905,-95.3775664
"Houston, TX",Agedashi (Fried Tofu),Silken tofu lightly battered garnished with bonito flakes served with tempura dipping sauce.,4.95,Fukuoka Sushi Bar & Grill,"Noodles, Salads, Rolls, Bento Box, Nigiri, Grill, Japanese, Sushi Bars, Sashimi",29.7449905,-95.3775664
"Houston, TX",Calamari Tempura,Lightly battered calamari with tempura sauce.,11.95,Fukuoka Sushi Bar & Grill,"Noodles, Salads, Rolls, Bento Box, Nigiri, Grill, Japanese, Sushi Bars, Sashimi",29.7449905,-95.3775664
"Houston, TX",Takoyaki,,4.95,Fukuoka Sushi Bar & Grill,"Noodles, Salads, Rolls, Bento Box, Nigiri, Grill, Japanese, Sushi Bars, Sashimi",29.7449905,-95.3775664
"Houston, TX",Akami (Tuna),,6.03,Fukuoka Sushi Bar & Grill,"Noodles, Salads, Rolls, Bento Box, Nigiri, Grill, Japanese, Sushi Bars, Sashimi",29.7449905,-95.3775664
"Houston, TX",Ebi Mixed with Masago & Kani in Wasabi Mayo & Avocado Salad,,8.57,Fukuoka Sushi Bar & Grill,"Noodles, Salads, Rolls, Bento Box, Nigiri, Grill, Japanese, Sushi Bars, Sashimi",29.7449905,-95.3775664
"Houston, TX",Tai (Red Snapper),,5.47,Fukuoka Sushi Bar & Grill,"Noodles, Salads, Rolls, Bento Box, Nigiri, Grill, Japanese, Sushi Bars, Sashimi",29.7449905,-95.3775664
"Houston, TX",Unagi (Eel),,6.62,Fukuoka Sushi Bar & Grill,"Noodles, Salads, Rolls, Bento Box, Nigiri, Grill, Japanese, Sushi Bars, Sashimi",29.7449905,-95.3775664
"Houston, TX",Escolar (White Tuna),,5.18,Fukuoka Sushi Bar & Grill,"Noodles, Salads, Rolls, Bento Box, Nigiri, Grill, Japanese, Sushi Bars, Sashimi",29.7449905,-95.3775664
"Houston, TX",Pep. Corn (Tuna),,6.62,Fukuoka Sushi Bar & Grill,"Noodles, Salads, Rolls, Bento Box, Nigiri, Grill, Japanese, Sushi Bars, Sashimi",29.7449905,-95.3775664
"Houston, TX",Ebi (Shrimp),,4.89,Fukuoka Sushi Bar & Grill,"Noodles, Salads, Rolls, Bento Box, Nigiri, Grill, Japanese, Sushi Bars, Sashimi",29.7449905,-95.3775664
"Houston, TX",Seattle,"Kani, salmon, cucumber, avocado, masago, and tempura fried topped with eel and spicy mayo sauce.",14.37,Fukuoka Sushi Bar & Grill,"Noodles, Salads, Rolls, Bento Box, Nigiri, Grill, Japanese, Sushi Bars, Sashimi",29.7449905,-95.3775664
"Houston, TX",Shrimp Tempura Roll,"Tempura shrimp, cucumber, avocado, masago, and spicy mayo.",9.15,Fukuoka Sushi Bar & Grill,"Noodles, Salads, Rolls, Bento Box, Nigiri, Grill, Japanese, Sushi Bars, Sashimi",29.7449905,-95.3775664
"Houston, TX",Crazy Roll,"Shrimp tempura, cucumber, daikon, and spicy tuna.",10.3,Fukuoka Sushi Bar & Grill,"Noodles, Salads, Rolls, Bento Box, Nigiri, Grill, Japanese, Sushi Bars, Sashimi",29.7449905,-95.3775664
"Houston, TX",Ninja,"Tempura shrimp, spicy salmon, unagi, avocado, eel sauce, and tempura crunch.",16.68,Fukuoka Sushi Bar & Grill,"Noodles, Salads, Rolls, Bento Box, Nigiri, Grill, Japanese, Sushi Bars, Sashimi",29.7449905,-95.3775664
"Houston, TX",Crunchy Roll,"Tempura shrimp, avocado, and tempura crunch with spicy mayo.",14.9,Fukuoka Sushi Bar & Grill,"Noodles, Salads, Rolls, Bento Box, Nigiri, Grill, Japanese, Sushi Bars, Sashimi",29.7449905,-95.3775664
"Houston, TX",Dynamite,"Tempura shrimp, avocado, and spicy salmon.",14.37,Fukuoka Sushi Bar & Grill,"Noodles, Salads, Rolls, Bento Box, Nigiri, Grill, Japanese, Sushi Bars, Sashimi",29.7449905,-95.3775664
"Houston, TX",2020,"Tempura eel, kani topped with smoke salmon, and eel sauce.",16.67,Fukuoka Sushi Bar & Grill,"Noodles, Salads, Rolls, Bento Box, Nigiri, Grill, Japanese, Sushi Bars, Sashimi",29.7449905,-95.3775664
"Houston, TX",Super Shaggy Dog,"Tempura shrimp, kani, avocado, tempura crunch, and spicy mayo and eel sauce.",16.67,Fukuoka Sushi Bar & Grill,"Noodles, Salads, Rolls, Bento Box, Nigiri, Grill, Japanese, Sushi Bars, Sashimi",29.7449905,-95.3775664
"Houston, TX",Fukuoka Tower,"Spicy chopped scallop or tuna with crab mix, avocado, tobiko, and AJ sauce.",21.8,Fukuoka Sushi Bar & Grill,"Noodles, Salads, Rolls, Bento Box, Nigiri, Grill, Japanese, Sushi Bars, Sashimi",29.7449905,-95.3775664
"Houston, TX",Spicy Salmon Maki,,8.63,Fukuoka Sushi Bar & Grill,"Noodles, Salads, Rolls, Bento Box, Nigiri, Grill, Japanese, Sushi Bars, Sashimi",29.7449905,-95.3775664
"Houston, TX",Philadelphia,"Smoke salmon, avocado, cream cheese, and sesame seed.",9.49,Fukuoka Sushi Bar & Grill,"Noodles, Salads, Rolls, Bento Box, Nigiri, Grill, Japanese, Sushi Bars, Sashimi",29.7449905,-95.3775664
"Houston, TX",Spider Roll,"Tempura soft shell crab, spicy mayo, cucumber, masago, and avocado.",10.64,Fukuoka Sushi Bar & Grill,"Noodles, Salads, Rolls, Bento Box, Nigiri, Grill, Japanese, Sushi Bars, Sashimi",29.7449905,-95.3775664
"Houston, TX",Crazy Roll,"Shrimp tempura, spicy tuna, cucumber, and daikon sprout.",10.3,Fukuoka Sushi Bar & Grill,"Noodles, Salads, Rolls, Bento Box, Nigiri, Grill, Japanese, Sushi Bars, Sashimi",29.7449905,-95.3775664
"Houston, TX",Tiger Eye,"Tempura smoke salmon, cream cheese, jalapeño, masago, and soy paper.",10.07,Fukuoka Sushi Bar & Grill,"Noodles, Salads, Rolls, Bento Box, Nigiri, Grill, Japanese, Sushi Bars, Sashimi",29.7449905,-95.3775664
"Houston, TX",Spicy Yellow Tail Maki,,8.63,Fukuoka Sushi Bar & Grill,"Noodles, Salads, Rolls, Bento Box, Nigiri, Grill, Japanese, Sushi Bars, Sashimi",29.7449905,-95.3775664
"Houston, TX",Salmon Maki,,8.63,Fukuoka Sushi Bar & Grill,"Noodles, Salads, Rolls, Bento Box, Nigiri, Grill, Japanese, Sushi Bars, Sashimi",29.7449905,-95.3775664
"Houston, TX",Shrimp Tempura Maki Roll,"Tempura shrimp, spicy mayo. Cucumber, masago, and avocado.",9.15,Fukuoka Sushi Bar & Grill,"Noodles, Salads, Rolls, Bento Box, Nigiri, Grill, Japanese, Sushi Bars, Sashimi",29.7449905,-95.3775664
"Houston, TX",Avocado Maki,,8.05,Fukuoka Sushi Bar & Grill,"Noodles, Salads, Rolls, Bento Box, Nigiri, Grill, Japanese, Sushi Bars, Sashimi",29.7449905,-95.3775664
"Houston, TX",Unagi Bowl,,25.88,Fukuoka Sushi Bar & Grill,"Noodles, Salads, Rolls, Bento Box, Nigiri, Grill, Japanese, Sushi Bars, Sashimi",29.7449905,-95.3775664
"Houston, TX",Chirashi Bowl (D),,25.88,Fukuoka Sushi Bar & Grill,"Noodles, Salads, Rolls, Bento Box, Nigiri, Grill, Japanese, Sushi Bars, Sashimi",29.7449905,-95.3775664
"Houston, TX",Sushi (10 Pc) & Tuna Cucumber Roll,Chef's choice of assorted sushi.,34.45,Fukuoka Sushi Bar & Grill,"Noodles, Salads, Rolls, Bento Box, Nigiri, Grill, Japanese, Sushi Bars, Sashimi",29.7449905,-95.3775664
"Houston, TX",Hand Roll,,6.62,Fukuoka Sushi Bar & Grill,"Noodles, Salads, Rolls, Bento Box, Nigiri, Grill, Japanese, Sushi Bars, Sashimi",29.7449905,-95.3775664
"Houston, TX",Miso Soup,"Silken tofu, kelp, and scallions.",2.88,Fukuoka Sushi Bar & Grill,"Noodles, Salads, Rolls, Bento Box, Nigiri, Grill, Japanese, Sushi Bars, Sashimi",29.7449905,-95.3775664
"Houston, TX",House Salad,,6.84,Fukuoka Sushi Bar & Grill,"Noodles, Salads, Rolls, Bento Box, Nigiri, Grill, Japanese, Sushi Bars, Sashimi",29.7449905,-95.3775664
"Houston, TX",Curry Katsu Don,"Panko batter, choice of pork chop or chicken breast, and curry sauce over steamed white rice garnished with steamed broccoli.",10.95,Fukuoka Sushi Bar & Grill,"Noodles, Salads, Rolls, Bento Box, Nigiri, Grill, Japanese, Sushi Bars, Sashimi",29.7449905,-95.3775664
"Houston, TX",Whole Calamari Grilled,Grilled whole calamari seasoned with togarashi garnished with lemon wedge and ponzu dipping sauce.,11.95,Fukuoka Sushi Bar & Grill,"Noodles, Salads, Rolls, Bento Box, Nigiri, Grill, Japanese, Sushi Bars, Sashimi",29.7449905,-95.3775664
"Houston, TX",Small Fried Rice,"Egg, carrots, peas, onions, and scallions.",3.0,Fukuoka Sushi Bar & Grill,"Noodles, Salads, Rolls, Bento Box, Nigiri, Grill, Japanese, Sushi Bars, Sashimi",29.7449905,-95.3775664
"Houston, TX",Sizzling Teriyaki Salmon,Served with mixed vegetables tempura and steamed rice.,17.19,Fukuoka Sushi Bar & Grill,"Noodles, Salads, Rolls, Bento Box, Nigiri, Grill, Japanese, Sushi Bars, Sashimi",29.7449905,-95.3775664
"Houston, TX",Fried Seafood Combo,"Tempura style: cod fish, shrimp, kani, calamari, and fries.",21.79,Fukuoka Sushi Bar & Grill,"Noodles, Salads, Rolls, Bento Box, Nigiri, Grill, Japanese, Sushi Bars, Sashimi",29.7449905,-95.3775664
"Houston, TX",Yaki Udon,"Stir-fry udon noodles. Choice of protein, cabbage, bean sprouts, carrots, zucchini, onion, and scallion.",11.45,Fukuoka Sushi Bar & Grill,"Noodles, Salads, Rolls, Bento Box, Nigiri, Grill, Japanese, Sushi Bars, Sashimi",29.7449905,-95.3775664
"Houston, TX",Jumbo SH. FR,,17.19,Fukuoka Sushi Bar & Grill,"Noodles, Salads, Rolls, Bento Box, Nigiri, Grill, Japanese, Sushi Bars, Sashimi",29.7449905,-95.3775664
"Houston, TX",Chicken Fried Rice,"Egg, carrots, peas, bean sprouts, onions, and scallions.",12.59,Fukuoka Sushi Bar & Grill,"Noodles, Salads, Rolls, Bento Box, Nigiri, Grill, Japanese, Sushi Bars, Sashimi",29.7449905,-95.3775664
"Houston, TX",Oyako Don,"Pork or chicken fried with panko bread. Onion, scallion, and egg gravy over steamed rice garnished with broccoli.",12.59,Fukuoka Sushi Bar & Grill,"Noodles, Salads, Rolls, Bento Box, Nigiri, Grill, Japanese, Sushi Bars, Sashimi",29.7449905,-95.3775664
"Houston, TX",Katsu Oyako Don,,12.59,Fukuoka Sushi Bar & Grill,"Noodles, Salads, Rolls, Bento Box, Nigiri, Grill, Japanese, Sushi Bars, Sashimi",29.7449905,-95.3775664
"Houston, TX",BT Salmon Teriyaki,"Served with gyoza, rice, choice of edamame or house ginger salad.",17.19,Fukuoka Sushi Bar & Grill,"Noodles, Salads, Rolls, Bento Box, Nigiri, Grill, Japanese, Sushi Bars, Sashimi",29.7449905,-95.3775664
"Houston, TX",BT CK Teriyaki,"Served with gyoza, rice and choice of edamame or house ginger salad.",16.05,Fukuoka Sushi Bar & Grill,"Noodles, Salads, Rolls, Bento Box, Nigiri, Grill, Japanese, Sushi Bars, Sashimi",29.7449905,-95.3775664
"Houston, TX",BT CK Katsu,"Served with gyoza, rice and choice of edamame or house ginger salad.",16.05,Fukuoka Sushi Bar & Grill,"Noodles, Salads, Rolls, Bento Box, Nigiri, Grill, Japanese, Sushi Bars, Sashimi",29.7449905,-95.3775664
"Houston, TX",BT SH Tempura,"Served with gyoza, rice and choice of edamame or house ginger salad.",17.2,Fukuoka Sushi Bar & Grill,"Noodles, Salads, Rolls, Bento Box, Nigiri, Grill, Japanese, Sushi Bars, Sashimi",29.7449905,-95.3775664
"Houston, TX",BT Beef Teriyaki,"Served with gyoza, rice and choice of edamame or house ginger salad.",17.2,Fukuoka Sushi Bar & Grill,"Noodles, Salads, Rolls, Bento Box, Nigiri, Grill, Japanese, Sushi Bars, Sashimi",29.7449905,-95.3775664
"Houston, TX",BT SH Teriyaki,"Served with gyoza, rice, choice of edamame or house ginger salad.",17.2,Fukuoka Sushi Bar & Grill,"Noodles, Salads, Rolls, Bento Box, Nigiri, Grill, Japanese, Sushi Bars, Sashimi",29.7449905,-95.3775664
"Houston, TX",Coke,,3.4,Fukuoka Sushi Bar & Grill,"Noodles, Salads, Rolls, Bento Box, Nigiri, Grill, Japanese, Sushi Bars, Sashimi",29.7449905,-95.3775664
"Houston, TX",Green Tea,,4.55,Fukuoka Sushi Bar & Grill,"Noodles, Salads, Rolls, Bento Box, Nigiri, Grill, Japanese, Sushi Bars, Sashimi",29.7449905,-95.3775664
"Houston, TX",Diet Coke,,3.4,Fukuoka Sushi Bar & Grill,"Noodles, Salads, Rolls, Bento Box, Nigiri, Grill, Japanese, Sushi Bars, Sashimi",29.7449905,-95.3775664
"Houston, TX",Lemonade,,3.4,Fukuoka Sushi Bar & Grill,"Noodles, Salads, Rolls, Bento Box, Nigiri, Grill, Japanese, Sushi Bars, Sashimi",29.7449905,-95.3775664
"Houston, TX",Fanta,,3.4,Fukuoka Sushi Bar & Grill,"Noodles, Salads, Rolls, Bento Box, Nigiri, Grill, Japanese, Sushi Bars, Sashimi",29.7449905,-95.3775664
"Houston, TX",Orange Juice,,4.55,Fukuoka Sushi Bar & Grill,"Noodles, Salads, Rolls, Bento Box, Nigiri, Grill, Japanese, Sushi Bars, Sashimi",29.7449905,-95.3775664
"Houston, TX",Dr Pepper,,3.4,Fukuoka Sushi Bar & Grill,"Noodles, Salads, Rolls, Bento Box, Nigiri, Grill, Japanese, Sushi Bars, Sashimi",29.7449905,-95.3775664
"Houston, TX",Citron Tea,,5.7,Fukuoka Sushi Bar & Grill,"Noodles, Salads, Rolls, Bento Box, Nigiri, Grill, Japanese, Sushi Bars, Sashimi",29.7449905,-95.3775664
"Houston, TX",Unsweet Iced Tea,,3.4,Fukuoka Sushi Bar & Grill,"Noodles, Salads, Rolls, Bento Box, Nigiri, Grill, Japanese, Sushi Bars, Sashimi",29.7449905,-95.3775664
"Houston, TX",Sweet Tea,,3.4,Fukuoka Sushi Bar & Grill,"Noodles, Salads, Rolls, Bento Box, Nigiri, Grill, Japanese, Sushi Bars, Sashimi",29.7449905,-95.3775664
"Houston, TX",Perrier,,4.55,Fukuoka Sushi Bar & Grill,"Noodles, Salads, Rolls, Bento Box, Nigiri, Grill, Japanese, Sushi Bars, Sashimi",29.7449905,-95.3775664
"Houston, TX",Sprite,,3.4,Fukuoka Sushi Bar & Grill,"Noodles, Salads, Rolls, Bento Box, Nigiri, Grill, Japanese, Sushi Bars, Sashimi",29.7449905,-95.3775664
"Houston, TX",Monster,,5.7,Fukuoka Sushi Bar & Grill,"Noodles, Salads, Rolls, Bento Box, Nigiri, Grill, Japanese, Sushi Bars, Sashimi",29.7449905,-95.3775664
"Houston, TX",Powerade,,3.4,Fukuoka Sushi Bar & Grill,"Noodles, Salads, Rolls, Bento Box, Nigiri, Grill, Japanese, Sushi Bars, Sashimi",29.7449905,-95.3775664
"Houston, TX",Apple Juice,,4.55,Fukuoka Sushi Bar & Grill,"Noodles, Salads, Rolls, Bento Box, Nigiri, Grill, Japanese, Sushi Bars, Sashimi",29.7449905,-95.3775664
"Houston, TX",Ramune,,4.55,Fukuoka Sushi Bar & Grill,"Noodles, Salads, Rolls, Bento Box, Nigiri, Grill, Japanese, Sushi Bars, Sashimi",29.7449905,-95.3775664
"Houston, TX",Honey Ginger Tea,,5.7,Fukuoka Sushi Bar & Grill,"Noodles, Salads, Rolls, Bento Box, Nigiri, Grill, Japanese, Sushi Bars, Sashimi",29.7449905,-95.3775664
"Houston, TX",Spider Hand Roll,,8.92,Fukuoka Sushi Bar & Grill,"Noodles, Salads, Rolls, Bento Box, Nigiri, Grill, Japanese, Sushi Bars, Sashimi",29.7449905,-95.3775664
"Houston, TX",Shrimp Tempura Hand Roll,,7.78,Fukuoka Sushi Bar & Grill,"Noodles, Salads, Rolls, Bento Box, Nigiri, Grill, Japanese, Sushi Bars, Sashimi",29.7449905,-95.3775664
"Houston, TX",Smoked Salmon Hand Roll,,6.62,Fukuoka Sushi Bar & Grill,"Noodles, Salads, Rolls, Bento Box, Nigiri, Grill, Japanese, Sushi Bars, Sashimi",29.7449905,-95.3775664
"Houston, TX",Salmon Hand Roll,,6.62,Fukuoka Sushi Bar & Grill,"Noodles, Salads, Rolls, Bento Box, Nigiri, Grill, Japanese, Sushi Bars, Sashimi",29.7449905,-95.3775664
"Houston, TX",Spicy Salmon Hand Roll,,6.62,Fukuoka Sushi Bar & Grill,"Noodles, Salads, Rolls, Bento Box, Nigiri, Grill, Japanese, Sushi Bars, Sashimi",29.7449905,-95.3775664
"Houston, TX",Tuna Hand Roll,,6.62,Fukuoka Sushi Bar & Grill,"Noodles, Salads, Rolls, Bento Box, Nigiri, Grill, Japanese, Sushi Bars, Sashimi",29.7449905,-95.3775664
"Houston, TX",Cali. Hand Roll,,6.62,Fukuoka Sushi Bar & Grill,"Noodles, Salads, Rolls, Bento Box, Nigiri, Grill, Japanese, Sushi Bars, Sashimi",29.7449905,-95.3775664
"Houston, TX",Spicy Tuna Hand Roll,,6.62,Fukuoka Sushi Bar & Grill,"Noodles, Salads, Rolls, Bento Box, Nigiri, Grill, Japanese, Sushi Bars, Sashimi",29.7449905,-95.3775664
"Houston, TX",Spicy Yellow Tail Hand Roll,,6.62,Fukuoka Sushi Bar & Grill,"Noodles, Salads, Rolls, Bento Box, Nigiri, Grill, Japanese, Sushi Bars, Sashimi",29.7449905,-95.3775664
"Houston, TX",Avocado Hand Roll,,6.62,Fukuoka Sushi Bar & Grill,"Noodles, Salads, Rolls, Bento Box, Nigiri, Grill, Japanese, Sushi Bars, Sashimi",29.7449905,-95.3775664
"Houston, TX",Cucumber Hand Roll,,6.62,Fukuoka Sushi Bar & Grill,"Noodles, Salads, Rolls, Bento Box, Nigiri, Grill, Japanese, Sushi Bars, Sashimi",29.7449905,-95.3775664
"Houston, TX",YellowTail Hand Roll,,6.62,Fukuoka Sushi Bar & Grill,"Noodles, Salads, Rolls, Bento Box, Nigiri, Grill, Japanese, Sushi Bars, Sashimi",29.7449905,-95.3775664
"Houston, TX",House Salad,,6.85,Fukuoka Sushi Bar & Grill,"Noodles, Salads, Rolls, Bento Box, Nigiri, Grill, Japanese, Sushi Bars, Sashimi",29.7449905,-95.3775664
"Houston, TX",N-4 Bangkok Chicken Noodle,"Finely chopped chicken breast sautéed with yellow curry powder, fresh garlic, yellow onions, green onions and tomatoes; served over pan-fried flat rice noodles and lettuce.",16.95,Thai Pepper,Exquisite Thai Cuisine,29.7383305,-95.4101747
"Houston, TX",Sp-1 Bangkok Delight,"Spicy. Shrimp, scallops, and finely chopped chicken breast sautéed with yellow curry powder, fresh garlic, yellow onions, green onions, cauliflowers and broccoli.",26.95,Thai Pepper,Exquisite Thai Cuisine,29.7383305,-95.4101747
"Houston, TX",Beignets,,7.89,Dish Society,Farm-to-Table Modern American,29.7904676,-95.3981711
"Houston, TX",Chicken Lettuce Cups,"(Not available at Breakfast/Brunch)[new snack size] cabbage, mushrooms, carrot, green onion, water chestnuts, sesame seeds, miso-peanut sauce, crushed peanuts, serrano, crispy rice sticks",7.89,Dish Society,Farm-to-Table Modern American,29.7904676,-95.3981711
"Houston, TX",Burger,"Ground beef patty with American cheese, sliced tomato, house made pickles, shaved red onion, lettuce & garlic aioli on a brioche bun with crispy fries.",16.59,Dish Society,Farm-to-Table Modern American,29.7904676,-95.3981711
"Houston, TX",Tomato Basil Bisque Cup,(Not available at Breakfast/Brunch),4.49,Dish Society,Farm-to-Table Modern American,29.7904676,-95.3981711
"Houston, TX",Tomato Basil Bisque Bowl,(Not available at Breakfast/Brunch),7.89,Dish Society,Farm-to-Table Modern American,29.7904676,-95.3981711
"Houston, TX",Tipsy Chick,"Marinated and grilled chicken, spinach, grilled corn, green chiles & cheddar cheese with chipotle sauce on a flour tortilla served with a side of bacon bourbon marmalade. Dairy, Soy, Gluten, Eggs.",7.05,Torchy's Tacos,Tacos,29.7440974,-95.4104148
"Houston, TX",Airstream Salad,"Romaine, arugula & picked mint topped with avocado slices, pico de gallo, corn, cotija cheese, peppadew peppers, & pistachios.  Served with a drizzle of chipotle ranch & a side of champagne vinaigrette. Dairy, Egg, Avocado, Tree Nuts (no protein). *With chicken: +soy, gluten; with salmon: +soy, fish, gluten",10.65,Torchy's Tacos,Tacos,29.7440974,-95.4104148
"Houston, TX",Pecan Pie,,4.99,Luby's,"Comfort Food, Burgers, American, Pickup, Chicken, Takeout",29.6959663,-95.4023256
"Houston, TX",Chess Pie,,3.49,Luby's,"Comfort Food, Burgers, American, Pickup, Chicken, Takeout",29.6959663,-95.4023256
"Houston, TX",Garlic Toast,,1.09,Luby's,"Comfort Food, Burgers, American, Pickup, Chicken, Takeout",29.6959663,-95.4023256
"Houston, TX",Jalapeno Biscuit,,0.49,Luby's,"Comfort Food, Burgers, American, Pickup, Chicken, Takeout",29.6959663,-95.4023256
"Houston, TX",Lunch Special with Bottled Coke 11am - 3pm Monday - Thursday,"Jollof Rice, Peppered Beef, Bottled Coke",10.0,DUPSY’S A Modern African Kitchen,DUPSY’S A Modern African Kitchen,29.7226889,-95.3704827
"Houston, TX",Lunch Special with Bottled Water 11am - 3pm  Monday - Thursday   ,"Jollof Rice, Peppered Beef, Bottled Water",10.0,DUPSY’S A Modern African Kitchen,DUPSY’S A Modern African Kitchen,29.7226889,-95.3704827
"Houston, TX",Meat Pie,Pastry Dough with Savory Ground Beef Filling.,3.0,DUPSY’S A Modern African Kitchen,DUPSY’S A Modern African Kitchen,29.7226889,-95.3704827
"Houston, TX",77. Beef with Asparagus,,13.95,888 Chinese Restaurant,"Wings, Soup, Chinese, Seafood, Spring Rolls, Asian, Beef, Szechuan, Chow Mein, Fried Rice, Dumplings, Chicken",29.7143389,-95.3162341
"Houston, TX",Freshly-Brewed Iced Tea Sweetened,Freshly-brewed each day from a blend of tea leaves. Available sweetened with real cane sugar.,2.69,Chick-fil-A,Chicken. Sides. Desserts.,29.7748244,-95.3810132
"Houston, TX",Vegetable Delight,,11.15,Texas Super Chicken and Rice,"American, Chinese, Chicken, Seafood, Fried Rice",29.7442596,-95.3013272
"Houston, TX",C18. Chili Chicken,Hot & Spicy.,15.86,Texas Super Chicken and Rice,"American, Chinese, Chicken, Seafood, Fried Rice",29.7442596,-95.3013272
"Houston, TX",DS Cucumber Salad,"cantaloupe, nam tak seasoning, cilantro oil, lemon zest, mint**onion powder, garlic",7.5,Loro Asian Smokehouse,"Snacks, Rice Bowl, Sandwiches, Salads",29.7907707,-95.4074284
"Houston, TX",DS Green Curry Beignets,"cilantro, coconut-chili ranch",7.75,Loro Asian Smokehouse,"Snacks, Rice Bowl, Sandwiches, Salads",29.7907707,-95.4074284
"Houston, TX",DS Key Lime Pie,"gingersnap crumble, toasted meringue, five spice",7.25,Loro Asian Smokehouse,"Snacks, Rice Bowl, Sandwiches, Salads",29.7907707,-95.4074284
"Houston, TX",DS Green Curry Hushpuppies,"cilantro, coconut-chili ranch",7.75,Loro Asian Smokehouse,"Snacks, Rice Bowl, Sandwiches, Salads",29.7907707,-95.4074284
"Houston, TX",Super Berry Oats,"Vanilla steel cut oats made with housemade cashew milk, topped with fresh, antioxidant-packed strawberries, and blueberries.",5.35,Nekter Juice Bar,"Juice Bar, Smoothies, Acai Bowls",29.7520678,-95.3772751
"Houston, TX",Pumpkin Mousse Oats,"Served warm for crisp fall days and offers a savory, high-fiber, high-protein blend of steel cut oats, housemade pumpkin mousse, fresh fuji apple, pepitas, agave, and pumpkin spice.",5.35,Nekter Juice Bar,"Juice Bar, Smoothies, Acai Bowls",29.7520678,-95.3772751
"Houston, TX",Almond Butter Banana Oats,"Vanilla steel cut oats with housemade cashew milk, topped with bananas, mood-boosting cacao nibs, and a scoop of toasted almond butter. ",5.35,Nekter Juice Bar,"Juice Bar, Smoothies, Acai Bowls",29.7520678,-95.3772751
"Houston, TX",Cinnamon Apple & Peanut Butter Oats,"Vanilla steel cut oats with housemade cashew milk, topped with tart green apples, cinnamon, dates, and creamy peanut butter. ",5.35,Nekter Juice Bar,"Juice Bar, Smoothies, Acai Bowls",29.7520678,-95.3772751
"Houston, TX",Tekka Maki,Fresh Tuna Roll with Sushi Rice. (8 Pcs),8.0,Cafe Ginger,"Chinese, Takeout, Seafood, Pickup, Sushi Bars",29.754336,-95.402018
"Houston, TX",9. Monster Preparado (Large Only),,7.0,Refresqueria El Caribeño,"Smoothies, Ice Cream, Fruit",29.7118789,-95.316327
"Houston, TX",Fresh Ginger Beef,,15.95,Auntie Chang's Dumpling House,"Chinese, Asian, Dumplings, Noodles, Takeout",29.7409587,-95.410312
"Houston, TX",Family Four Pack of Gyros,"4 Traditional pitas with choice of protein, fries or falafel, cookies. ",37.99,Gyroville,"Falafel, Mediterranean, Gyro, Wraps, Greek",29.7953379,-95.409903
"Houston, TX",Avocado Roll,,5.95,Poke Fresh,"Asian, Poke, Japanese, Sushi Bars",29.7581013,-95.3699503
"Houston, TX",Peanut Avocado Roll,,5.95,Poke Fresh,"Asian, Poke, Japanese, Sushi Bars",29.7581013,-95.3699503
"Houston, TX",Pure Leaf,"Real brewed tea, sweet tea.",3.5,Poke Fresh,"Asian, Poke, Japanese, Sushi Bars",29.7581013,-95.3699503
"Houston, TX",Traditional Breakfast,,16.0,Hungry's Cafe & Bistro,"American, Dessert, Coffee, Salads, Pizza",29.7179128,-95.4136319
"Houston, TX",Egg & Prosciutto Skillet,,17.0,Hungry's Cafe & Bistro,"American, Dessert, Coffee, Salads, Pizza",29.7179128,-95.4136319
"Houston, TX",Crispy Chicken & Eggs,,17.0,Hungry's Cafe & Bistro,"American, Dessert, Coffee, Salads, Pizza",29.7179128,-95.4136319
"Houston, TX",Side 2 Eggs,,3.0,Hungry's Cafe & Bistro,"American, Dessert, Coffee, Salads, Pizza",29.7179128,-95.4136319
"Houston, TX",Kids Traditional Breakfast,,8.0,Hungry's Cafe & Bistro,"American, Dessert, Coffee, Salads, Pizza",29.7179128,-95.4136319
"Houston, TX",Gravy,,1.5,Black Pulse,Black Pulse,29.7440596,-95.3921252
"Houston, TX",Rice,,3.5,Black Pulse,Black Pulse,29.7440596,-95.3921252
"Houston, TX",Mexican Coke,,3.15,Crawfish Cafe Heights,Seafood,29.7896319,-95.409561
"Houston, TX",Double Cabernet Burger,"cabernet  smothered  wagyu patties, everything bun, white cheddar  cheese, caramelized  onions, worcestershire  mayo, tomato, crispy fingerling potatoes",19.0,Sixty Vines,"Salads, Pizza, American (New)",29.7153626,-95.417499
"Houston, TX",Braised Pork Sandwich,,16.0,Sixty Vines,"Salads, Pizza, American (New)",29.7153626,-95.417499
"Houston, TX",Fried Chicken Sandwich,,14.0,Sixty Vines,"Salads, Pizza, American (New)",29.7153626,-95.417499
"Houston, TX",Double Stack Vines Burger,"wagyu patty, american cheese, fancy sauce, gem lettuce, pickles, potato bun, crispy fingerling potatoes",17.0,Sixty Vines,"Salads, Pizza, American (New)",29.7153626,-95.417499
"Houston, TX",Carrot,walnut-studded carrot cake with cinnamon cream cheese frosting***Max quantity per order is 2 dozen (combined total for all individual cupcake flavors),6.0,Sprinkles Cupcakes,"Variety of cupcakes, cookies, and brownies",29.7157095,-95.4176275
"Houston, TX",Topo Chico Mineral Water 500 ml,500 ml Glass Bottle ,3.85,Pepperonis Pizza,"Pizza, Chicken Wings, Salads",29.7884412,-95.4094587
"Houston, TX",Topo Chico Twist of Lime 500 ml,500 ml Glass Bottle ,3.85,Pepperonis Pizza,"Pizza, Chicken Wings, Salads",29.7884412,-95.4094587
"Houston, TX",1/2 Crunchwrap,,14.34,WINNIES,WINNIES,29.7387815,-95.3796824
"Houston, TX",1/2 Turkey,,14.34,WINNIES,WINNIES,29.7387815,-95.3796824
"Houston, TX",1/2 Shrimp Poboy,,14.34,WINNIES,WINNIES,29.7387815,-95.3796824
"Houston, TX",1/2 BLT,,14.34,WINNIES,WINNIES,29.7387815,-95.3796824
"Houston, TX",1/4 Muffaletta,,14.34,WINNIES,WINNIES,29.7387815,-95.3796824
"Houston, TX",1/2 Mushroom,,14.34,WINNIES,WINNIES,29.7387815,-95.3796824
"Houston, TX",Lemon Cheesecake,Japanese style spongy cheesecake 3.5 inch round with blueberry compote.,7.0,Click Virtual Food Hall,"Delivery, Pickup, Takeout",29.7687956,-95.4107475
"Houston, TX",Lemon Cheesecake,Japanese style spongy cheesecake 3.5 inch round with blueberry compote.,7.0,Click Virtual Food Hall,"Delivery, Pickup, Takeout",29.7687956,-95.4107475
"Houston, TX",Raspberry Sandwich Cookie,4 inch,3.0,Click Virtual Food Hall,"Delivery, Pickup, Takeout",29.7687956,-95.4107475
"Houston, TX",Charred Veggies,Wood grilled veggies/ pistachio romesco sauce/ basil seeds/ potato crisps/ aged goat cheese/ chili oil,11.0,Oporto House Fooding and Wine,Portuguese,29.75329,-95.3797632
"Houston, TX",Pizzette Do Mar,Spicy tomato sauce/ shaved spinach/ shrimp/ calamari/ mozzarella cheese,15.0,Oporto House Fooding and Wine,Portuguese,29.75329,-95.3797632
"Houston, TX",Salada Atlantico,House mixed greens/ avocado/ hearts of palm tomato/ red onion/ artichoke/ lemon honey vinaigrette (GF) (V),13.0,Oporto House Fooding and Wine,Portuguese,29.75329,-95.3797632
"Houston, TX",Salada Marocaine,House mixed greens/ pear/ gruyere/ candied walnuts/ olives/ mint/ tomato dijon vinaigrette (GF) (V),11.0,Oporto House Fooding and Wine,Portuguese,29.75329,-95.3797632
"Houston, TX",Four Cheeses or Charcuterie,,14.0,Oporto House Fooding and Wine,Portuguese,29.75329,-95.3797632
"Houston, TX",Two Cheeses or Charcuterie,,7.0,Oporto House Fooding and Wine,Portuguese,29.75329,-95.3797632
"Houston, TX",Pork Vindalho,Goan spiced pork/ red curry/ potato/ mustard seed raita/ house naan (GF),15.0,Oporto House Fooding and Wine,Portuguese,29.75329,-95.3797632
"Houston, TX",Cataplana Mussels,Black mediterranean mussels/ soffrito/ vinho verde/ garlic butter (GF),16.0,Oporto House Fooding and Wine,Portuguese,29.75329,-95.3797632
"Houston, TX",Scallop Farrotto,Plancha scallops / cauliflower/ caraway/ turmeric root/ farro-'risotto'/ green peas,16.0,Oporto House Fooding and Wine,Portuguese,29.75329,-95.3797632
"Houston, TX",Chai Tea Latte,"Black tea infused with cinnamon, clove and other warming spices is combined with steamed milk and topped with foam for the perfect balance of sweet and spicy. An iconic chai cup.",4.95,Starbucks,"Coffee & Tea, Breakfast, Lunch, and Sweets",29.7505562,-95.3747082
"Houston, TX",Iced Chai Tea Latte,"Black tea infused with cinnamon, clove, and other warming spices are combined with milk and ice for the perfect balance of sweet and spicy.",4.95,Starbucks,"Coffee & Tea, Breakfast, Lunch, and Sweets",29.7505562,-95.3747082
"Houston, TX",Tree Top Apple Juice Box,This childhood favorite contains 100% of your daily vitamin C with just the right amount of sweetness.,2.65,Starbucks,"Coffee & Tea, Breakfast, Lunch, and Sweets",29.7505562,-95.3747082
"Houston, TX",Impossible™ Breakfast Sandwich,The savory Impossible™ Sausage Made from Plants combined with a cage-free fried egg and aged Cheddar cheese on an artisan sesame ciabatta bun. - VEGETARIAN - HIGH-PROTEIN,6.45,Starbucks,"Coffee & Tea, Breakfast, Lunch, and Sweets",29.7505562,-95.3747082
"Houston, TX",Pumpkin & Pepita Loaf,Gently spiced pumpkin bread topped with crunchy pepitas.- VEGETARIAN,3.95,Starbucks,"Coffee & Tea, Breakfast, Lunch, and Sweets",29.7505562,-95.3747082
"Houston, TX",White Chocolate Mocha,"Our signature espresso meets white chocolate sauce and steamed milk, and then is finished off with sweetened whipped cream to create this supreme white chocolate delight.",5.95,Starbucks,"Coffee & Tea, Breakfast, Lunch, and Sweets",29.7505562,-95.3747082
"Houston, TX",White Hot Chocolate,"A traditional hot chocolate beverage made with white chocolate sauce and steamed milk, topped with whipped cream.",3.95,Starbucks,"Coffee & Tea, Breakfast, Lunch, and Sweets",29.7505562,-95.3747082
"Houston, TX",White Chocolate Mocha Frappuccino® Blended Beverage,"White chocolate Frappuccino® Roast coffee, milk and ice get together for what might be the best thing that happens to you all day. Oh, and there's whipped cream on top.",5.75,Starbucks,"Coffee & Tea, Breakfast, Lunch, and Sweets",29.7505562,-95.3747082
"Houston, TX",White Chocolate Crème Frappuccino® Blended Beverage,"A smooth blend of white chocolate sauce, milk and ice topped with whipped cream for a remarkable flavor that surprisingly wows.",5.75,Starbucks,"Coffee & Tea, Breakfast, Lunch, and Sweets",29.7505562,-95.3747082
"Houston, TX",Iced White Chocolate Mocha,"Our signature espresso meets white chocolate sauce, milk and ice, and then is finished off with sweetened whipped cream to create this supreme white chocolate delight.",6.15,Starbucks,"Coffee & Tea, Breakfast, Lunch, and Sweets",29.7505562,-95.3747082
"Houston, TX",Strawberry Açaí Lemonade Starbucks Refreshers® Beverage,"Sweet strawberry flavors, passion fruit and açaí notes balanced with the delightful zing of lemonade, served over ice with freeze-dried strawberry pieces. The ultimate pick-me-up your afternoon is calling for.",5.45,Starbucks,"Coffee & Tea, Breakfast, Lunch, and Sweets",29.7505562,-95.3747082
"Houston, TX",Pink Drink Starbucks Refreshers® Beverage,"Our crisp Strawberry Açaí Refreshers® beverage--with accents of passion fruit and combined with creamy coconutmilk--evokes a fruity and refreshing sip of spring, no matter what time of year.",5.45,Starbucks,"Coffee & Tea, Breakfast, Lunch, and Sweets",29.7505562,-95.3747082
"Houston, TX",Strawberry Açaí Starbucks Refreshers® Beverage,"Sweet strawberry flavors accented by passion fruit and açaí notes, shaken with ice and real strawberry pieces—a welcoming sweet spot of refreshment.",4.65,Starbucks,"Coffee & Tea, Breakfast, Lunch, and Sweets",29.7505562,-95.3747082
"Houston, TX","Turkey Bacon, Cheddar & Egg White Sandwich","Sizzling turkey bacon and cage-free egg whites paired with creamy, melted, reduced-fat white Cheddar cheese on a wheat English muffin. -HIGH-PROTEIN",5.25,Starbucks,"Coffee & Tea, Breakfast, Lunch, and Sweets",29.7505562,-95.3747082
"Houston, TX","Double-Smoked Bacon, Cheddar & Egg Sandwich","Bacon smoked for six hours over hickory wood chips, stacked with a cage-free fried egg, topped with a melted slice of sharp Cheddar cheese—all on our signature croissant bun. -HIGH-PROTEIN",6.45,Starbucks,"Coffee & Tea, Breakfast, Lunch, and Sweets",29.7505562,-95.3747082
"Houston, TX",Banana Walnut & Pecan Loaf,"Bananas, walnuts and pecans mixed into a moist, nutty, classic banana bread. - VEGETARIAN",3.95,Starbucks,"Coffee & Tea, Breakfast, Lunch, and Sweets",29.7505562,-95.3747082
"Houston, TX",Blueberry Muffin,"Soft muffin with sweet, juicy blueberries and a hint of lemon, finished with a crunchy sugar topping. -VEGETARIAN",3.75,Starbucks,"Coffee & Tea, Breakfast, Lunch, and Sweets",29.7505562,-95.3747082
"Houston, TX",Cheese Danish,"Flaky, butter croissant dough with soft, warm cheese in the center. - VEGETARIAN",3.95,Starbucks,"Coffee & Tea, Breakfast, Lunch, and Sweets",29.7505562,-95.3747082
"Houston, TX",Pumpkin Scone,A spiced pumpkin scone topped with sweet icing.- VEGETARIAN,3.95,Starbucks,"Coffee & Tea, Breakfast, Lunch, and Sweets",29.7505562,-95.3747082
"Houston, TX",Double Chocolate Brownie,Rich chocolate brownie with generous chunks of semisweet chocolate.- VEGETARIAN,3.75,Starbucks,"Coffee & Tea, Breakfast, Lunch, and Sweets",29.7505562,-95.3747082
"Houston, TX",Everything Bagel,"Soft, chewy and thick New York–style bagel topped with onion, garlic, salt, poppy and sesame seeds. Available with cream cheese or butter. - VEGAN - VEGETARIAN",2.95,Starbucks,"Coffee & Tea, Breakfast, Lunch, and Sweets",29.7505562,-95.3747082
"Houston, TX",Lime-Frosted Coconut Bar,"A delightful combination of chewy coconut and oatmeal with mini white chocolate chips, topped with lime frosting made with cream cheese, drizzled with a white-chocolaty coating and sprinkled with coconut.- VEGETARIAN",3.75,Starbucks,"Coffee & Tea, Breakfast, Lunch, and Sweets",29.7505562,-95.3747082
"Houston, TX",Cinnamon Coffee Cake,"Buttery, moist, coffee cake swirled with a cinnamon-sugar blend and finished with a crunchy streusel topping. -VEGETARIAN",4.25,Starbucks,"Coffee & Tea, Breakfast, Lunch, and Sweets",29.7505562,-95.3747082
"Houston, TX",Crispy Grilled Cheese on Sourdough,"A blend of white Cheddar and mozzarella cheeses on sourdough bread, topped with a Parmesan butter spread. - VEGETARIAN - HIGH-PROTEIN",7.25,Starbucks,"Coffee & Tea, Breakfast, Lunch, and Sweets",29.7505562,-95.3747082
"Houston, TX",Perfect Bar® - Dark Chocolate Chip Peanut Butter,"The original peanut butter bar receives an upgrade with a sprinkle of Fair Trade dark chocolate chips and a pinch of sea salt. Plus, protein-packed with 20 organic superfoods, this guilt-free go-to bar satisfies any salty-sweet craving.",4.45,Starbucks,"Coffee & Tea, Breakfast, Lunch, and Sweets",29.7505562,-95.3747082
"Houston, TX",Extra Toast,,3.0,The Nash,"American, Dessert, Snacks, Pizza",29.75797,-95.3625108
"Houston, TX",Soup & Salad,cup of chef's daily preparation and a small Star or Green Goddess salad,18.2,The Nash,"American, Dessert, Snacks, Pizza",29.75797,-95.3625108
"Houston, TX",Green Goddes,"romaine lettuce, lacinato kale, grilled chicken, roasted asparagus, cucumber, parmesan crisp, green goddess dressing",15.6,The Nash,"American, Dessert, Snacks, Pizza",29.75797,-95.3625108
"Houston, TX",Mediterranean Chicken Salad,"Grilled Chicken, quinoa, cucumber, tomato, feta, crispy kale, spring mix, balsamic glaze",26.0,The Nash,"American, Dessert, Snacks, Pizza",29.75797,-95.3625108
"Houston, TX",Steak Salad,"spinach, radicchio, warm bacon vinaigrette, goat cheese, balsamic glazed shallots",31.2,The Nash,"American, Dessert, Snacks, Pizza",29.75797,-95.3625108
"Houston, TX",Mediterranean - No Chicken,"quinoa, cucumber, tomato, feta, crispy kale, spring mix, balsamic glaze",15.0,The Nash,"American, Dessert, Snacks, Pizza",29.75797,-95.3625108
"Houston, TX",Atlantic Salmon,"miso glazed, stir fry veggies, soy mushroom broth, toasted sesame seeds",45.5,The Nash,"American, Dessert, Snacks, Pizza",29.75797,-95.3625108
"Houston, TX",Steak Frites,"flat iron, chimichurri, parmesan fries, truffle aioli",46.8,The Nash,"American, Dessert, Snacks, Pizza",29.75797,-95.3625108
"Houston, TX",Cauliflower Paneer Curry,"peas, jasmine rice, spiced tomato gravy, garlic flatbread",27.3,The Nash,"American, Dessert, Snacks, Pizza",29.75797,-95.3625108
"Houston, TX",The Nash Burger,"pecan wood smoked bacon, aged cheddar, spicy dijonnaise, all the way, brioche bun.Choice of: chef's fries, side salad or cup of soup",26.0,The Nash,"American, Dessert, Snacks, Pizza",29.75797,-95.3625108
"Houston, TX",The Nash Hot Chicken,"Crispy Chicken, pickles, whole grain honey mustard, brioche bunChoice of: chef's fries, side salad or cup of soup",26.0,The Nash,"American, Dessert, Snacks, Pizza",29.75797,-95.3625108
"Houston, TX",BLT,"grilled chicken, pork belly, avocado, spring mix, tomato, grilled sourdough",24.7,The Nash,"American, Dessert, Snacks, Pizza",29.75797,-95.3625108
"Houston, TX",Banh Mi,"smoked pork belly, gochujang bbq sauce, cucumber, carrot, jalapeno, cilantro, baguetteChoice of: chef's fries, side salad or cup of soup",24.7,The Nash,"American, Dessert, Snacks, Pizza",29.75797,-95.3625108
"Houston, TX",Vegetarian Banh Mi,"tempura cauliflower, gochujang bbq sauce, cucumber, carrot, jalapeno, cilantro, baguetteChoice of: chef's fries, side salad or cup of soup",20.8,The Nash,"American, Dessert, Snacks, Pizza",29.75797,-95.3625108
"Houston, TX",Bacon Mac & Cheese,"three cheese blend, breadcrumbs",15.6,The Nash,"American, Dessert, Snacks, Pizza",29.75797,-95.3625108
"Houston, TX",Graze,"spanish chorizo, garlic, chardonnay, blistered tomatoes, herbed butter, capers, country bread",32.5,The Nash,"American, Dessert, Snacks, Pizza",29.75797,-95.3625108
"Houston, TX",Green Goddess,"romaine lettuce, lacinato kale, roasted asparagus, cucumber, parmesan crisp, green goddess dressing",15.6,The Nash,"American, Dessert, Snacks, Pizza",29.75797,-95.3625108
"Houston, TX",Crawfish fra Diavolo,"seafood ravioli, crawfish tails, tomato confit, roasted fennel, red pepper",39.0,The Nash,"American, Dessert, Snacks, Pizza",29.75797,-95.3625108
"Houston, TX",Miso Salmon,"miso glazed salmon, stir fry veggies, soy mushroom broth, toasted sesame seeds",45.5,The Nash,"American, Dessert, Snacks, Pizza",29.75797,-95.3625108
"Houston, TX",Pan-Seared Snapper,"parsnip purée, braised leeks, vadouvan roasted baby carrots, garlic mojo",45.5,The Nash,"American, Dessert, Snacks, Pizza",29.75797,-95.3625108
"Houston, TX",The Nash Burger,"pecan wood smoked bacon, aged cheddar, spicy dijonnaise, all the way, brioche bun, chef’s fries",26.0,The Nash,"American, Dessert, Snacks, Pizza",29.75797,-95.3625108
"Houston, TX",The Nash Hot Chicken,"Crispy chicken, pickles, whole grain honey mustard, brioche bun, chef's fries",26.0,The Nash,"American, Dessert, Snacks, Pizza",29.75797,-95.3625108
"Houston, TX",Flat Iron,"6oz, chimichurri, parmesan truffle fries, truffle aioli",46.8,The Nash,"American, Dessert, Snacks, Pizza",29.75797,-95.3625108
"Houston, TX",Filet Mignon,"8 oz, roasted potato, spinach, sweet corn fondue",63.7,The Nash,"American, Dessert, Snacks, Pizza",29.75797,-95.3625108
"Houston, TX",Prime Ribeye,"16 oz, grilled asparagus, Tuscan potatoes",84.5,The Nash,"American, Dessert, Snacks, Pizza",29.75797,-95.3625108
"Houston, TX",Lamb Curry,"spiced rack of lamb, roasted tomato gravy, green rice cake, curried vegetables",62.4,The Nash,"American, Dessert, Snacks, Pizza",29.75797,-95.3625108
"Houston, TX",Daily Soup - Cup,,13.0,The Nash,"American, Dessert, Snacks, Pizza",29.75797,-95.3625108
"Houston, TX",Daily Soup - Bowl,,16.9,The Nash,"American, Dessert, Snacks, Pizza",29.75797,-95.3625108
"Houston, TX",Small Star Salad,"field greens, smoked cherry, cucumber, pickled onion, radish, fennel, parmesan, lemon-oregano vinaigrette",9.0,The Nash,"American, Dessert, Snacks, Pizza",29.75797,-95.3625108
"Houston, TX",Small Roasted Beets,"herbed labneh, mandarin vinaigrette, arugula salad, dill pecan shortbread",11.0,The Nash,"American, Dessert, Snacks, Pizza",29.75797,-95.3625108
"Houston, TX",Small Green Goddess,"romaine lettuce, lacinato kale, roasted asparagus, cucumber, parmesan crisp, green goddess dressing",9.0,The Nash,"American, Dessert, Snacks, Pizza",29.75797,-95.3625108
"Houston, TX",Sauteed Mushrooms,,10.4,The Nash,"American, Dessert, Snacks, Pizza",29.75797,-95.3625108
"Houston, TX",DESSERT Flan,Home made cream cheese flan with delicious caramel on top.,9.59,La Calle Tacos,"Takeout, Tacos, Breakfast, Pickup, Lunch, Mexican, Sandwich",29.7635455,-95.360686
"Houston, TX",Penne Alla Vodka,"Penne pasta, onions, and prosciutto in a vodka tomato cream sauce.",21.99,Russo's New York Pizzeria & Italian Kitchen,"Italian, Pizza",29.781296,-95.388991
"Houston, TX",Italian Deli,"Prosciutto, Soppressata di salami, mortadella ham, provolone cheese, romaine lettuce, red onions, Roma tomatoes, and olive dressing.",13.99,Russo's New York Pizzeria & Italian Kitchen,"Italian, Pizza",29.781296,-95.388991
"Houston, TX",(L) WONTON SOUP,"Vietnamese shrimp & pork-filled wontons, BBQ pork & yu choy in a savory chicken broth.",6.6,Kim Son Cafe,"Asian, Vietnamese, Dim Sum, Takeout, Catering, Sushi, Pickup, Japanese",29.71763415,-95.41731318
"Houston, TX",(L) EGG DROP SOUP,Soup that is made from beaten eggs and broth.,5.4,Kim Son Cafe,"Asian, Vietnamese, Dim Sum, Takeout, Catering, Sushi, Pickup, Japanese",29.71763415,-95.41731318
"Houston, TX",(L) MISO SOUP,"Japanese miso soup with silky tofu, wakame seaweed and fresh chopped green onions.",3.9,Kim Son Cafe,"Asian, Vietnamese, Dim Sum, Takeout, Catering, Sushi, Pickup, Japanese",29.71763415,-95.41731318
"Houston, TX",(L) HOT & SOUR SOUP,"Soup that is both spicy and sour, typically flavored with hot pepper and vinegar.",5.4,Kim Son Cafe,"Asian, Vietnamese, Dim Sum, Takeout, Catering, Sushi, Pickup, Japanese",29.71763415,-95.41731318
"Houston, TX",(L) SEAWEED SALAD,Salad with a seasoned microalgae base,6.6,Kim Son Cafe,"Asian, Vietnamese, Dim Sum, Takeout, Catering, Sushi, Pickup, Japanese",29.71763415,-95.41731318
"Houston, TX",(L) GRILLED CHICKEN SALAD,"Mixed green, tomatoes,carrots & cripsy wonton strips topped with perfectly grilled lemon grass chicken. Served with our house miso ginger dressing. Substite for beef Add $2.00",14.28,Kim Son Cafe,"Asian, Vietnamese, Dim Sum, Takeout, Catering, Sushi, Pickup, Japanese",29.71763415,-95.41731318
"Houston, TX",(L) BEEF SALAD,,15.29,Kim Son Cafe,"Asian, Vietnamese, Dim Sum, Takeout, Catering, Sushi, Pickup, Japanese",29.71763415,-95.41731318
"Houston, TX",(L) SHRIMP SPRING ROLLS (2pcs),"Shrimp, vermicelli, bean sprouts & lettuce rolled in rice paper & served with peanut sauce. Vegetarian available upon request.",7.88,Kim Son Cafe,"Asian, Vietnamese, Dim Sum, Takeout, Catering, Sushi, Pickup, Japanese",29.71763415,-95.41731318
"Houston, TX",(L) CRAB RANGOON (3),"Crabmeat, cream cheese and carrots wrapped in wonton skins & golden-fried. Served with sweet & tangy sauce.",6.6,Kim Son Cafe,"Asian, Vietnamese, Dim Sum, Takeout, Catering, Sushi, Pickup, Japanese",29.71763415,-95.41731318
"Houston, TX",Imperial Chicken Egg Roll (2),Chicken sautéed with sweet onions & mushrooms rolled in wheat paper & fried to a crispy golden brown. Served with sweet & tangy sauce.,6.6,Kim Son Cafe,"Asian, Vietnamese, Dim Sum, Takeout, Catering, Sushi, Pickup, Japanese",29.71763415,-95.41731318
"Houston, TX",(L) Edamame,Boiled young soybeans in pods sprinkled with coarse sea salt.,5.7,Kim Son Cafe,"Asian, Vietnamese, Dim Sum, Takeout, Catering, Sushi, Pickup, Japanese",29.71763415,-95.41731318
"Houston, TX",(L) CHICKEN LETTUCE WRAPS,"Minced water chestnuts, carrots & mushrooms sautéed with chicken or shrimp. served with iceberg lettuce & peking duck sauce. Vegetarian available upon request. Substitute shrimp for an additional charge.",12.96,Kim Son Cafe,"Asian, Vietnamese, Dim Sum, Takeout, Catering, Sushi, Pickup, Japanese",29.71763415,-95.41731318
"Houston, TX","PHNOM PENH  \RICE NOODLE SOUP\""""","Rice noodles,shrimp,BBQ pork & yu choy in a savory chicken broth.",15.6,Kim Son Cafe,"Asian, Vietnamese, Dim Sum, Takeout, Catering, Sushi, Pickup, Japanese",29.71763415,-95.41731318
"Houston, TX","\CHINA TOWN\"" EGG NOODLE SOUP""","Egg noodles, shrimp, BBQ pork & yu choy in a savory chicken broth. Add 4 Vietnamese wontons for $2.00.",15.6,Kim Son Cafe,"Asian, Vietnamese, Dim Sum, Takeout, Catering, Sushi, Pickup, Japanese",29.71763415,-95.41731318
"Houston, TX",Grilled Pork Rice Plate,Cooked on a rack over a grill.,15.9,Kim Son Cafe,"Asian, Vietnamese, Dim Sum, Takeout, Catering, Sushi, Pickup, Japanese",29.71763415,-95.41731318
"Houston, TX",Grilled Beef & Chicken,,18.3,Kim Son Cafe,"Asian, Vietnamese, Dim Sum, Takeout, Catering, Sushi, Pickup, Japanese",29.71763415,-95.41731318
"Houston, TX",Grilled Shrimp & Chicken,,18.3,Kim Son Cafe,"Asian, Vietnamese, Dim Sum, Takeout, Catering, Sushi, Pickup, Japanese",29.71763415,-95.41731318
"Houston, TX",Grilled Combo,"Combination of perfectly grilled chicken, beef, & shrimp",19.8,Kim Son Cafe,"Asian, Vietnamese, Dim Sum, Takeout, Catering, Sushi, Pickup, Japanese",29.71763415,-95.41731318
"Houston, TX",COM TAM,"Broken rice with grilled pork, egg meatloaf, shredded pork, pickled vegetables, and sliced cucumber.",15.0,Kim Son Cafe,"Asian, Vietnamese, Dim Sum, Takeout, Catering, Sushi, Pickup, Japanese",29.71763415,-95.41731318
"Houston, TX",(L) HK BEEF NOODLES,"Flat rice noodles stir-fried with tender sliced beef, scallions  & bean sprouts in Mama La's sauce.",17.1,Kim Son Cafe,"Asian, Vietnamese, Dim Sum, Takeout, Catering, Sushi, Pickup, Japanese",29.71763415,-95.41731318
"Houston, TX",(L) SINGAPORE NOODLES,"Rice Vermicelli stir-fried with eggs, BBQ port, shrimp, bell peppers, callions & bean sprouts in our curry sauce.",17.1,Kim Son Cafe,"Asian, Vietnamese, Dim Sum, Takeout, Catering, Sushi, Pickup, Japanese",29.71763415,-95.41731318
"Houston, TX",(L) KIM SON DELUXE LOMEIN,"Lomein noodles stir-fried with beef, chicken, shrimp, cabbage, carrots & onions in Mama La's special sauce.",18.6,Kim Son Cafe,"Asian, Vietnamese, Dim Sum, Takeout, Catering, Sushi, Pickup, Japanese",29.71763415,-95.41731318
"Houston, TX",(L) PAD THAI,"Thin rice noodles stir-fried with chicken & shrimp in our tangy ,spicy Thai-style sauce. served with bean sprouts jalapenos, cilantro, lime & peanuts",17.1,Kim Son Cafe,"Asian, Vietnamese, Dim Sum, Takeout, Catering, Sushi, Pickup, Japanese",29.71763415,-95.41731318
"Houston, TX",(L) BBQ PORK & SNOW PEAS,Served with vegetable fried rice.  Steamed white or brown rice available upon request.,14.29,Kim Son Cafe,"Asian, Vietnamese, Dim Sum, Takeout, Catering, Sushi, Pickup, Japanese",29.71763415,-95.41731318
"Houston, TX",(L) BEEF AND BROCCOLI,Served with vegetable fried rice.  Steamed white or brown rice available upon request.,17.1,Kim Son Cafe,"Asian, Vietnamese, Dim Sum, Takeout, Catering, Sushi, Pickup, Japanese",29.71763415,-95.41731318
"Houston, TX",(L) HUNAN BEEF,Served with vegetable fried rice.  Steamed white or brown rice available upon request.,17.1,Kim Son Cafe,"Asian, Vietnamese, Dim Sum, Takeout, Catering, Sushi, Pickup, Japanese",29.71763415,-95.41731318
"Houston, TX",(L) PEPPER STEAK,Served with vegetable fried rice.  Steamed white or brown rice available upon request.,17.1,Kim Son Cafe,"Asian, Vietnamese, Dim Sum, Takeout, Catering, Sushi, Pickup, Japanese",29.71763415,-95.41731318
"Houston, TX",(L) ORANGE CHICKEN,Served with vegetable fried rice.  Steamed white or brown rice available upon request.,17.1,Kim Son Cafe,"Asian, Vietnamese, Dim Sum, Takeout, Catering, Sushi, Pickup, Japanese",29.71763415,-95.41731318
"Houston, TX",(L) SEASAME CHICKEN,Served with vegetable fried rice.  Steamed white or brown rice available upon request.,17.1,Kim Son Cafe,"Asian, Vietnamese, Dim Sum, Takeout, Catering, Sushi, Pickup, Japanese",29.71763415,-95.41731318
"Houston, TX",(L) GENERAL TSO'S CHICKEN,Served with vegetable fried rice.  Steamed white or brown rice available upon request.,17.1,Kim Son Cafe,"Asian, Vietnamese, Dim Sum, Takeout, Catering, Sushi, Pickup, Japanese",29.71763415,-95.41731318
"Houston, TX",(L) CURRY CHICKEN,Served with vegetable fried rice.  Steamed white or brown rice available upon request.,17.1,Kim Son Cafe,"Asian, Vietnamese, Dim Sum, Takeout, Catering, Sushi, Pickup, Japanese",29.71763415,-95.41731318
"Houston, TX",(L) CHICKEN & BROCCOLI,Served with vegetable fried rice.  Steamed white or brown rice available upon request.,17.1,Kim Son Cafe,"Asian, Vietnamese, Dim Sum, Takeout, Catering, Sushi, Pickup, Japanese",29.71763415,-95.41731318
"Houston, TX",(L) KUNG PAO CHICKEN,Served with vegetable fried rice.  Steamed white or brown rice available upon request.,17.1,Kim Son Cafe,"Asian, Vietnamese, Dim Sum, Takeout, Catering, Sushi, Pickup, Japanese",29.71763415,-95.41731318
"Houston, TX",(L) SWEET & SOUR CHICKEN,Served with vegetable fried rice.  Steamed white or brown rice available upon request.,17.1,Kim Son Cafe,"Asian, Vietnamese, Dim Sum, Takeout, Catering, Sushi, Pickup, Japanese",29.71763415,-95.41731318
"Houston, TX",(L) ORANGE SHRIMP,Served with vegetable fried rice.  Steamed white or brown rice available upon request.,18.6,Kim Son Cafe,"Asian, Vietnamese, Dim Sum, Takeout, Catering, Sushi, Pickup, Japanese",29.71763415,-95.41731318
"Houston, TX",(L) GENERAL TSO'S SHRIMP,Served with vegetable fried rice.  Steamed white or brown rice available upon request.,18.6,Kim Son Cafe,"Asian, Vietnamese, Dim Sum, Takeout, Catering, Sushi, Pickup, Japanese",29.71763415,-95.41731318
"Houston, TX",(L) SESAME SHRIMP,Served with vegetable fried rice.  Steamed white or brown rice available upon request.,18.6,Kim Son Cafe,"Asian, Vietnamese, Dim Sum, Takeout, Catering, Sushi, Pickup, Japanese",29.71763415,-95.41731318
"Houston, TX",(L) SHRIMP & SNAP PEAS,Served with vegetable fried rice.  Steamed white or brown rice available upon request.,18.6,Kim Son Cafe,"Asian, Vietnamese, Dim Sum, Takeout, Catering, Sushi, Pickup, Japanese",29.71763415,-95.41731318
"Houston, TX",(L) CURRY SHRIMP,Served with vegetable fried rice.  Steamed white or brown rice available upon request.,18.6,Kim Son Cafe,"Asian, Vietnamese, Dim Sum, Takeout, Catering, Sushi, Pickup, Japanese",29.71763415,-95.41731318
"Houston, TX",(L) KUNG PAO SHRIMP,Served with vegetable fried rice.  Steamed white or brown rice available upon request.,18.6,Kim Son Cafe,"Asian, Vietnamese, Dim Sum, Takeout, Catering, Sushi, Pickup, Japanese",29.71763415,-95.41731318
"Houston, TX",(L) BUDDHA DELIGHT,Served with vegetable fried rice.  Steamed white or brown rice available upon request.,14.7,Kim Son Cafe,"Asian, Vietnamese, Dim Sum, Takeout, Catering, Sushi, Pickup, Japanese",29.71763415,-95.41731318
"Houston, TX",(L) GENERAL TSO'S TOFU,Served with vegetable fried rice.  Steamed white or brown rice available upon request.,14.7,Kim Son Cafe,"Asian, Vietnamese, Dim Sum, Takeout, Catering, Sushi, Pickup, Japanese",29.71763415,-95.41731318
"Houston, TX",(L) DELUXE TOFU,Served with vegetable fried rice.  Steamed white or brown rice available upon request.,14.7,Kim Son Cafe,"Asian, Vietnamese, Dim Sum, Takeout, Catering, Sushi, Pickup, Japanese",29.71763415,-95.41731318
"Houston, TX",(L) CURRY TOFU,Served with vegetable fried rice.  Steamed white or brown rice available upon request.,14.7,Kim Son Cafe,"Asian, Vietnamese, Dim Sum, Takeout, Catering, Sushi, Pickup, Japanese",29.71763415,-95.41731318
"Houston, TX",PAN-SEARED TOFU V-BOWL,"Rice vermicelli, bean sprout, & fressh vegetables topped with seasoning seared tofu.  Served with vegetarian soy sauce.",11.9,Kim Son Cafe,"Asian, Vietnamese, Dim Sum, Takeout, Catering, Sushi, Pickup, Japanese",29.71763415,-95.41731318
"Houston, TX",V-BOWL PORK,"Vermicelli bowls are topped with green onions and peanuts. Served with fresh lettuce, bean sprouts, cucumbers, and carrots, and nuoc mam.",13.0,Kim Son Cafe,"Asian, Vietnamese, Dim Sum, Takeout, Catering, Sushi, Pickup, Japanese",29.71763415,-95.41731318
"Houston, TX",V-BOWL CHICKEN,,13.0,Kim Son Cafe,"Asian, Vietnamese, Dim Sum, Takeout, Catering, Sushi, Pickup, Japanese",29.71763415,-95.41731318
"Houston, TX",20 Wings,,27.99,Texas Pizza & Grill,Texas Pizza & Grill,29.7339566,-95.40682
"Houston, TX",30 Wings,,39.99,Texas Pizza & Grill,Texas Pizza & Grill,29.7339566,-95.40682
"Houston, TX",50 Wings,,64.99,Texas Pizza & Grill,Texas Pizza & Grill,29.7339566,-95.40682
"Houston, TX",Peanut Butter,"The flavor of a peanut butter cookie is just hard to beat. They’re perfectly sweet and buttery rich, and they’re sure to satisfy that peanut butter craving.                                                                Ingredients: All-purpose Flour, Baking Soda, Baking Powder, Salt, Unsalted Butter, Granulated Sugar, Brown sugar, Creamy Peanut Butter, Egg and Vanilla Extract.",3.03,Lucy Pearl's,"Dessert, Cakes, Pie, Organic Cakes, Pancakes, Desserts, Cupcakes",29.7662149,-95.3648839
"Houston, TX",Chocolate Chip w/Pecans,Delicious Brown Butter Pecan Chocolate chip cookies loaded with pecans and cinnamon are the ultimate chewy & gooey cookies.,3.03,Lucy Pearl's,"Dessert, Cakes, Pie, Organic Cakes, Pancakes, Desserts, Cupcakes",29.7662149,-95.3648839
"Houston, TX",Red Velvet White Chocolate Chip,"Delicious and chewy red velvet cookies with white chocolate chips. Rich, sweet, with a hint of tang.",3.03,Lucy Pearl's,"Dessert, Cakes, Pie, Organic Cakes, Pancakes, Desserts, Cupcakes",29.7662149,-95.3648839
"Houston, TX",Margherita Flatbread & Caesar Salad Combo - available until 3pm,classic italian combination,16.0,Pinstripes,American,29.7355813,-95.4187619
"Houston, TX",Mia's Roasted Turkey Sandwich - available until 3pm,"cranberry sauce, sliced apple, provolone, whole grain mustard",14.0,Pinstripes,American,29.7355813,-95.4187619
"Houston, TX",Chop Salad & Soup Combo - available until 3pm,signature chop salad and bowl of soup,15.0,Pinstripes,American,29.7355813,-95.4187619
"Houston, TX",Italian Salami Sub - available until 3pm,"genoa salami, roasted red peppers, basil, fresh mozzarella, calabrese sauce, parmesan crusted baguette",15.0,Pinstripes,American,29.7355813,-95.4187619
"Houston, TX",Famous Prime Rib Dip,"pretzel bun, provolone cheese, horseradish cream, au jus. served with parmesan fries.",19.0,Pinstripes,American,29.7355813,-95.4187619
"Houston, TX",Chicken Parmesan - available 3pm-9pm,"all natural cage free chicken, peppercorn cream sauce, fresh mozzarella",24.0,Pinstripes,American,29.7355813,-95.4187619
"Houston, TX",Chicago Style Baby Back Ribs - Half Order - available 3pm-9pm,"balsamic bbq sauce, parmesan fries, pickle",20.0,Pinstripes,American,29.7355813,-95.4187619
"Houston, TX",Chicago Style Baby Back Ribs - Full Order - available 3pm-9pm,"balsamic bbq sauce, parmesan fries, pickle",27.0,Pinstripes,American,29.7355813,-95.4187619
"Houston, TX",Italian 'Jambalaya' - available 3pm-9pm,"spicy chicken, grilled shrimp, risotto, sausage, roasted pepper",27.0,Pinstripes,American,29.7355813,-95.4187619
"Houston, TX",Maple Glazed Salmon - available 3pm-9pm,"ancient grains, cucumber, grape tomato, pesto, calabrese",29.0,Pinstripes,American,29.7355813,-95.4187619
"Houston, TX",Queso Flameado Fajita,Beef or chicken fajita covered in spicy ranchero sauce and smothered with melted Monterey jack.,9.95,La fiesta resturant & cantina,La fiesta resturant & cantina,29.7763934,-95.387658
"Houston, TX",Steak Build It Burrito or Bowl,"Starts with  sour cream, Pepper Jack Cheese and cilantro rice. Pick beans (pinto and black), veggies (corn relish, cilantro and onion, and fajita peppers), salsa (pico de gallo, diablo salsa, and salsa verde).",9.29,Zelda's Teriyaki,"Teriyaki, Chicken, Gluten-Free, Dessert",29.7226889,-95.3704827
"Houston, TX",Chicken Build It Burrito or Bowl,"Starts with  sour cream, Pepper Jack Cheese and cilantro rice. Pick beans (pinto and black), veggies (corn relish, cilantro and onion, and fajita peppers), salsa (pico de gallo, diablo salsa, and salsa verde).",7.99,Zelda's Teriyaki,"Teriyaki, Chicken, Gluten-Free, Dessert",29.7226889,-95.3704827
"Houston, TX",Shredded Beef Build It Burrito or Bowl,"Starts with  sour cream, Pepper Jack Cheese and cilantro rice. Pick beans (pinto and black), veggies (corn relish, cilantro and onion, and fajita peppers), salsa (pico de gallo, diablo salsa, and salsa verde).",9.29,Zelda's Teriyaki,"Teriyaki, Chicken, Gluten-Free, Dessert",29.7226889,-95.3704827
"Houston, TX",Soft Taco Fast Pack,Eight Soft Tacos - Our Best Sellers! Served with 8 Spicy Salsas and 8 FREE Amigos Famous Ranch,32.49,Zelda's Teriyaki,"Teriyaki, Chicken, Gluten-Free, Dessert",29.7226889,-95.3704827
"Houston, TX",Crisp Crab Rangoon Fast Pack,Eight Crisp Crab Rangoon Burritos served with 8 Spicy Salsas and 8 FREE Amigos Famous Ranch.,29.99,Zelda's Teriyaki,"Teriyaki, Chicken, Gluten-Free, Dessert",29.7226889,-95.3704827
"Houston, TX",Chicken Soft Taco Fast Pack,Eight Chicken Soft Tacos served with 8 Spicy Salsas and 8 FREE Amigos Famous Ranch.,32.49,Zelda's Teriyaki,"Teriyaki, Chicken, Gluten-Free, Dessert",29.7226889,-95.3704827
"Houston, TX",Cheesy Burrito Fast Packs,Eight Cheesy Burritos served with 8 Spicy Salsas and 8 FREE Amigos Famous Ranch.,32.49,Zelda's Teriyaki,"Teriyaki, Chicken, Gluten-Free, Dessert",29.7226889,-95.3704827
"Houston, TX",Combo Burrito Fast Pack,Eight Combination Burritos served with 8 Spicy Salsas and 8 FREE Amigos Famous Ranch.,32.49,Zelda's Teriyaki,"Teriyaki, Chicken, Gluten-Free, Dessert",29.7226889,-95.3704827
"Houston, TX",Crisp Meat Burrito Fast Pack,Eight Crisp Meat Burritos served with 8 Spicy Salsas and 8 FREE Amigos Famous Ranch.,32.49,Zelda's Teriyaki,"Teriyaki, Chicken, Gluten-Free, Dessert",29.7226889,-95.3704827
"Houston, TX",Crisp Chicken Burrito Fast Pack,Eight Crisp Chicken Burritos served with 8 Spicy Salsas and 8 FREE Amigos Famous Ranch.,32.49,Zelda's Teriyaki,"Teriyaki, Chicken, Gluten-Free, Dessert",29.7226889,-95.3704827
"Houston, TX",Cinnamon Roll,"A classic, glazed Cinnamon Roll.",3.11,Zelda's Teriyaki,"Teriyaki, Chicken, Gluten-Free, Dessert",29.7226889,-95.3704827
"Houston, TX",Half Dozen Jumbo Donut Holes,JUMBO Birthday Cake Filled.,5.36,Zelda's Teriyaki,"Teriyaki, Chicken, Gluten-Free, Dessert",29.7226889,-95.3704827
"Houston, TX",Dozen Warm Donut Holes,"Assortment of Cinnamon Sugar Cake, Glazed Cake, Cinnamon Sugar Raised, and Glazed Raised Donut Holes.",4.99,Zelda's Teriyaki,"Teriyaki, Chicken, Gluten-Free, Dessert",29.7226889,-95.3704827
"Houston, TX",Cheesy Ranch Party Dip,"Refritos, Amigos Famous Ranch, Spicy Cheese Sauce, shredded cheddar cheese, sour cream, tomatoes, green onion and black olives.",6.49,Zelda's Teriyaki,"Teriyaki, Chicken, Gluten-Free, Dessert",29.7226889,-95.3704827
"Houston, TX",Crispy Cheesy Burrito,"Cream cheese, cheddar cheese, and Pepper Jack cheese rolled inside a crisp flour tortilla.",4.99,Zelda's Teriyaki,"Teriyaki, Chicken, Gluten-Free, Dessert",29.7226889,-95.3704827
"Houston, TX",Crisp Cheesy Burrito Combo Meal,"Cream cheese, cheddar cheese, and Pepper Jack cheese rolled inside a crisp flour tortilla.",9.99,Zelda's Teriyaki,"Teriyaki, Chicken, Gluten-Free, Dessert",29.7226889,-95.3704827
"Houston, TX",Ecuadorian Shrimp Ceviche,"4 jumbo shrimp, fresh lime, lemon & orange juice, cilantro, espelette, jalapeño, red onion, plantain chip",19.0,Maison Pucha Bistro,"Pickup, Takeout, Latin American, French",29.7891736,-95.3880214
"Houston, TX",Crisp Bacon Ranch Chicken Burrito,"Seasoned grilled chicken, bacon, and Ranch dressing mixed with cream cheese all rolled inside a crispy flour tortilla.",4.99,Zelda's Teriyaki,"Teriyaki, Chicken, Gluten-Free, Dessert",29.7226889,-95.3704827
"Houston, TX",Steak Frites,"8 oz C.A.B hanger steak seared a la plancha, maison fries, chives, bearnaise",41.0,Maison Pucha Bistro,"Pickup, Takeout, Latin American, French",29.7891736,-95.3880214
"Houston, TX",Crisp Bacon Ranch Chicken Burrito Combo Meal,"Seasoned grilled chicken, bacon, and Ranch dressing mixed with cream cheese all rolled inside a crispy flour tortilla.",9.99,Zelda's Teriyaki,"Teriyaki, Chicken, Gluten-Free, Dessert",29.7226889,-95.3704827
"Houston, TX",Double Crunch Chicken Taco,"Get both a soft flour shell and crisp flour shell stuffed with refritos, marinated chicken, sour cream, cheddar cheese, lettuce and Chipotle Ranch.  Double good!!",4.49,Zelda's Teriyaki,"Teriyaki, Chicken, Gluten-Free, Dessert",29.7226889,-95.3704827
"Houston, TX",Double Crunch Taco Combo Meal,"Your choice of Taco Meat or Chicken in both a soft flour shell and crisp flour shell stuffed with refritos, sour cream, cheddar cheese, lettuce and Chipotle Ranch. What a combination of flavors! Includes regular size Mexi Fries and a medium Soft Drink.",9.99,Zelda's Teriyaki,"Teriyaki, Chicken, Gluten-Free, Dessert",29.7226889,-95.3704827
"Houston, TX",Combo 1. Soft Taco,"Seasoned ground beef, cheddar cheese, lettuce, and sour cream rolled in a soft flour tortilla.",10.29,Zelda's Teriyaki,"Teriyaki, Chicken, Gluten-Free, Dessert",29.7226889,-95.3704827
"Houston, TX",Combo 2. Crisp Meat,Seasoned ground beef and cheddar cheese rolled in a flour tortilla and fried crisp.,10.49,Zelda's Teriyaki,"Teriyaki, Chicken, Gluten-Free, Dessert",29.7226889,-95.3704827
"Houston, TX",Combo 2. Crisp Chicken,"Seasoned grilled chicken, cream cheese, green onions, and mild green chilies rolled in a crisp golden tortilla.",10.49,Zelda's Teriyaki,"Teriyaki, Chicken, Gluten-Free, Dessert",29.7226889,-95.3704827
"Houston, TX",Combo 3. Two Crisp Tacos,"Seasoned ground beef, cheddar cheese, and lettuce in a crisp corn shell.",9.49,Zelda's Teriyaki,"Teriyaki, Chicken, Gluten-Free, Dessert",29.7226889,-95.3704827
"Houston, TX",Combo 4. Chicken Soft Taco,"Seasoned grilled chicken, cheddar cheese, sour cream, and lettuce in a soft flour tortilla.",10.79,Zelda's Teriyaki,"Teriyaki, Chicken, Gluten-Free, Dessert",29.7226889,-95.3704827
"Houston, TX",Combo 5. Cheesy Burrito,"Lots of melted cheddar cheese, and a thin layer of refritos rolled in a flour tortilla.",10.29,Zelda's Teriyaki,"Teriyaki, Chicken, Gluten-Free, Dessert",29.7226889,-95.3704827
"Houston, TX",Combo 6. Grilled Roll-Up,"Grilled or southwest chicken, pepper jack cheese, pico de gallo, lettuce, and ranch dressing inside a grilled salsa tortilla.",12.49,Zelda's Teriyaki,"Teriyaki, Chicken, Gluten-Free, Dessert",29.7226889,-95.3704827
"Houston, TX",Combo 7. Quesadilla Burrito,"Marinated steak, grilled chicken, or southwest chicken, with bacon bits, cheddar cheese, and Pepper jack cheese, ranch dressing, and pico de gallo, all wrapped in a grilled flour tortilla.",10.99,Zelda's Teriyaki,"Teriyaki, Chicken, Gluten-Free, Dessert",29.7226889,-95.3704827
"Houston, TX",Combo 8. Grilled Grande Burrito,"Southwest chicken, steak, or taco meat with refritos, crumbled mexi fries, cheese sauce, and ranch all rolled in a homestyle tortilla that’s grilled.",10.99,Zelda's Teriyaki,"Teriyaki, Chicken, Gluten-Free, Dessert",29.7226889,-95.3704827
"Houston, TX",Combo 9. Bacon Ranch Kingburger,"Two all-beef patties topped with crisp bacon, tomato, lettuce, two slices of melted pepper jack cheese, and ranch dressing in a seeded bun.",12.49,Zelda's Teriyaki,"Teriyaki, Chicken, Gluten-Free, Dessert",29.7226889,-95.3704827
"Houston, TX",Combo 10. BBQ Jack Burger,"A seeded bun with an all-beef patty topped with pepper jack cheese, bacon, crunchy onion straws, and BBQ mayo sauce.",10.99,Zelda's Teriyaki,"Teriyaki, Chicken, Gluten-Free, Dessert",29.7226889,-95.3704827
"Houston, TX",Combo 11. Double Cheeseburger,"Two all-beef patties topped with two slices of melted American cheese, diced onions, pickles, ketchup, and mustard in a seeded bun.",11.49,Zelda's Teriyaki,"Teriyaki, Chicken, Gluten-Free, Dessert",29.7226889,-95.3704827
"Houston, TX",Combo 12. Cheeseburger,"An all-beef patties topped with one slice of melted American cheese, diced onions, pickles, ketchup, and mustard in a seeded bun.",9.29,Zelda's Teriyaki,"Teriyaki, Chicken, Gluten-Free, Dessert",29.7226889,-95.3704827
"Houston, TX",Combo 13. Chicken Bites,Tender white meat that is coated in batter and fried crisp.,11.79,Zelda's Teriyaki,"Teriyaki, Chicken, Gluten-Free, Dessert",29.7226889,-95.3704827
"Houston, TX",Combo 14. Cheese Frenchee,Sandwich with American cheese and salad dressing that’s hand-dipped in egg batter and cracker crumbs and fried to a golden brown. Three triangle sections with two sliced pickles in an order.,10.49,Zelda's Teriyaki,"Teriyaki, Chicken, Gluten-Free, Dessert",29.7226889,-95.3704827
"Houston, TX",Amigos Famous Ranch Dressing,Amigos Famous Ranch Dressing made from scratch.,0.5,Zelda's Teriyaki,"Teriyaki, Chicken, Gluten-Free, Dessert",29.7226889,-95.3704827
"Houston, TX",Spicy Cheese Sauce,Amigos Spicy Cheese Sauce made from scratch.,0.5,Zelda's Teriyaki,"Teriyaki, Chicken, Gluten-Free, Dessert",29.7226889,-95.3704827
"Houston, TX",Taco,"Seasoned ground beef, cheddar cheese, and lettuce in a crisp corn shell.",2.49,Zelda's Teriyaki,"Teriyaki, Chicken, Gluten-Free, Dessert",29.7226889,-95.3704827
"Houston, TX",Soft Taco,"Seasoned ground beef, cheddar cheese, lettuce, and sour cream rolled in a soft flour tortilla.",4.99,Zelda's Teriyaki,"Teriyaki, Chicken, Gluten-Free, Dessert",29.7226889,-95.3704827
"Houston, TX",Chicken Soft Taco,"Seasoned grilled chicken, cheddar cheese, sour cream, and lettuce in a soft flour tortilla.",5.49,Zelda's Teriyaki,"Teriyaki, Chicken, Gluten-Free, Dessert",29.7226889,-95.3704827
"Houston, TX",Cheesy Burrito,"Lots of melted cheddar cheese, and a thin layer of refritos rolled in a flour tortilla.",4.99,Zelda's Teriyaki,"Teriyaki, Chicken, Gluten-Free, Dessert",29.7226889,-95.3704827
"Houston, TX",Combo Burrito,"Seasoned ground beef, refritos, cheese, enchilada sauce, and sour cream rolled in a soft flour tortilla.",4.99,Zelda's Teriyaki,"Teriyaki, Chicken, Gluten-Free, Dessert",29.7226889,-95.3704827
"Houston, TX",Soft Meat Burrito,"Seasoned ground beef, cheddar cheese, and enchilada sauce wrapped in a steamy flour tortilla.",4.99,Zelda's Teriyaki,"Teriyaki, Chicken, Gluten-Free, Dessert",29.7226889,-95.3704827
"Houston, TX",Soft Pinto Burrito,"Refritos, cheese, and enchilada sauce in a flour tortilla.",3.49,Zelda's Teriyaki,"Teriyaki, Chicken, Gluten-Free, Dessert",29.7226889,-95.3704827
"Houston, TX",Crisp Meat Burrito,Seasoned ground beef and cheddar cheese rolled in a flour tortilla and fried crisp.,4.99,Zelda's Teriyaki,"Teriyaki, Chicken, Gluten-Free, Dessert",29.7226889,-95.3704827
"Houston, TX",Crisp Chicken Burrito,"Seasoned grilled chicken, cream cheese, green onions, and mild green chilies rolled in a crisp golden tortilla.",4.99,Zelda's Teriyaki,"Teriyaki, Chicken, Gluten-Free, Dessert",29.7226889,-95.3704827
"Houston, TX",Crisp Pinto Burrito,Refritos and cheese rolled in a fried flour tortilla.,2.99,Zelda's Teriyaki,"Teriyaki, Chicken, Gluten-Free, Dessert",29.7226889,-95.3704827
"Houston, TX",Grilled Rollup,"Grilled or southwest chicken, pepper jack cheese, pico de gallo, lettuce, and ranch dressing inside a grilled salsa tortilla.",8.79,Zelda's Teriyaki,"Teriyaki, Chicken, Gluten-Free, Dessert",29.7226889,-95.3704827
"Houston, TX",Grilled Grande Burrito,"Southwest chicken, steak, or taco meat with refritos, crumbled mexi fries, cheese sauce, and ranch all rolled in a homestyle tortilla that’s grilled.",6.29,Zelda's Teriyaki,"Teriyaki, Chicken, Gluten-Free, Dessert",29.7226889,-95.3704827
"Houston, TX",Quesadilla Burritos,"Marinated steak, grilled chicken, or southwest chicken, with bacon bits, cheddar cheese, and pepper jack cheese, ranch dressing, and pico de gallo, all wrapped in a grilled flour tortilla.",6.79,Zelda's Teriyaki,"Teriyaki, Chicken, Gluten-Free, Dessert",29.7226889,-95.3704827
"Houston, TX",Nacho,"An appetizer or a meal in itself! Crisp corn chips covered with refritos, enchilada sauce, melted cheddar, and jack cheese, and topped with guacamole, sour cream, and tomatoes.",9.19,Zelda's Teriyaki,"Teriyaki, Chicken, Gluten-Free, Dessert",29.7226889,-95.3704827
"Houston, TX",Meat Nacho,"An appetizer or a meal in itself! Crisp corn chips covered with refritos, enchilada sauce, melted cheddar, and jack cheese, and topped with seasoned ground beef, guacamole, sour cream, and tomatoes.",9.99,Zelda's Teriyaki,"Teriyaki, Chicken, Gluten-Free, Dessert",29.7226889,-95.3704827
"Houston, TX",Meat Works Nacho,"An appetizer or a meal in itself! Crisp corn chips covered with refritos, enchilada sauce, melted cheddar, and jack cheese, and topped with seasoned ground beef, guacamole, sour cream, tomatoes, lettuce, green onion, and olives.",10.49,Zelda's Teriyaki,"Teriyaki, Chicken, Gluten-Free, Dessert",29.7226889,-95.3704827
"Houston, TX",Mexi Fry Nacho,"Golden, crisp mexi fries covered with refritos, ranch dressing, cheese sauce, and seasoned ground beef topped with tomatoes, green onion, sour cream, and guacamole.",8.49,Zelda's Teriyaki,"Teriyaki, Chicken, Gluten-Free, Dessert",29.7226889,-95.3704827
"Houston, TX",Cheese Enchilada,"Monterey jack cheese and onion rolled in a flour tortilla, smothered with enchilada sauce and cheddar cheese.",6.99,Zelda's Teriyaki,"Teriyaki, Chicken, Gluten-Free, Dessert",29.7226889,-95.3704827
"Houston, TX",Meat Enchilada,"Seasoned ground beef, monterey jack cheese, and onions rolled in a flour tortilla then topped with enchilada sauce and cheese sauce.",7.99,Zelda's Teriyaki,"Teriyaki, Chicken, Gluten-Free, Dessert",29.7226889,-95.3704827
"Houston, TX",Taco Salad,"Lettuce blend, seasoned ground beef, cheddar cheese, black olives, green onions, and tomatoes served in fresh, crisp tortilla bowl topped with sour cream and tortilla strips.",8.99,Zelda's Teriyaki,"Teriyaki, Chicken, Gluten-Free, Dessert",29.7226889,-95.3704827
"Houston, TX",Chicken Taco Salad,"Lettuce blend, grilled chicken, cheddar cheese, black olives, green onions, and tomatoes served in fresh, crisp tortilla bowl topped with sour cream and tortilla strips.",9.99,Zelda's Teriyaki,"Teriyaki, Chicken, Gluten-Free, Dessert",29.7226889,-95.3704827
"Houston, TX",Southwest Chicken Premium Salad,"A bed of lettuce topped with spicy breaded chicken, cheddar cheese, pico de gallo, corn and bean mix, pepita seeds and crispy tortilla strips. Served with zesty ranch dressing.",9.99,Zelda's Teriyaki,"Teriyaki, Chicken, Gluten-Free, Dessert",29.7226889,-95.3704827
"Houston, TX",Nut & Berry Chicken Salad,"Our lettuce blend topped with grilled chicken, jack cheese, dried cranberries, and tasty glazed walnuts. Served with poppyseed dressing.",9.99,Zelda's Teriyaki,"Teriyaki, Chicken, Gluten-Free, Dessert",29.7226889,-95.3704827
"Houston, TX",Fiesta Lime Chicken Salad,"Seasoned grilled chicken, black beans, red peppers, corn, cheddar cheese, tomatoes, and green onion, all on a blend of lettuce. Served with lime wedges. Available in half size. Recommended dressing: Honey Lime.",9.99,Zelda's Teriyaki,"Teriyaki, Chicken, Gluten-Free, Dessert",29.7226889,-95.3704827
"Houston, TX",Aztec Street Tacos,"Shredded beef, grilled chicken or marinated steak folded into lightly grilled corn tortillas topped with onion, fresh cilantro, and a zesty lime wedge.",3.99,Zelda's Teriyaki,"Teriyaki, Chicken, Gluten-Free, Dessert",29.7226889,-95.3704827
"Houston, TX",Lime Crema Shrimp Burrito,,7.99,Zelda's Teriyaki,"Teriyaki, Chicken, Gluten-Free, Dessert",29.7226889,-95.3704827
"Houston, TX",Steak Street Taco Lime Crema,"Marinated steak with fresh pico de gallo, homemade lime crema sauce and Cotija cheese crumbles, all wrapped in lightly grilled corn tortillas and served with a lime wedge.",4.49,Zelda's Teriyaki,"Teriyaki, Chicken, Gluten-Free, Dessert",29.7226889,-95.3704827
"Houston, TX",Chicken Street Taco Lime Crema,"Marinated Chicken with fresh pico de gallo, homemade lime crema sauce and Cotija cheese crumbles, all wrapped in lightly grilled corn tortillas and served with a lime wedge.",3.69,Zelda's Teriyaki,"Teriyaki, Chicken, Gluten-Free, Dessert",29.7226889,-95.3704827
"Houston, TX",Aztec Street Taco Platter,"Shredded beef, grilled chicken or marinated steak folded into lightly grilled corn tortillas topped with onion, fresh cilantro, and a zesty lime wedge.",8.24,Zelda's Teriyaki,"Teriyaki, Chicken, Gluten-Free, Dessert",29.7226889,-95.3704827
"Houston, TX",Bacon Ranch Kingburger,"Two all-beef patties topped with crisp bacon, tomato, lettuce, two slices of melted pepper jack cheese, and ranch dressing in a seeded bun.",7.99,Zelda's Teriyaki,"Teriyaki, Chicken, Gluten-Free, Dessert",29.7226889,-95.3704827
"Houston, TX",Double Cheeseburger,"Two all-beef patties topped with two slices of melted American cheese, diced onions, pickles, ketchup, and mustard in a seeded bun.",7.49,Zelda's Teriyaki,"Teriyaki, Chicken, Gluten-Free, Dessert",29.7226889,-95.3704827
"Houston, TX",BBQ Jack Burger,"A seeded bun with an all-beef patty topped with pepper jack cheese, bacon, crunchy onion straws, and BBQ mayo sauce.",6.99,Zelda's Teriyaki,"Teriyaki, Chicken, Gluten-Free, Dessert",29.7226889,-95.3704827
"Houston, TX",Cheeseburger,"An all-beef patties topped with one slice of melted American cheese, diced onions, pickles, ketchup, and mustard in a seeded bun.",4.29,Zelda's Teriyaki,"Teriyaki, Chicken, Gluten-Free, Dessert",29.7226889,-95.3704827
"Houston, TX",Chicken Bites,Tender white meat that is coated in batter and fried crisp.,7.99,Zelda's Teriyaki,"Teriyaki, Chicken, Gluten-Free, Dessert",29.7226889,-95.3704827
"Houston, TX",Cheese Frenchee,Sandwich with American cheese and salad dressing that’s hand-dipped in egg batter and cracker crumbs and fried to a golden brown. Three triangle sections with two sliced pickles in an order.,5.99,Zelda's Teriyaki,"Teriyaki, Chicken, Gluten-Free, Dessert",29.7226889,-95.3704827
"Houston, TX",4-Piece Boneless Wings,"Crispy, breaded, all-white chicken bites coated in buffalo, sweet and spicy, sweet BBQ, garlic Parmesan, mango habanero sauce, or teriyaki.",6.29,Zelda's Teriyaki,"Teriyaki, Chicken, Gluten-Free, Dessert",29.7226889,-95.3704827
"Houston, TX",8-Piece Boneless Wings,"Crispy, breaded, all-white chicken bites coated in buffalo, sweet and spicy, sweet BBQ, garlic parmesan, mango habanero sauce or teriyaki.",9.49,Zelda's Teriyaki,"Teriyaki, Chicken, Gluten-Free, Dessert",29.7226889,-95.3704827
"Houston, TX",Mexi Fries,Tater gems served crispy on the outside and soft on the inside. Dusted with seasoning.,3.99,Zelda's Teriyaki,"Teriyaki, Chicken, Gluten-Free, Dessert",29.7226889,-95.3704827
"Houston, TX",French Fries,Crisp-coated french fries,3.99,Zelda's Teriyaki,"Teriyaki, Chicken, Gluten-Free, Dessert",29.7226889,-95.3704827
"Houston, TX",Chips & Salsa,Tortilla chips served with a side of our made from scratch salsa,3.74,Zelda's Teriyaki,"Teriyaki, Chicken, Gluten-Free, Dessert",29.7226889,-95.3704827
"Houston, TX",Crispos,Chips sprinkled with cinnamon sugar.,3.24,Zelda's Teriyaki,"Teriyaki, Chicken, Gluten-Free, Dessert",29.7226889,-95.3704827
"Houston, TX",Order of Refritos,Order of Beans,3.49,Zelda's Teriyaki,"Teriyaki, Chicken, Gluten-Free, Dessert",29.7226889,-95.3704827
"Houston, TX",Order of Mexican Rice,Order of Mexican Rice,3.49,Zelda's Teriyaki,"Teriyaki, Chicken, Gluten-Free, Dessert",29.7226889,-95.3704827
"Houston, TX",Taco Kids Meal,"Seasoned ground beef, cheddar cheese, and lettuce in a crisp corn shell.",5.99,Zelda's Teriyaki,"Teriyaki, Chicken, Gluten-Free, Dessert",29.7226889,-95.3704827
"Houston, TX",Soft Taco Kids Meal,"Seasoned ground beef, cheddar cheese, lettuce, and sour cream rolled in a soft flour tortilla.",5.99,Zelda's Teriyaki,"Teriyaki, Chicken, Gluten-Free, Dessert",29.7226889,-95.3704827
"Houston, TX",Cheesy Kids Meal,"Lots of melted cheddar cheese, and a thin layer of refritos rolled in a flour tortilla.",5.99,Zelda's Teriyaki,"Teriyaki, Chicken, Gluten-Free, Dessert",29.7226889,-95.3704827
"Houston, TX",Cheeseburger Kids Meal,"An all-beef patty topped with one slice  of melted American cheese, pickles, ketchup, and mustard in a seeded bun.",5.99,Zelda's Teriyaki,"Teriyaki, Chicken, Gluten-Free, Dessert",29.7226889,-95.3704827
"Houston, TX",Cheese Frenchee Kids Meal,Sandwich with American cheese and salad dressing that’s hand-dipped in egg batter and cracker crumbs and fried to a golden brown. Three triangle sections with two sliced pickles in an order.,5.99,Zelda's Teriyaki,"Teriyaki, Chicken, Gluten-Free, Dessert",29.7226889,-95.3704827
"Houston, TX",Chicken Bites Kids Meal,Tender white meat that is coated in batter and fried crisp.,6.49,Zelda's Teriyaki,"Teriyaki, Chicken, Gluten-Free, Dessert",29.7226889,-95.3704827
"Houston, TX",Small Shake,Our creamy soft-serve ice cream blended with milk and flavoring.,4.49,Zelda's Teriyaki,"Teriyaki, Chicken, Gluten-Free, Dessert",29.7226889,-95.3704827
"Houston, TX",Medium Shake,Our creamy soft-serve ice cream blended with milk and flavoring.,4.99,Zelda's Teriyaki,"Teriyaki, Chicken, Gluten-Free, Dessert",29.7226889,-95.3704827
"Houston, TX",Small Smoothie,"An icy combination of our soft-serve ice cream, fruit flavorings, and slush mix. Available in three sizes.",4.49,Zelda's Teriyaki,"Teriyaki, Chicken, Gluten-Free, Dessert",29.7226889,-95.3704827
"Houston, TX",Medium Smoothie,"An icy combination of our soft-serve ice cream, fruit flavorings, and slush mix. Available in three sizes.",4.99,Zelda's Teriyaki,"Teriyaki, Chicken, Gluten-Free, Dessert",29.7226889,-95.3704827
"Houston, TX",Glacier Twist,"Soft-serve vanilla ice cream layered with slush mix, flavored syrup, and topped with whipped cream and a maraschino cherry.",4.99,Zelda's Teriyaki,"Teriyaki, Chicken, Gluten-Free, Dessert",29.7226889,-95.3704827
"Houston, TX",Limeades,"Refreshing combination of sierra mist, ice, cherry flavoring, and lime wedges, topped with a cherry.",3.49,Zelda's Teriyaki,"Teriyaki, Chicken, Gluten-Free, Dessert",29.7226889,-95.3704827
"Houston, TX",Medium Size,,2.79,Zelda's Teriyaki,"Teriyaki, Chicken, Gluten-Free, Dessert",29.7226889,-95.3704827
"Houston, TX",Large Size,,2.99,Zelda's Teriyaki,"Teriyaki, Chicken, Gluten-Free, Dessert",29.7226889,-95.3704827
"Houston, TX",Bottled Water,,2.79,Zelda's Teriyaki,"Teriyaki, Chicken, Gluten-Free, Dessert",29.7226889,-95.3704827
"Houston, TX",Kopeli Brewed Coffee,Kopeli blend made with locally roasted beans.,2.29,Zelda's Teriyaki,"Teriyaki, Chicken, Gluten-Free, Dessert",29.7226889,-95.3704827
"Houston, TX",Caramel Latte,Espresso with steamed milk. Served hot or iced.,4.79,Zelda's Teriyaki,"Teriyaki, Chicken, Gluten-Free, Dessert",29.7226889,-95.3704827
"Houston, TX",Macchiato,"Monin® caramel syrup and steamed milk topped with espresso, garnished with froth and caramel syrup.",4.79,Zelda's Teriyaki,"Teriyaki, Chicken, Gluten-Free, Dessert",29.7226889,-95.3704827
"Houston, TX",Iced Coffee,"Espresso with Kopeli coffee, half & half, and ice. Add vanilla, hazelnut, or caramel Monin® flavoring.",3.29,Zelda's Teriyaki,"Teriyaki, Chicken, Gluten-Free, Dessert",29.7226889,-95.3704827
"Houston, TX",Blended Frappe,"Ice blend of Monin® syrup, Ghiradelli® sauces, milk, ice and espresso. Garnished with whipped cream.",5.29,Zelda's Teriyaki,"Teriyaki, Chicken, Gluten-Free, Dessert",29.7226889,-95.3704827
"Houston, TX",Cold Brew with Salted Caramel Sweet Cream,Slow-steeped cold brew from Kopeli coffee beans mixed with ice and topped with salted cream cold foam. ,4.29,Zelda's Teriyaki,"Teriyaki, Chicken, Gluten-Free, Dessert",29.7226889,-95.3704827
"Houston, TX",Sausage Burrito Fast Pack,Eight Sausage Breakfast Burritos served with 8 Spicy Salsas and 8 FREE Amigos Famous Ranch.,32.49,Zelda's Teriyaki,"Teriyaki, Chicken, Gluten-Free, Dessert",29.7226889,-95.3704827
"Houston, TX",Bacon Breakfast Burrito Fast Pack,Eight Breakfast Burritos served with 8 Spicy Salsas and 8 FREE Amigos Famous Ranch.,32.49,Zelda's Teriyaki,"Teriyaki, Chicken, Gluten-Free, Dessert",29.7226889,-95.3704827
"Houston, TX",Breakfast Burrito Combo Meal,"Diced sausage, crumbled bacon, chorizo sausage, or marinated steak with scrambled eggs, cheddar cheese, pico de gallo wrapped in a homestyle tortilla.",7.99,Zelda's Teriyaki,"Teriyaki, Chicken, Gluten-Free, Dessert",29.7226889,-95.3704827
"Houston, TX",Biscuit n Gravy Burrito Combo ,"Scramble eggs, diced sausage, crumbled buttermilk biscuit and country-style sausage gravy. Served in a warm homestyle tortilla.",7.49,Zelda's Teriyaki,"Teriyaki, Chicken, Gluten-Free, Dessert",29.7226889,-95.3704827
"Houston, TX",Grande Breakfast Burrito Combo Meal,"Sausage, bacon, 3 Meat, Country Sausage or Country Fried Steak with scrambled eggs, American cheese, crumbled mexi fries, and ranch all wrapped in a grilled homestyle tortilla.",8.79,Zelda's Teriyaki,"Teriyaki, Chicken, Gluten-Free, Dessert",29.7226889,-95.3704827
"Houston, TX",Monster Burrito Combo Meal,"Eggs, cheddar cheese, diced sausage, cumbled bacon, chopped ham, and mexi fries, scrambled together and rolled in a zesty salsa tortilla.",8.99,Zelda's Teriyaki,"Teriyaki, Chicken, Gluten-Free, Dessert",29.7226889,-95.3704827
"Houston, TX",Breakfast Sandwich Combo Meal,Sausage or bacon topped with an egg patty and slice of American cheese served on an English muffin or buttermilk biscuit.,7.79,Zelda's Teriyaki,"Teriyaki, Chicken, Gluten-Free, Dessert",29.7226889,-95.3704827
"Houston, TX",Bagel Bun Sandwich Combo Meal,"Sausage patty or bacon, egg patty, American cheese and mayonnaise, all on a soft bagel bun.",8.49,Zelda's Teriyaki,"Teriyaki, Chicken, Gluten-Free, Dessert",29.7226889,-95.3704827
"Houston, TX",Biscuits & Gravy Combo Meal,One golden buttermilk biscuit cut in half and covered with country-style sausage gravy.,7.99,Zelda's Teriyaki,"Teriyaki, Chicken, Gluten-Free, Dessert",29.7226889,-95.3704827
"Houston, TX",Breakfast Taquitos Combo Meal,"Includes two. Scrambled eggs, diced sausage, diced ham, crumbled bacon, spicy cheese sauce and crumbled mexi fries rolled in a corn/flour tortilla and fried crisp.",7.49,Zelda's Teriyaki,"Teriyaki, Chicken, Gluten-Free, Dessert",29.7226889,-95.3704827
"Houston, TX",Quesadilla Burrito Combo Meal,"Diced sausage, crumbled bacon, three meat  with scrambled eggs, pepper jack cheese, cheddar cheese, pico de gallo, and ranch rolled in a grilled homestyle tortilla.",8.99,Zelda's Teriyaki,"Teriyaki, Chicken, Gluten-Free, Dessert",29.7226889,-95.3704827
"Houston, TX",Breakfast Burrito,"Diced sausage, crumbled bacon, chorizo sausage, or marinated steak with scrambled eggs, cheddar cheese, pico de gallo wrapped in a homestyle tortilla.",4.99,Zelda's Teriyaki,"Teriyaki, Chicken, Gluten-Free, Dessert",29.7226889,-95.3704827
"Houston, TX",Grande Breakfast Burrito,"Sausage, bacon, 3 Meat, Country Sausage or Country Fried Steak with scrambled eggs, American cheese, crumbled mexi fries, and ranch all wrapped in a grilled homestyle tortilla.",5.99,Zelda's Teriyaki,"Teriyaki, Chicken, Gluten-Free, Dessert",29.7226889,-95.3704827
"Houston, TX",3-Meat Monster Burrito,"Eggs, cheddar cheese, diced sausage, cumbled bacon, chopped ham, and mexi fries, scrambled together and rolled in a zesty salsa tortilla.",6.99,Zelda's Teriyaki,"Teriyaki, Chicken, Gluten-Free, Dessert",29.7226889,-95.3704827
"Houston, TX",Quesadilla Burritos,"Diced sausage, crumbled bacon or three meat, scrambled eggs, pepper jack cheese, cheddar cheese, pico de gallo, and ranch rolled in a grilled homestyle tortilla.",5.99,Zelda's Teriyaki,"Teriyaki, Chicken, Gluten-Free, Dessert",29.7226889,-95.3704827
"Houston, TX",Biscuits n Gravy Burrito,"Scramble eggs, diced sausage, crumbled buttermilk biscuit and country-style sausage gravy. Served in a warm homestyle tortilla.",4.69,Zelda's Teriyaki,"Teriyaki, Chicken, Gluten-Free, Dessert",29.7226889,-95.3704827
"Houston, TX",Egg Sandwich,Sausage or bacon topped with an egg patty and slice of American cheese served on an English muffin or buttermilk biscuit.,4.99,Zelda's Teriyaki,"Teriyaki, Chicken, Gluten-Free, Dessert",29.7226889,-95.3704827
"Houston, TX",Bagel Bun Sandwich,"Sausage patty or bacon, egg patty, American cheese and mayonnaise, all on a soft bagel bun.",5.99,Zelda's Teriyaki,"Teriyaki, Chicken, Gluten-Free, Dessert",29.7226889,-95.3704827
"Houston, TX",Biscuit & Gravy,One golden buttermilk biscuit cut in half and covered with country-style sausage gravy.,4.99,Zelda's Teriyaki,"Teriyaki, Chicken, Gluten-Free, Dessert",29.7226889,-95.3704827
"Houston, TX",Breakfast Taquito,"Scrambled eggs, diced sausage, diced ham, crumbled bacon, spicy cheese sauce and crumbled mexi fries rolled in a corn/flour tortilla and fried crisp.",2.99,Zelda's Teriyaki,"Teriyaki, Chicken, Gluten-Free, Dessert",29.7226889,-95.3704827
"Houston, TX",Country Breakfast Bowl,"Scrambled eggs, sausage, green peppers, and onion, cheddar cheese, and hash brown potatoes mixed in a bowl and topped with sausage gravy and cheese.",7.49,Zelda's Teriyaki,"Teriyaki, Chicken, Gluten-Free, Dessert",29.7226889,-95.3704827
"Houston, TX",3-Meat Breakfast Bowl,"Scrambled eggs, sausage, ham, and bacon mixed with pico de gallo, pepper jack cheese and potatoes. Served in a bowl and topped with cheddar cheese.",7.49,Zelda's Teriyaki,"Teriyaki, Chicken, Gluten-Free, Dessert",29.7226889,-95.3704827
"Houston, TX",Country Fried Steak Breakfast Bowl,"Scrambled eggs, country fried steak, green peppers, and onion, cheddar cheese, and hash brown potatoes mixed in a bowl and topped with sausage gravy and cheese.",7.49,Zelda's Teriyaki,"Teriyaki, Chicken, Gluten-Free, Dessert",29.7226889,-95.3704827
"Houston, TX",Country Skillet,"Country potatoes, diced sausage, onion/pepper mix, and cheddar cheese served on a platter topped with sausage gravy, two scrambled eggs and cheddar cheese served with your choice of two slices of toast (white or wheat).",10.99,Zelda's Teriyaki,"Teriyaki, Chicken, Gluten-Free, Dessert",29.7226889,-95.3704827
"Houston, TX",3-Meat Skillet,"Country potatoes, bacon bits, diced sausage, diced ham, pico de gallo, and cheddar cheese served on a platter topped with two eggs (any style), and cheddar cheese served with your choice of two slices of toast (white or wheat).",10.99,Zelda's Teriyaki,"Teriyaki, Chicken, Gluten-Free, Dessert",29.7226889,-95.3704827
"Houston, TX",Country Fried Steak Skillet,"Country potatoes, diced country fried steak, onion/pepper mix, and cheddar cheese served on a platter topped with sausage gravy, two scrambled eggs and cheddar cheese served with your choice of two slices of toast (white or wheat).",11.49,Zelda's Teriyaki,"Teriyaki, Chicken, Gluten-Free, Dessert",29.7226889,-95.3704827
"Houston, TX",Half Dozen Jumbo Filled Donut Holes,JUMBO Birthday Cake Filled.,5.36,Zelda's Teriyaki,"Teriyaki, Chicken, Gluten-Free, Dessert",29.7226889,-95.3704827
"Houston, TX",Millionaire,,9.0,Fruit Service,Fruit Service,29.7977482,-95.3828832
"Houston, TX",Meat Loaf Plate,Comes with three sides and two pieces of cornbread. ,16.95,This Is It Soul Food,"Soul Food, Dessert, Barbecue",29.7230362,-95.3697059
"Houston, TX",Peach Cobbler,,4.5,This Is It Soul Food,"Soul Food, Dessert, Barbecue",29.7230362,-95.3697059
"Houston, TX",Sweet Potato Pie,,4.25,This Is It Soul Food,"Soul Food, Dessert, Barbecue",29.7230362,-95.3697059
"Houston, TX",Half Sandwich & Soup or Salad,Your choice of a Half Sandwich & Salad or Soup. Served with seasoned French fries or sweet potato fries.,13.19,Twin Peaks,"Twin Peaks is your local sports lodge. Come in for made-from-scratch food, signature 29° draft beers, and all the scenic views.",29.7315754,-95.4172376
"Houston, TX",Soup & Salad Combo,Your choice of a salad & soup.,11.29,Twin Peaks,"Twin Peaks is your local sports lodge. Come in for made-from-scratch food, signature 29° draft beers, and all the scenic views.",29.7315754,-95.4172376
"Houston, TX",The Medium Bobbie,"A Thanksgiving classic. Whole turkeys are slow-roasted in house to make a turkey masterpiece with cranberry sauce, handmade stuffing, and mayo.",12.59,Capriotti's,"Wagyu, Cheesesteaks, American, Sandwiches",29.7893196,-95.4111361
"Houston, TX",Apple Butternut Squash Soup Bowl,,8.0,Christo Mio,Christo Mio,29.7212829,-95.4178258
"Houston, TX",Paleo Chocolate Chunk,,6.96,Christo Mio,Christo Mio,29.7212829,-95.4178258
"Houston, TX",The Large Bobbie,"A Thanksgiving classic. Whole turkeys are slow-roasted in house to make a turkey masterpiece with cranberry sauce, handmade stuffing, and mayo.",20.99,Capriotti's,"Wagyu, Cheesesteaks, American, Sandwiches",29.7893196,-95.4111361
"Houston, TX",The Small Bobbie,"A Thanksgiving classic. Whole turkeys are slow-roasted in house to make a turkey masterpiece with cranberry sauce, handmade stuffing, and mayo.",10.99,Capriotti's,"Wagyu, Cheesesteaks, American, Sandwiches",29.7893196,-95.4111361
"Houston, TX",Hot Bobbie,"A Thanksgiving classic served warm. Whole turkeys are slow-roasted in house, to make a turkey masterpiece with cranberry sauce, handmade stuffing, and mayo.",7.29,Capriotti's,"Wagyu, Cheesesteaks, American, Sandwiches",29.7893196,-95.4111361
"Houston, TX",The Half Bobbie,"A Thanksgiving classic. Whole turkeys are slow-roasted in house to make a turkey masterpiece with cranberry sauce, handmade stuffing, and mayo.",7.29,Capriotti's,"Wagyu, Cheesesteaks, American, Sandwiches",29.7893196,-95.4111361
"Houston, TX",The Half Bobbie Combo,"A Thanksgiving classic. Whole turkeys are slow-roasted in house to make a turkey masterpiece with cranberry sauce, handmade stuffing, and mayo. Comes with chips, cookie, and your choice of drink.",11.79,Capriotti's,"Wagyu, Cheesesteaks, American, Sandwiches",29.7893196,-95.4111361
"Houston, TX",The Small Bobbie Combo,"A Thanksgiving classic. Whole turkeys are slow-roasted in house to make a turkey masterpiece with cranberry sauce, handmade stuffing, and mayo. Comes with chips, cookie, and your choice of drink.",15.49,Capriotti's,"Wagyu, Cheesesteaks, American, Sandwiches",29.7893196,-95.4111361
"Houston, TX",The Medium Bobbie Combo,"A Thanksgiving classic. Whole turkeys are slow-roasted in house to make a turkey masterpiece with cranberry sauce, handmade stuffing, and mayo. Comes with chips, cookie, and your choice of drink.",17.09,Capriotti's,"Wagyu, Cheesesteaks, American, Sandwiches",29.7893196,-95.4111361
"Houston, TX",The Large Bobbie Combo,"A Thanksgiving classic. Whole turkeys are slow-roasted in house to make a turkey masterpiece with cranberry sauce, handmade stuffing, and mayo. Comes with chips, cookie, and your choice of drink.",25.49,Capriotti's,"Wagyu, Cheesesteaks, American, Sandwiches",29.7893196,-95.4111361
"Houston, TX",Hot Bobbie Combo,"A Thanksgiving classic served warm. Whole turkeys are slow-roasted in house, to make a turkey masterpiece with cranberry sauce, handmade stuffing, and mayo.",11.79,Capriotti's,"Wagyu, Cheesesteaks, American, Sandwiches",29.7893196,-95.4111361
"Houston, TX","Steak, 3 Fried Shrimp, Baked Potato, Asparagus",,20.0,Mc Qua Seafood & Daiquiri Shack,Mc Qua Seafood & Daiquiri Shack,29.7051494,-95.3718932
"Houston, TX",Caesar Salad,romaine lettuce with a homemade dressing,8.0,Luigi's Cucina Italiana,Italian,29.7375984,-95.4265245
"Houston, TX",Arugula Salad,"arugula, cherry tomatoes, with a gorgonzola walnut dressing",10.0,Luigi's Cucina Italiana,Italian,29.7375984,-95.4265245
"Houston, TX",夫妻肺片 / Adam And Eve (1),Spicy chili oil beef.,13.0,Peony & Crane,Peony & Crane,29.8026272,-95.4093155
"Houston, TX",酸辣汤 / Home-made Hot Sour (1),"Carrots, wood ear mushroom, bamboo, soft tofu, egg.",12.0,Peony & Crane,Peony & Crane,29.8026272,-95.4093155
"Houston, TX",至尊炒饭 / Fried Rice Supreme (1),"Chicken, beef, green pea, pepper flakes.",16.0,Peony & Crane,Peony & Crane,29.8026272,-95.4093155
"Houston, TX",干煸四季豆 / Sichuan Dry-fried Green Beans (1),String beans. Add minced beef for an additional charge.,17.0,Peony & Crane,Peony & Crane,29.8026272,-95.4093155
"Houston, TX",麻婆豆腐 / Mapo Tofu (1),"Soft tofu, sichuan-imported chili pepper. Add minced beef for an additional charge.",17.0,Peony & Crane,Peony & Crane,29.8026272,-95.4093155
"Houston, TX",茄角之恋 / Savory Affair (3),Eggplant + string beans.,16.0,Peony & Crane,Peony & Crane,29.8026272,-95.4093155
"Houston, TX",香辣花菜 / Spicy Cauliflower Roast (3),"Thai pepper, italian long pepper, cauliflower. Add pork belly for an additional charge.",17.0,Peony & Crane,Peony & Crane,29.8026272,-95.4093155
"Houston, TX",辣子鸡丁 / Sichuan Chili Chicken (1),"Diced chicken, dried red pepper, sesame.",19.0,Peony & Crane,Peony & Crane,29.8026272,-95.4093155
"Houston, TX",藤椒牛 / Numb Ass Shanky Legg (3),"Sichuan beef, peppercorn, celery, thai pepper, green pepper.",23.0,Peony & Crane,Peony & Crane,29.8026272,-95.4093155
"Houston, TX",黑椒牛 / Sneeze Beef,"Beef, onion, black pepper.",21.0,Peony & Crane,Peony & Crane,29.8026272,-95.4093155
"Houston, TX",京酱鸡丝 / Home-cooked Chicken Wraps,Peking shredded chicken served with home-made pancakes.,21.0,Peony & Crane,Peony & Crane,29.8026272,-95.4093155
"Houston, TX",双椒鸡 / Dp Chicken (3),"Peppercorn, thai pepper, green pepper.",19.0,Peony & Crane,Peony & Crane,29.8026272,-95.4093155
"Houston, TX",鱼香肉丝 / Shredded Chicken (1),"Chicken, carrots, wood ear mushroom, bamboo.",18.0,Peony & Crane,Peony & Crane,29.8026272,-95.4093155
"Houston, TX",地锅鸡 / Country Kettle Chicken (1),"Shandong griddle-cooked, spicy chicken.",42.0,Peony & Crane,Peony & Crane,29.8026272,-95.4093155
"Houston, TX",蒜苗腊肉 / Smoked Belly Bacon On Chives (3),"Pork belly, green pepper, thai pepper, garlic sprout.",19.0,Peony & Crane,Peony & Crane,29.8026272,-95.4093155
"Houston, TX",回锅肉 / Twice-cooked Pork (1),"Pork belly, onion, red pepper.",18.0,Peony & Crane,Peony & Crane,29.8026272,-95.4093155
"Houston, TX",孜然牛 / Cumin Beef (1),Cumin stir-fried beef.,23.0,Peony & Crane,Peony & Crane,29.8026272,-95.4093155
"Houston, TX",梅菜扣肉 / Meigan Braised Belly,"Steamy braised pork, mustard greens, lotus leaf pancake.",21.0,Peony & Crane,Peony & Crane,29.8026272,-95.4093155
"Houston, TX",家常豆腐 / Mama’s Pork Belly Tofu (1),"Pork belly, garlic sprout, onion, pepper, tofu.",17.0,Peony & Crane,Peony & Crane,29.8026272,-95.4093155
"Houston, TX",水煮鱼 / Chili Oil Fish (1),"Fresh fish filet, sprouts, lettuce, baby bok choy.",22.0,Peony & Crane,Peony & Crane,29.8026272,-95.4093155
"Houston, TX",锅巴红烧肉 / Rice Crispy Bellies,"Pork belly, broccoli, rice crispies.",21.0,Peony & Crane,Peony & Crane,29.8026272,-95.4093155
"Houston, TX",水煮牛 / Beefy Hottie (1),"Beef, sprouts, lettuce, red pepper, chili oil.",21.0,Peony & Crane,Peony & Crane,29.8026272,-95.4093155
"Houston, TX",黑椒鸡 / Sneeze Chicken,"Chicken, onion, black pepper.",19.0,Peony & Crane,Peony & Crane,29.8026272,-95.4093155
"Houston, TX",西芹腊肉 / Hot Ass Smoked Belly Bacon (3),"Pork belly, green pepper, thai pepper, celery.",20.0,Peony & Crane,Peony & Crane,29.8026272,-95.4093155
"Houston, TX",炝椒豆花鱼 / Fiery Dory (2),"Fresh fish filet, soft tofu, peppercorn, red pepper.",22.0,Peony & Crane,Peony & Crane,29.8026272,-95.4093155
"Houston, TX",北京烤鸭 / Peking Duck,Authentically-roasted Peking duck ,61.0,Peony & Crane,Peony & Crane,29.8026272,-95.4093155
"Houston, TX",红油抄手 / Pork Wontons (8),In spicy chili oil.,12.0,Peony & Crane,Peony & Crane,29.8026272,-95.4093155
"Houston, TX",夫妻肺片 / Adam And Eve,Spicy chili oil beef,14.5,Peony & Crane,Peony & Crane,29.8026272,-95.4093155
"Houston, TX",酸辣汤 / Home-made Hot Sour,"Carrots, wood ear mushroom, bamboo, soft tofu, egg",13.0,Peony & Crane,Peony & Crane,29.8026272,-95.4093155
"Houston, TX",至尊炒饭 / Fried Rice Supreme,"Chicken, beef, green pea, pepper flakes.",18.0,Peony & Crane,Peony & Crane,29.8026272,-95.4093155
"Houston, TX",干煸四季豆 / Sichuan Dry-fried Green Beans,*slightly spicy* String beans. Add minced beef for an additional charge.,19.5,Peony & Crane,Peony & Crane,29.8026272,-95.4093155
"Houston, TX",麻婆豆腐 / Mapo Tofu,"*Spicy* Soft tofu, peppercorn. Add minced beef for an additional charge.",19.5,Peony & Crane,Peony & Crane,29.8026272,-95.4093155
"Houston, TX",茄角之恋 / Savory Affair,"*spicy* Eggplant, string beans.",19.5,Peony & Crane,Peony & Crane,29.8026272,-95.4093155
"Houston, TX",香辣花菜 / Spicy Cauliflower Roast,"*spicy* Thai pepper, italian long pepper, cauliflower. Add pork belly for an additional charge",19.5,Peony & Crane,Peony & Crane,29.8026272,-95.4093155
"Houston, TX",蒜蓉西兰花 / Garlic Trees,Minced garlic and broccoli florets.,19.5,Peony & Crane,Peony & Crane,29.8026272,-95.4093155
"Houston, TX",炝爆甘蓝 / Purple Patch,*slightly spicy* Spicy smoked fried purple cabbage.,19.5,Peony & Crane,Peony & Crane,29.8026272,-95.4093155
"Houston, TX",鱼香肉丝 / Shredded Chicken,"chicken, carrots, bamboo",20.5,Peony & Crane,Peony & Crane,29.8026272,-95.4093155
"Houston, TX",双椒鸡 / DP (Double Pepper) Chicken,"*spicy and numbing* peppercorn, thai pepper, green pepper",22.0,Peony & Crane,Peony & Crane,29.8026272,-95.4093155
"Houston, TX",辣子鸡丁 / Sichuan Chili Chicken,"*medium spicy* diced chicken, dried red pepper, sesame, cilantro",22.0,Peony & Crane,Peony & Crane,29.8026272,-95.4093155
"Houston, TX",黑椒鸡 / Sneeze Chicken,"chicken, onion, black pepper, cucumber",22.0,Peony & Crane,Peony & Crane,29.8026272,-95.4093155
"Houston, TX",京酱鸡丝 / Home-cooked Chicken Wraps,"Peking shredded chicken, onion, served with homemade pancakes",24.0,Peony & Crane,Peony & Crane,29.8026272,-95.4093155
"Houston, TX",地锅鸡 / Country Kettle Chicken,"*slightly spicy* Shandong griddle-cooked, spicy chicken",48.0,Peony & Crane,Peony & Crane,29.8026272,-95.4093155
"Houston, TX",北京烤鸭 / Peking Duck,Authentically-roasted Peking duck,61.0,Peony & Crane,Peony & Crane,29.8026272,-95.4093155
"Houston, TX",Orange Chicken,,22.0,Peony & Crane,Peony & Crane,29.8026272,-95.4093155
"Houston, TX",General Tso's Chicken,,22.0,Peony & Crane,Peony & Crane,29.8026272,-95.4093155
"Houston, TX",Sesame Chicken,,22.0,Peony & Crane,Peony & Crane,29.8026272,-95.4093155
"Houston, TX",水煮牛 / Beefy Hottie ,"*slightly spicy and slightly numbing* beef, garlic, sprouts, lettuce, red pepper, chili oil",24.0,Peony & Crane,Peony & Crane,29.8026272,-95.4093155
"Houston, TX",黑椒牛 / Sneeze Beef,"beef, onion, black pepper, carrots, bell pepper",24.0,Peony & Crane,Peony & Crane,29.8026272,-95.4093155
"Houston, TX",孜然牛 / Cumin Beef,"*slightly spicy* cumin stir-fried beef, sesame, cilantro, ",26.5,Peony & Crane,Peony & Crane,29.8026272,-95.4093155
"Houston, TX",藤椒牛 / Numb Ass Shanky Legg ,"*spicy and numbing* sichuan beef, peppercorn, celery, thai pepper, green pepper",26.5,Peony & Crane,Peony & Crane,29.8026272,-95.4093155
"Houston, TX",梅菜扣肉 / Meigan Braised Belly,"Steamy braised pork, mustard greens, lotus leaf pancake.",24.0,Peony & Crane,Peony & Crane,29.8026272,-95.4093155
"Houston, TX",蒜苗腊肉 / Smoked Belly Bacon On Chives,"*spicy* Pork belly, green pepper, thai pepper, garlic sprout.",22.0,Peony & Crane,Peony & Crane,29.8026272,-95.4093155
"Houston, TX",回锅肉 / Twice-cooked Pork,"*slightly spicy* Pork belly, onion, red pepper.",20.5,Peony & Crane,Peony & Crane,29.8026272,-95.4093155
"Houston, TX",家常豆腐 / Mama’s Pork Belly Tofu ,"*slightly spicy* Pork belly, garlic sprout, onion, pepper, tofu.",20.5,Peony & Crane,Peony & Crane,29.8026272,-95.4093155
"Houston, TX",锅巴红烧肉 / Rice Crispy Bellies,"Pork belly, broccoli, rice crispies.",24.0,Peony & Crane,Peony & Crane,29.8026272,-95.4093155
"Houston, TX",西芹腊肉 / Hot Ass Smoked Belly Bacon,"*spicy* Pork belly, green pepper, thai pepper, celery.",23.0,Peony & Crane,Peony & Crane,29.8026272,-95.4093155
"Houston, TX",炝椒豆花鱼 / Fiery Dory,"*spicy* fresh fish filet, soft tofu, peppercorn, red pepper",25.0,Peony & Crane,Peony & Crane,29.8026272,-95.4093155
"Houston, TX",水煮鱼 / Chili Oil Fish ,"*spicy* fresh fish filet, garlic, sprouts, lettuce",25.0,Peony & Crane,Peony & Crane,29.8026272,-95.4093155
"Houston, TX",红油抄手 / Chili Pork Wontons (8),In spicy chili oil.,13.0,Peony & Crane,Peony & Crane,29.8026272,-95.4093155
"Houston, TX",盐水毛豆 / Edamame,W/ sprinkled salt.,9.0,Peony & Crane,Peony & Crane,29.8026272,-95.4093155
"Houston, TX",鸡汤混沌 / Wonton (8),Handmade wonton in homemade chicken soup.,17.0,Peony & Crane,Peony & Crane,29.8026272,-95.4093155
"Houston, TX",鸭汤 / Roast Duck Soup,"Napa cabbage, mushroom, soft tofu, rice noodles.",14.5,Peony & Crane,Peony & Crane,29.8026272,-95.4093155
"Houston, TX",蔬菜炒面 / Vegetarian Stir-fried Noodles,"Stir-fried handmade noodles with vegetables. Add chicken, beef, or shrimp for an additional charge.",19.0,Peony & Crane,Peony & Crane,29.8026272,-95.4093155
"Houston, TX",热带炒饭 / Comfort Combo Rice,"Chicken, beef, shrimp, lettuce, green pea, cashew.",19.0,Peony & Crane,Peony & Crane,29.8026272,-95.4093155
"Houston, TX",竹筒饭 / Sultry Rice,"Cooked + served in bamboo tube w/ chinese sausage, pork belly, and veggies.",23.0,Peony & Crane,Peony & Crane,29.8026272,-95.4093155
"Houston, TX",腊味炒饭 / Pork Belly Rice,"Pork belly, onion, green peas.",19.0,Peony & Crane,Peony & Crane,29.8026272,-95.4093155
"Houston, TX",鱼香茄子 / Perfumed Eggplant,Stir-fried sichuan eggplant. Add minced beef for an additional charge.,20.5,Peony & Crane,Peony & Crane,29.8026272,-95.4093155
"Houston, TX",清炒青江菜 / Seasonal Baby Spoons,Sautéed baby bok choy + minced garlic.,18.0,Peony & Crane,Peony & Crane,29.8026272,-95.4093155
"Houston, TX",灌汤小笼包 / Soup Dumplings (6),Steamed pork soup dumplings.,14.5,Peony & Crane,Peony & Crane,29.8026272,-95.4093155
"Houston, TX",生煎包子 / Pan-seared Buns (4),"Pan-seared, pork, scallion.",13.0,Peony & Crane,Peony & Crane,29.8026272,-95.4093155
"Houston, TX",素饺子 / Veggie Dumplings (6),Steamed or additional charge for pan-seared.,13.0,Peony & Crane,Peony & Crane,29.8026272,-95.4093155
"Houston, TX",猪肉饺子 / Pork Dumplings (6),Choice of steamed or additional charge for pan-seared.,15.5,Peony & Crane,Peony & Crane,29.8026272,-95.4093155
"Houston, TX",彩饺 / Combination Dumplings (6),"Pork, chicken, vegetarian, additional charge for pan-seared.",14.5,Peony & Crane,Peony & Crane,29.8026272,-95.4093155
"Houston, TX",鸡肉饺子 / Chicken Dumplings (6),Choice of steamed or additional charge for pan-seared.,14.5,Peony & Crane,Peony & Crane,29.8026272,-95.4093155
"Houston, TX",紫薯糯米糕 / Fuzzy Balls (6),Ube mochi rolled in coconut flakes.,15.0,Peony & Crane,Peony & Crane,29.8026272,-95.4093155
"Houston, TX",红糖滋粑 / Brown Sugar Daddy,Brown sugar rice cakes.,12.0,Peony & Crane,Peony & Crane,29.8026272,-95.4093155
"Houston, TX",WOOD GRILLED SALMON CAESAR,"whole-leaf romaine, parmigiano reggiano, crushed croutons",19.74,The Rustic,Southern,29.7500039,-95.3598537
"Houston, TX",THE DRUNK CHICK,"beer can game hen, jalapeño spoon bread,chile-lime butter",25.24,The Rustic,Southern,29.7500039,-95.3598537
"Houston, TX",Texas Fries,"Our fresh cut fries topped with our slow-smoked chopped brisket, onions, chives, sour cream, Cheddar cheese and our house-made BBQ sauce.",14.99,The Fry Guys,"New York Fries, Chicken, Fries",29.7854976694268,-95.368280125795
"Houston, TX",Philly Fries,"Our fresh cut fries topped with fresh thin sliced ribeye, peppers, onions, provolone cheese and our famous Fry sauce.",14.99,The Fry Guys,"New York Fries, Chicken, Fries",29.7854976694268,-95.368280125795
"Houston, TX",Nashville Hot Fries,"Hot. Our fresh cut fries topped with crispy chicken fingers tossed in our house-made Nashville hot sauce, fresh jalapenos, and pickles.",14.99,The Fry Guys,"New York Fries, Chicken, Fries",29.7854976694268,-95.368280125795
"Houston, TX",Carolina Fries,Our fresh cut fries topped with slow smoked pulled pork crispy fries onions pickles and Carolina sauce.,14.99,The Fry Guys,"New York Fries, Chicken, Fries",29.7854976694268,-95.368280125795
"Houston, TX",HH SAVOY SLIDER (1),,5.0,The Savoy Icehouse,The Savoy Icehouse,29.7268747,-95.3712799
"Houston, TX",HH FRIES,,5.0,The Savoy Icehouse,The Savoy Icehouse,29.7268747,-95.3712799
"Houston, TX",HH CHICKEN SLIDER (1),,4.0,The Savoy Icehouse,The Savoy Icehouse,29.7268747,-95.3712799
"Houston, TX",HH HOT CHICKEN DONUT  (1),,6.5,The Savoy Icehouse,The Savoy Icehouse,29.7268747,-95.3712799
"Houston, TX",HH Full QUESADILLA & WINE,,22.0,The Savoy Icehouse,The Savoy Icehouse,29.7268747,-95.3712799
"Houston, TX",VEGAN CHEESE,,3.0,The Savoy Icehouse,The Savoy Icehouse,29.7268747,-95.3712799
"Houston, TX",Churro Croissant,,8.5,EggHaus Gourmet,"Takeout, Healthy, Sandwich, Mexican, Pickup, Breakfast",29.8042234,-95.4270536
"Houston, TX",3 Cheese & Smoked Polish Sausage,,5.5,EggHaus Gourmet,"Takeout, Healthy, Sandwich, Mexican, Pickup, Breakfast",29.8042234,-95.4270536
"Houston, TX",Jalapeño Kolache,,5.5,EggHaus Gourmet,"Takeout, Healthy, Sandwich, Mexican, Pickup, Breakfast",29.8042234,-95.4270536
"Houston, TX",Bratwurst & Swiss Kolache,,5.5,EggHaus Gourmet,"Takeout, Healthy, Sandwich, Mexican, Pickup, Breakfast",29.8042234,-95.4270536
"Houston, TX",*Bacon & Egg,"flour tortilla, bacon, egg, cheese",3.5,Bebidas,"Smoothies, Tacos, Coffee, Sandwiches",29.7412793,-95.4340316
"Houston, TX",*Chorizo & Egg,"flour tortilla, chorizo, egg, cheese",3.5,Bebidas,"Smoothies, Tacos, Coffee, Sandwiches",29.7412793,-95.4340316
"Houston, TX",*Veggie & Egg,"corn tortilla, egg, sautéed veggies.",3.5,Bebidas,"Smoothies, Tacos, Coffee, Sandwiches",29.7412793,-95.4340316
"Houston, TX",*Breakfast Sandwich,"pretzel bun, fried egg, havarti cheese, bacon",8.5,Bebidas,"Smoothies, Tacos, Coffee, Sandwiches",29.7412793,-95.4340316
"Houston, TX",Classic Sourdough,,8.05,Badolina Bakery,"Pastries, Dessert, Coffee",29.7162019,-95.4146548
"Houston, TX",Baguette,Classic / Seeded.,4.03,Badolina Bakery,"Pastries, Dessert, Coffee",29.7162019,-95.4146548
"Houston, TX",Nelson Bread,With seeds and honey,9.2,Badolina Bakery,"Pastries, Dessert, Coffee",29.7162019,-95.4146548
"Houston, TX",Challah,Friday Special! Coated in sesame and poppy seeds,8.05,Badolina Bakery,"Pastries, Dessert, Coffee",29.7162019,-95.4146548
"Houston, TX",Chocolate Fudge,Gluten-Free.,3.45,Badolina Bakery,"Pastries, Dessert, Coffee",29.7162019,-95.4146548
"Houston, TX",Vegan Chocolate Chip,,3.45,Badolina Bakery,"Pastries, Dessert, Coffee",29.7162019,-95.4146548
"Houston, TX",Cardamom Shortbread,Shortbread cookie with cardamom,0.85,Badolina Bakery,"Pastries, Dessert, Coffee",29.7162019,-95.4146548
"Houston, TX",Double Chocolate Croissant,Chocolate croissant with chocolate cream,6.3,Badolina Bakery,"Pastries, Dessert, Coffee",29.7162019,-95.4146548
"Houston, TX",Handcut Fries,,4.0,Canary Cafe,Canary Cafe,29.8045399,-95.3683976
"Houston, TX",Morning Glory Muffin ,"Dairy free muffin made with whole wheat flour, raisins, walnuts, apples, carrots and coconut shavings.",5.75,Badolina Bakery,"Pastries, Dessert, Coffee",29.7162019,-95.4146548
"Houston, TX",Tomato Basil Soup,,4.0,Canary Cafe,Canary Cafe,29.8045399,-95.3683976
"Houston, TX",Shakshuka Focaccia,Our Focaccia wrapped around a boiled egg and filled with our Shakshuka tomato sauce.,8.6,Badolina Bakery,"Pastries, Dessert, Coffee",29.7162019,-95.4146548
"Houston, TX",Onion Rings,,4.0,Canary Cafe,Canary Cafe,29.8045399,-95.3683976
"Houston, TX",Sambusak,"Sabich (Eggplant, Roasted Tomatoes, Boiled Egg, and Tahini).",8.6,Badolina Bakery,"Pastries, Dessert, Coffee",29.7162019,-95.4146548
"Houston, TX",Berries & Granola,,4.0,Canary Cafe,Canary Cafe,29.8045399,-95.3683976
"Houston, TX",Caramelized Onion Focaccia,"Our focaccia topped with caramelized onion, poppy seeds and feta cheese",5.75,Badolina Bakery,"Pastries, Dessert, Coffee",29.7162019,-95.4146548
"Houston, TX",Fried Chicken Strips,3 chicken strips served with choice of hand cut za'atar fries or a seasonal fruit cup.,8.0,Canary Cafe,Canary Cafe,29.8045399,-95.3683976
"Houston, TX",Spinach and Cheese Focaccia,"Our focaccia topped with spinach, cheese and boiled egg.",8.6,Badolina Bakery,"Pastries, Dessert, Coffee",29.7162019,-95.4146548
"Houston, TX",Grilled Cheese Sandwich,"Melty cheese on our toasted white bread, served with choice of side. Goes great with tomato soup too!",7.5,Canary Cafe,Canary Cafe,29.8045399,-95.3683976
"Houston, TX",Basque Cheesecake,Our baseless cheesecake!,6.9,Badolina Bakery,"Pastries, Dessert, Coffee",29.7162019,-95.4146548
"Houston, TX",Side 1 Bacon,A single slice of bacon.,1.75,Canary Cafe,Canary Cafe,29.8045399,-95.3683976
"Houston, TX",Orange Cake,Our gluten free orange cake!,7.0,Badolina Bakery,"Pastries, Dessert, Coffee",29.7162019,-95.4146548
"Houston, TX",Side Avocado,,1.75,Canary Cafe,Canary Cafe,29.8045399,-95.3683976
"Houston, TX",Side Pickle Slices,Slices of our house made pickle.,0.75,Canary Cafe,Canary Cafe,29.8045399,-95.3683976
"Houston, TX",Sunny Side Egg,It's a sunny side up egg.,1.75,Canary Cafe,Canary Cafe,29.8045399,-95.3683976
"Houston, TX",Side Cheddar Slice,A slice of cheese.,1.0,Canary Cafe,Canary Cafe,29.8045399,-95.3683976
"Houston, TX",Side Pickled Onions,Pickled pink onions.,0.75,Canary Cafe,Canary Cafe,29.8045399,-95.3683976
"Houston, TX",Chocolate chip cookies,"Large chocolate chip cookie with walnuts, chocolate chips, and sprinkled with sea salt",4.5,Plant Rebelde LLC,"Vegan, Pie, Cupcakes, Bakery, Cookies, Empanadas, Sandwich, Fries",29.7226889,-95.3704827
"Houston, TX",French Fries,,4.0,Canary Cafe,Canary Cafe,29.8045399,-95.3683976
"Houston, TX",Side House Salad,,4.0,Canary Cafe,Canary Cafe,29.8045399,-95.3683976
"Houston, TX",Average Joe Bacon,"Bacon, egg, cheese.",3.39,Pacific Coast Tacos,"Mexican, Breakfast, Tacos, Fries, Dessert",29.7741242,-95.42601
"Houston, TX",Average Joe Potato,"Potato, egg, cheese.",3.39,Pacific Coast Tacos,"Mexican, Breakfast, Tacos, Fries, Dessert",29.7741242,-95.42601
"Houston, TX",Build Your Own,,1.69,Pacific Coast Tacos,"Mexican, Breakfast, Tacos, Fries, Dessert",29.7741242,-95.42601
"Houston, TX",El Jefe Taco,"Chorizo, bacon, sausage, egg and cheese.",4.09,Pacific Coast Tacos,"Mexican, Breakfast, Tacos, Fries, Dessert",29.7741242,-95.42601
"Houston, TX",Average Joe Sausage,"Sausage, egg, cheese.",3.39,Pacific Coast Tacos,"Mexican, Breakfast, Tacos, Fries, Dessert",29.7741242,-95.42601
"Houston, TX",Brody Taco,"Bacon, egg, bean, potato.",3.59,Pacific Coast Tacos,"Mexican, Breakfast, Tacos, Fries, Dessert",29.7741242,-95.42601
"Houston, TX",Santa Cruz Taco,"Egg, bean, potato, sautéed onion, cheese.",3.69,Pacific Coast Tacos,"Mexican, Breakfast, Tacos, Fries, Dessert",29.7741242,-95.42601
"Houston, TX",Cortez Taco,"Fajita beef, egg, bean, potato, sautéed onion.",4.39,Pacific Coast Tacos,"Mexican, Breakfast, Tacos, Fries, Dessert",29.7741242,-95.42601
"Houston, TX",Mavericks Taco,"Chorizo, egg, bean, cheese.",3.59,Pacific Coast Tacos,"Mexican, Breakfast, Tacos, Fries, Dessert",29.7741242,-95.42601
"Houston, TX",Del Rey Taco,"Potato, bean, cheese.",3.09,Pacific Coast Tacos,"Mexican, Breakfast, Tacos, Fries, Dessert",29.7741242,-95.42601
"Houston, TX",Average Joe Chorizo,"Chorizo, egg, cheese.",3.39,Pacific Coast Tacos,"Mexican, Breakfast, Tacos, Fries, Dessert",29.7741242,-95.42601
"Houston, TX",Cabo Taco,"Chorizo, potato, sautéed onion.",3.35,Pacific Coast Tacos,"Mexican, Breakfast, Tacos, Fries, Dessert",29.7741242,-95.42601
"Houston, TX",Jaco Taco,"Egg, pico, avocado.",3.59,Pacific Coast Tacos,"Mexican, Breakfast, Tacos, Fries, Dessert",29.7741242,-95.42601
"Houston, TX",Pacifica Taco,"Egg, bean, cheese.",3.39,Pacific Coast Tacos,"Mexican, Breakfast, Tacos, Fries, Dessert",29.7741242,-95.42601
"Houston, TX",Slater Taco,"Sausage, egg, pico, cheese.",3.59,Pacific Coast Tacos,"Mexican, Breakfast, Tacos, Fries, Dessert",29.7741242,-95.42601
"Houston, TX",The Average Joe - Dozen,,35.99,Pacific Coast Tacos,"Mexican, Breakfast, Tacos, Fries, Dessert",29.7741242,-95.42601
"Houston, TX",Soft Chili Scramble w/ Avocado,"Chili shallot-folded eggs with sheep's milk feta, avocado & sesame seeds topped with chili oil. Allergens: G = Contains gluten, D = Contains dairy, E = Contains egg, S = Contains soy, SE = Contains sesame",15.68,Bluestone Lane,Coffee Shop & Bar,29.8032465,-95.3985567
"Houston, TX",Chocolate Croissant,Freshly baked chocolate croissants. Light and airy layers of flaky buttery pastry with dark chocolate. ,4.95,Bluestone Lane,Coffee Shop & Bar,29.8032465,-95.3985567
"Houston, TX",Plain Croissant,Freshly baked plain croissants. Light and airy layers of flaky buttery pastry.,4.4,Bluestone Lane,Coffee Shop & Bar,29.8032465,-95.3985567
"Houston, TX",Chocolate Chip Cookie,"This thin American style cookie is the best of both worlds. Crispy edged with a lightly chewy center. Perfectly indulgent and decadent, lightly salted and full of the finest Belgium milk chocolate! Only the purest ingredients.",3.3,Bluestone Lane,Coffee Shop & Bar,29.8032465,-95.3985567
"Houston, TX",Strawberry,Strawberry cake studded with fresh strawberries and topped with strawberry frosting.,5.25,Crave Cupcakes,"Dessert, Takeout, Pickup, Cupcakes",29.7214356,-95.4189031
"Houston, TX",Coconut,Vanilla cake with Coconut cream cheese frosting.	,5.25,Crave Cupcakes,"Dessert, Takeout, Pickup, Cupcakes",29.7214356,-95.4189031
"Houston, TX",Lunch Box,"Sandwich, chips, pickle and a cookie!",13.75,Red Dessert,"Bakery, Dessert, Coffee",29.7903167,-95.3880167
"Houston, TX",Curry Chicken Salad Sandwich,Includes pickle only.,8.95,Red Dessert,"Bakery, Dessert, Coffee",29.7903167,-95.3880167
"Houston, TX",Egg Salad Sandwich,Includes pickle only.,8.5,Red Dessert,"Bakery, Dessert, Coffee",29.7903167,-95.3880167
"Houston, TX","Jalapeño, Bacon & Egg Salad Sandwich",Includes pickle only.,9.0,Red Dessert,"Bakery, Dessert, Coffee",29.7903167,-95.3880167
"Houston, TX",Cake Slice,Cake slice - rotates daily (call to verify flavor).,7.5,Red Dessert,"Bakery, Dessert, Coffee",29.7903167,-95.3880167
"Houston, TX",Banana Pudding,Individual / 9x13 pan (serves 12),3.95,Red Dessert,"Bakery, Dessert, Coffee",29.7903167,-95.3880167
"Houston, TX",Bread Pudding,Chocolate or Plain pudding. Served with Texas Bourbon Caramel Sauce.,6.25,Red Dessert,"Bakery, Dessert, Coffee",29.7903167,-95.3880167
"Houston, TX",Seasonal Cheesecake - Slice,"Individual / Mini Doz. / 9\ Round""",6.25,Red Dessert,"Bakery, Dessert, Coffee",29.7903167,-95.3880167
"Houston, TX",Blondie/Bar,Flavors rotate weekly.,3.95,Red Dessert,"Bakery, Dessert, Coffee",29.7903167,-95.3880167
"Houston, TX",Tipsy Chick,"Marinated and grilled chicken, spinach, grilled corn, green chiles & cheddar cheese with chipotle sauce on a flour tortilla served with a side of bacon bourbon marmalade. Dairy, Soy, Gluten, Eggs.",7.05,Torchy's Tacos,Tacos,29.7440974,-95.4104148
"Houston, TX",Airstream Salad,"Romaine, arugula & picked mint topped with avocado slices, pico de gallo, corn, cotija cheese, peppadew peppers, & pistachios.  Served with a drizzle of chipotle ranch & a side of champagne vinaigrette. Dairy, Egg, Avocado, Tree Nuts (no protein). *With chicken: +soy, gluten; with salmon: +soy, fish, gluten",10.65,Torchy's Tacos,Tacos,29.7440974,-95.4104148
"Houston, TX",Fanta Orange,,1.59,McDonald's,McDonald's,29.748692,-95.370802
"Houston, TX",Chocolate Milk,,1.79,McDonald's,McDonald's,29.748692,-95.370802
"Houston, TX",Milk,,1.79,McDonald's,McDonald's,29.748692,-95.370802
"Houston, TX",The Cactus Plant Flea Market Big Mac Box ,,13.09,McDonald's,McDonald's,29.748692,-95.370802
"Houston, TX",The Cactus Plant Flea Market 10 piece Chicken McNuggets Box ,,11.89,McDonald's,McDonald's,29.748692,-95.370802
"Houston, TX",The Cactus Plant Flea Market Big Mac Box ,,13.09,McDonald's,McDonald's,29.748692,-95.370802
"Houston, TX",The Cactus Plant Flea Market 10 piece Chicken McNuggets Box ,,11.89,McDonald's,McDonald's,29.748692,-95.370802
"Houston, TX",The Cactus Plant Flea Market 10 piece Chicken McNuggets Box ,,11.89,McDonald's,McDonald's,29.748692,-95.370802
"Houston, TX",Big Mac Meal,,10.33,McDonald's,McDonald's,29.748692,-95.370802
"Houston, TX",Double Quarter Pounder with Cheese Meal,,11.88,McDonald's,McDonald's,29.748692,-95.370802
"Houston, TX",Quarter Pounder with Cheese Meal,,7.89,McDonald's,McDonald's,29.748692,-95.370802
"Houston, TX",2 Cheeseburger Meal,,6.19,McDonald's,McDonald's,29.748692,-95.370802
"Houston, TX",Double Bacon Quarter Pounder with Cheese Meal,,12.09,McDonald's,McDonald's,29.748692,-95.370802
"Houston, TX",Bacon Quarter Pounder with Cheese Meal,,10.79,McDonald's,McDonald's,29.748692,-95.370802
"Houston, TX",Hot and Spicy McChicken Meal,,5.69,McDonald's,McDonald's,29.748692,-95.370802
"Houston, TX",Triple Cheeseburger Meal,,6.69,McDonald's,McDonald's,29.748692,-95.370802
"Houston, TX",Quarter Pounder with Cheese Deluxe Meal,,8.29,McDonald's,McDonald's,29.748692,-95.370802
"Houston, TX",Double Quarter Cheese Deluxe Meal,,9.29,McDonald's,McDonald's,29.748692,-95.370802
"Houston, TX",Spicy Crispy Chicken Sandwich Meal ,,8.29,McDonald's,McDonald's,29.748692,-95.370802
"Houston, TX",Spicy Deluxe Crispy Chicken Sandwich Meal,,8.99,McDonald's,McDonald's,29.748692,-95.370802
"Houston, TX",Crispy Chicken Sandwich Meal,,7.99,McDonald's,McDonald's,29.748692,-95.370802
"Houston, TX",Homestyle Burger Meal,,8.39,McDonald's,McDonald's,29.748692,-95.370802
"Houston, TX",Deluxe Crispy Chicken Sandwich Meal,,8.79,McDonald's,McDonald's,29.748692,-95.370802
"Houston, TX",10 Piece McNuggets Meal,,9.09,McDonald's,McDonald's,29.748692,-95.370802
"Houston, TX",French Fries,,2.19,McDonald's,McDonald's,29.748692,-95.370802
"Houston, TX",Chocolate Shake,,2.73,McDonald's,McDonald's,29.748692,-95.370802
"Houston, TX",Strawberry Shake,,2.73,McDonald's,McDonald's,29.748692,-95.370802
"Houston, TX",Apple Pie,,1.79,McDonald's,McDonald's,29.748692,-95.370802
"Houston, TX",Strawberry & Crème Pie,,2.27,McDonald's,McDonald's,29.748692,-95.370802
"Houston, TX",Iced Caramel Coffee,,2.5,McDonald's,McDonald's,29.748692,-95.370802
"Houston, TX",Iced French Vanilla Coffee,,2.5,McDonald's,McDonald's,29.748692,-95.370802
"Houston, TX",Iced Hazelnut Coffee,,2.5,McDonald's,McDonald's,29.748692,-95.370802
"Houston, TX",Iced Caramel Macchiato,,2.5,McDonald's,McDonald's,29.748692,-95.370802
"Houston, TX",Iced Mocha,,2.5,McDonald's,McDonald's,29.748692,-95.370802
"Houston, TX",Premium Hot Chocolate,,2.79,McDonald's,McDonald's,29.748692,-95.370802
"Houston, TX",Iced Coffee,,2.5,McDonald's,McDonald's,29.748692,-95.370802
"Houston, TX",Premium Roast Coffee,,1.29,McDonald's,McDonald's,29.748692,-95.370802
"Houston, TX",Iced Caramel Latte,,2.5,McDonald's,McDonald's,29.748692,-95.370802
"Houston, TX",French Vanilla Latte,,2.79,McDonald's,McDonald's,29.748692,-95.370802
"Houston, TX",Caramel Hot Chocolate,,2.79,McDonald's,McDonald's,29.748692,-95.370802
"Houston, TX",Iced French Vanilla Latte,,2.5,McDonald's,McDonald's,29.748692,-95.370802
"Houston, TX",Caramel Macchiato,,2.69,McDonald's,McDonald's,29.748692,-95.370802
"Houston, TX",Mocha,,2.5,McDonald's,McDonald's,29.748692,-95.370802
"Houston, TX",Iced Caramel Mocha,,2.5,McDonald's,McDonald's,29.748692,-95.370802
"Houston, TX",Iced Latte,,2.5,McDonald's,McDonald's,29.748692,-95.370802
"Houston, TX",Hazelnut Cappuccino,,2.5,McDonald's,McDonald's,29.748692,-95.370802
"Houston, TX",Caramel Cappuccino,,2.5,McDonald's,McDonald's,29.748692,-95.370802
"Houston, TX",Decaf Coffee,,1.29,McDonald's,McDonald's,29.748692,-95.370802
"Houston, TX",Caramel Mocha,,2.5,McDonald's,McDonald's,29.748692,-95.370802
"Houston, TX",Latte,,2.79,McDonald's,McDonald's,29.748692,-95.370802
"Houston, TX",Caramel Latte,,2.79,McDonald's,McDonald's,29.748692,-95.370802
"Houston, TX",Hazelnut Latte,,2.79,McDonald's,McDonald's,29.748692,-95.370802
"Houston, TX",Iced Hazelnut Latte,,2.5,McDonald's,McDonald's,29.748692,-95.370802
"Houston, TX",Americano,,2.79,McDonald's,McDonald's,29.748692,-95.370802
"Houston, TX",Apple Pie,,1.79,McDonald's,McDonald's,29.748692,-95.370802
"Houston, TX",Strawberry & Crème Pie,,2.27,McDonald's,McDonald's,29.748692,-95.370802
"Houston, TX",Sprite®,,1.59,McDonald's,McDonald's,29.748692,-95.370802
"Houston, TX",Coke®,,1.59,McDonald's,McDonald's,29.748692,-95.370802
"Houston, TX",Minute Maid® Orange Juice,,2.29,McDonald's,McDonald's,29.748692,-95.370802
"Houston, TX",Sweet Iced Tea,,1.59,McDonald's,McDonald's,29.748692,-95.370802
"Houston, TX",Hi-C® Orange,,1.59,McDonald's,McDonald's,29.748692,-95.370802
"Houston, TX",Coke Zero®,,1.59,McDonald's,McDonald's,29.748692,-95.370802
"Houston, TX",Dr Pepper®,,1.59,McDonald's,McDonald's,29.748692,-95.370802
"Houston, TX",Powerade®,,1.59,McDonald's,McDonald's,29.748692,-95.370802
"Houston, TX",Mango Pineapple Smoothie,,2.5,McDonald's,McDonald's,29.748692,-95.370802
"Houston, TX",Strawberry Banana Smoothie,,2.5,McDonald's,McDonald's,29.748692,-95.370802
"Houston, TX",Diet Coke®,,1.59,McDonald's,McDonald's,29.748692,-95.370802
"Houston, TX",Unsweetened Iced Tea,,1.59,McDonald's,McDonald's,29.748692,-95.370802
"Houston, TX",French Fries,,2.19,McDonald's,McDonald's,29.748692,-95.370802
"Houston, TX",10 Piece McNuggets Meal,,9.09,McDonald's,McDonald's,29.748692,-95.370802
"Houston, TX",Double Quarter Pounder with Cheese Meal,,11.88,McDonald's,McDonald's,29.748692,-95.370802
"Houston, TX",Big Mac Meal,,10.33,McDonald's,McDonald's,29.748692,-95.370802
"Houston, TX",Crispy Chicken Sandwich Meal,,7.99,McDonald's,McDonald's,29.748692,-95.370802
"Houston, TX",Vanilla Shake,,2.73,McDonald's,McDonald's,29.748692,-95.370802
"Houston, TX",Coke®,,1.59,McDonald's,McDonald's,29.748692,-95.370802
"Houston, TX",Iced Coffee,,2.5,McDonald's,McDonald's,29.748692,-95.370802
"Houston, TX",French Vanilla Latte,,2.79,McDonald's,McDonald's,29.748692,-95.370802
"Houston, TX",#20 Taquito with Cheese Whatameal®,"What's On It: Sausage (Taquito with Cheese), American Cheese (1 Slice)Your Whatameal®includes: Comes with Hash Brown Sticks and a Coffee.",7.0,Whataburger,"Breakfast, Fast Food, Burgers",29.7913369,-95.3732016
"Houston, TX",#20 Taquito with Cheese,"What's On It: Sausage (Taquito with Cheese), American Cheese (1 Slice)Your Whatameal®includes: Comes with Hash Brown Sticks and a Coffee.",4.05,Whataburger,"Breakfast, Fast Food, Burgers",29.7913369,-95.3732016
"Houston, TX",Whopper Meal,"A ¼ lb* of flame-grilled beef patty topped with juicy tomatoes, crisp lettuce, creamy mayonnaise, ketchup, crunchy pickles, and sliced white onions on a toasted sesame seed bun.  *Weight based on pre-cooked patty.",11.59,Burger King,"Burgers, Fast Food",29.734045,-95.3485183
"Houston, TX",#25 Honey Butter Chicken Biscuit,"What's On It: Buttermilk Biscuit, Chicken Strip (1), Honey Butter (Regular)",3.92,Whataburger,"Breakfast, Fast Food, Burgers",29.7913369,-95.3732016
"Houston, TX",#22 Biscuit Sandwich,"What's On It: Sausage (Biscuit Sandwich), Buttermilk Biscuit, Egg (1), American Cheese (1 Slice)",4.42,Whataburger,"Breakfast, Fast Food, Burgers",29.7913369,-95.3732016
"Houston, TX",French Fries,,2.45,Whataburger,"Breakfast, Fast Food, Burgers",29.7913369,-95.3732016
"Houston, TX",#4 Supreme Meats,"One sandwich reigns supreme. Black Forest ham, Genoa salami, pepperoni, and our capicola on fresh-baked Artisan Italian bread with provolone cheese, lettuce, tomatoes, red onions, and banana peppers…all topped off with our famous MVP Parmesan Vinaigrette®.",7.77,Subway,"Sandwiches, Salads, Dessert, Snacks",29.7466861,-95.359915
"Houston, TX",Double Whopper Meal,"Two ¼ lb* flame-grilled beef patties with juicy tomatoes, crisp lettuce, creamy mayonnaise, ketchup, crunchy pickles, and sliced white onions on a toasted sesame seed bun.  *Weight based on pre-cooked patty.",12.99,Burger King,"Burgers, Fast Food",29.734045,-95.3485183
"Houston, TX",Bacon King Sandwich Meal,"Two 1/4 lb* flame-grilled beef patties with crispy bacon, melted American cheese, ketchup, and creamy mayonnaise on a toasted sesame seed bun.*Weight based on pre-cooked patty.",14.49,Burger King,"Burgers, Fast Food",29.734045,-95.3485183
"Houston, TX",Impossible™ Whopper Meal,"A flame-grilled, plant-based patty with juicy tomatoes, crisp lettuce, creamy mayonnaise, ketchup, crunchy pickles, and sliced white onions on a toasted sesame seed bun. *Patty cooked on the same broiler as beef patties.",12.89,Burger King,"Burgers, Fast Food",29.734045,-95.3485183
"Houston, TX",9PC Chicken Fries Meal,"Breaded, crispy white meat chicken perfect for dipping in any of our delicious dipping sauces.",9.09,Burger King,"Burgers, Fast Food",29.734045,-95.3485183
"Houston, TX",Triple Whopper Meal,"Three ¼ lb* flame-grilled beef patties with juicy tomatoes, crisp lettuce, melted American cheese, creamy mayonnaise, ketchup, crunchy pickles, and sliced white onions on a toasted sesame seed bun. *Weight based on pre-cooked patty.",14.39,Burger King,"Burgers, Fast Food",29.734045,-95.3485183
"Houston, TX",Original Chicken Sandwich Meal,Lightly breaded white meat chicken topped with crisp lettuce and creamy mayonnaise on a sesame seed bun.,10.69,Burger King,"Burgers, Fast Food",29.734045,-95.3485183
"Houston, TX",#11 Subway Club®,"Oven-roasted turkey, Black Forest ham, USDA Choice Roast Beef, provolone cheese piled on Hearty Multigrain bread and topped with lettuce, tomatoes, red onions, and mayo. A club sandwich the Subway® style.",7.05,Subway,"Sandwiches, Salads, Dessert, Snacks",29.7466861,-95.359915
"Houston, TX",16PC Chicken Nuggets Meal,Bite-sized white meat chicken coated in crispy homestyle seasoned breading.,7.99,Burger King,"Burgers, Fast Food",29.734045,-95.3485183
"Houston, TX",Big Fish Sandwich Meal,"100% White Alaskan Pollock with crispy panko breading, sweet tartar sauce, and crunchy pickles on a toasted brioche-style bun.",11.19,Burger King,"Burgers, Fast Food",29.734045,-95.3485183
"Houston, TX",BK Spicy Royal Crispy Chicken Meal,"Crispy white meat breast fillet coated with our triple pepper spicy glaze, topped with savory sauce, lettuce and juicy tomatoes on a toasted potato bun.",12.49,Burger King,"Burgers, Fast Food",29.734045,-95.3485183
"Houston, TX",BK Royal Crispy Chicken Meal,"Crispy white meat breast fillet topped with savory sauce, lettuce and juicy tomatoes on a toasted potato bun.",11.89,Burger King,"Burgers, Fast Food",29.734045,-95.3485183
"Houston, TX",Single Impossible™ King Meal,"Features a flame-grilled patty* made from plants topped with melty American cheese, sliced white onions, crunchy pickles, ketchup, and mustard all on a toasted sesame seed bun.*Pre-cooked patty weight 3.6 oz. Impossible™ patty made from plants and cooked on the same broiler as beef patties. Impossible™ is a trademark of Impossible Foods, Inc. Used under license.",12.49,Burger King,"Burgers, Fast Food",29.734045,-95.3485183
"Houston, TX",BK Bacon and Swiss Cheese Royal Crispy Chicken Meal,"Crispy white meat breast fillet topped with savory sauce, creamy swiss cheese, crispy bacon, lettuce and juicy tomatoes on a toasted potato bun.",13.69,Burger King,"Burgers, Fast Food",29.734045,-95.3485183
"Houston, TX",BBQ Bacon and Cheese BK Royal Crispy Chicken Meal,"Crispy white meat breast fillet topped with southern-spiced BBQ sauce, crispy bacon and melty cheese on a toasted potato bun.",13.69,Burger King,"Burgers, Fast Food",29.734045,-95.3485183
"Houston, TX",French Fries,Piping hot and perfectly salted.,3.09,Burger King,"Burgers, Fast Food",29.734045,-95.3485183
"Houston, TX",#6 The Boss,It’s the mother of all meatball subs. Juicy meatballs drenched in marinara sauce with slices of pepperoni and BelGioioso® Fresh Mozzarella. Sprinkled with parmesan and served toasted on Italian Herbs & Cheese bread.,7.05,Subway,"Sandwiches, Salads, Dessert, Snacks",29.7466861,-95.359915
"Houston, TX",Onion Rings,"Golden brown, hot, and crispy.",3.09,Burger King,"Burgers, Fast Food",29.734045,-95.3485183
"Houston, TX",Frozen Fanta® Wild Cherry,The great taste of Fanta® Wild Chery soda in a refreshing frozen drink.,2.19,Burger King,"Burgers, Fast Food",29.734045,-95.3485183
"Houston, TX",Frozen Coke®,The great taste of Coca-Cola® in a refreshing frozen drink.,2.19,Burger King,"Burgers, Fast Food",29.734045,-95.3485183
"Houston, TX","Sausage, Egg & Cheese Croissan'wich Meal","Sizzling sausage, fluffy eggs, and melted American cheese on a toasted croissant. Served with Hash Browns and your choice of Drink.",8.49,Burger King,"Burgers, Fast Food",29.734045,-95.3485183
"Houston, TX",Egg-Normous Burrito Meal,"Sizzling sausage, crispy bacon, fluffy eggs, melted American cheese, crunchy hash browns, and a creamy spicy sauce all wrapped up in a soft flour tortilla. Served with Hash Browns and your choice of Drink.",8.69,Burger King,"Burgers, Fast Food",29.734045,-95.3485183
"Houston, TX","Ham, Egg & Cheese Croissan'wich Meal","Black Forest ham, fluffy eggs, and melted American cheese on a toasted croissant. Served with Hash Browns and your choice of Drink.",8.49,Burger King,"Burgers, Fast Food",29.734045,-95.3485183
"Houston, TX",Egg & Cheese Croissan'wich Meal,,6.99,Burger King,"Burgers, Fast Food",29.734045,-95.3485183
"Houston, TX","Bacon, Egg & Cheese Croissan'wich Meal","Crispy bacon, fluffy eggs, and melted American cheese on a toasted croissant. Served with Hash Browns and your choice of Drink.",8.49,Burger King,"Burgers, Fast Food",29.734045,-95.3485183
"Houston, TX",#12 Turkey Cali Club™,"Eat fresh, California style. Oven-roasted turkey, crisp bacon, BelGioioso® Fresh Mozzarella, and smashed Hass avocado. Topped with spinach, tomatoes, red onions, and mayo toasted on Hearty Multigrain bread.",8.37,Subway,"Sandwiches, Salads, Dessert, Snacks",29.7466861,-95.359915
"Houston, TX",#9 The Champ™,"Tender hand-pulled rotisserie-style chicken, a double helping of Monterey Cheddar, green peppers, and red onions. Topped off with creamy Peppercorn Ranch and served toasted on Artisan Italian bread. This one’s a winner!",7.05,Subway,"Sandwiches, Salads, Dessert, Snacks",29.7466861,-95.359915
"Houston, TX","Bacon, Egg & Cheese Biscuit Meal","Crispy bacon, fluffy eggs, and melted American cheese on a warm buttermilk biscuit. Served with Hash Browns and your choice of Drink.",8.49,Burger King,"Burgers, Fast Food",29.734045,-95.3485183
"Houston, TX",5PC French Toast Meal,,6.89,Burger King,"Burgers, Fast Food",29.734045,-95.3485183
"Houston, TX",#3 The Monster™,"Got a monstrous appetite? We’re talking thick juicy steak, crisp bacon, a double helping of Monterey cheddar, green peppers and red onions piled high and served toasted on Artisan Italian bread and topped off with creamy Peppercorn Ranch.",7.77,Subway,"Sandwiches, Salads, Dessert, Snacks",29.7466861,-95.359915
"Houston, TX",Egg & Cheese Biscuit Meal,Fluffy eggs and melted American cheese on a warm buttermilk biscuit. Served with Hash Browns and your choice of Drink.,6.99,Burger King,"Burgers, Fast Food",29.734045,-95.3485183
"Houston, TX",#10 All-American Club®,"The American classic. Oven-roasted turkey, Black Forest ham, crisp bacon, and American cheese with lettuce, tomatoes, red onions, and mayo. Served toasted on Artisan Italian bread.",7.05,Subway,"Sandwiches, Salads, Dessert, Snacks",29.7466861,-95.359915
"Houston, TX",Sausage & Egg Croissan'wich Meal,"Sizzling sausage, fluffy eggs, and melted American cheese on a toasted croissant. Served with Hash Browns and your choice of Drink.",7.99,Burger King,"Burgers, Fast Food",29.734045,-95.3485183
"Houston, TX",#8 The Great Garlic™,"Our NEW creamy garlic sauce is the secret to this sub. We pile juicy rotisserie-style chicken, crispy bacon, provolone, lettuce, tomatoes, red onions served toasted on Artisan Italian bread…all topped off with our NEW creamy Roasted Garlic Aioli. Irresistible!",7.17,Subway,"Sandwiches, Salads, Dessert, Snacks",29.7466861,-95.359915
"Houston, TX",#1 The Philly,"The classic cheesesteak stacked with juicy steak and a double helping of provolone toasted on Artisan Italian bread and topped with green peppers, red onions and mayo.",7.05,Subway,"Sandwiches, Salads, Dessert, Snacks",29.7466861,-95.359915
"Houston, TX",#7 The MexiCali,"Head for the Southwest with juicy rotisserie-style chicken, smashed avocado, double Pepper Jack cheese, lettuce, tomatoes, and red onions topped with our smoky Baja Chipotle sauce and served toasted on Artisan Italian bread.",7.89,Subway,"Sandwiches, Salads, Dessert, Snacks",29.7466861,-95.359915
"Houston, TX",#5 Bella Mozza,"Lotsa meat and lotsa mozzarella make this special. Thin-sliced Black Forest ham, our capicola, and BelGioioso® Fresh Mozzarella on fresh-baked Artisan Italian bread. Topped with spinach, tomatoes, red onions, and banana peppers and drizzled with our tangy MVP Parmesan Vinaigrette®.",7.05,Subway,"Sandwiches, Salads, Dessert, Snacks",29.7466861,-95.359915
"Houston, TX",#2 The Outlaw™,"Spicy, cheesy, smoky — this one’s got it all. Juicy steak meets double Pepper Jack cheese, with green peppers, red onions, and Baja Chipotle sauce toasted on Artisan Italian bread. Try not to fall head over heels.",7.05,Subway,"Sandwiches, Salads, Dessert, Snacks",29.7466861,-95.359915
"Houston, TX",Oven Roasted Turkey,"If a classic is what you crave, our thin-sliced Oven Roasted Turkey is the sandwich for you. It’s full of flavor and made to order with your choice of crisp veggies, served on our freshly baked, Hearty Multigrain bread.",6.19,Subway,"Sandwiches, Salads, Dessert, Snacks",29.7466861,-95.359915
"Houston, TX",Tuna,"You’ll love every bite of our classic tuna sandwich. 100% wild caught tuna blended with creamy mayo then topped with your choice of crisp, fresh veggies. 100% delicious.",6.19,Subway,"Sandwiches, Salads, Dessert, Snacks",29.7466861,-95.359915
"Houston, TX",Bacon & Egg Croissan'wich Meal,,7.99,Burger King,"Burgers, Fast Food",29.734045,-95.3485183
"Houston, TX",Meatball Marinara,"The Meatball Marinara sandwich is drenched in irresistible marinara sauce, sprinkled with Parmesan cheese,  topped with whatever you want (no judgement) and perfectly toasted just for you.",5.49,Subway,"Sandwiches, Salads, Dessert, Snacks",29.7466861,-95.359915
"Houston, TX",Steak & Cheese,"Our Steak & Cheese sandwich is where warm, delicious steak gets topped with melty cheesiness. Get crazy with veggies and sauces to make it what you want.",6.81,Subway,"Sandwiches, Salads, Dessert, Snacks",29.7466861,-95.359915
"Houston, TX",Black Forest Ham,"Our Black Forest Ham sandwich is a true classic. We add lettuce, baby spinach, cucumbers, green peppers and red onions to our delicious, thin-sliced ham and serve it on our Hearty Multigrain bread. Want cheese? Just ask.",5.37,Subway,"Sandwiches, Salads, Dessert, Snacks",29.7466861,-95.359915
"Houston, TX",Ham & Egg Croissan'wich Meal,,7.99,Burger King,"Burgers, Fast Food",29.734045,-95.3485183
"Houston, TX",Sweet Onion Chicken Teriyaki,"The Sweet Onion Chicken Teriyaki sub is one sah-weeet sub. It starts with Hearty Multigrain bread, add perfectly cooked grilled chicken strips, marinated in our NEW Sweet Onion Teriyaki Sauce, then pile on the crunch with lettuce, spinach, tomatoes, cucumbers, green peppers, red onions and top with another pass of our NEW Sweet Onion Teriyaki sauce.",6.29,Subway,"Sandwiches, Salads, Dessert, Snacks",29.7466861,-95.359915
"Houston, TX",Italian B.M.T.®,"The Italian B.M.T.® sandwich is filled with Genoa salami, spicy pepperoni, and Black Forest Ham. Big. Meaty. Tasty. Get it. ",6.19,Subway,"Sandwiches, Salads, Dessert, Snacks",29.7466861,-95.359915
"Houston, TX",Spicy Italian,"Our Spicy Italian sandwich is a combo of pepperoni and Genoa salami. Pile on cheese, crunchy veggies, and finish it with your favorite sauce. Or don't. Your call. ",5.73,Subway,"Sandwiches, Salads, Dessert, Snacks",29.7466861,-95.359915
"Houston, TX","Sausage, Egg & Cheese Biscuit Meal","Sizzling sausage, fluffy eggs, and melted American cheese on a warm buttermilk biscuit. Served with Hash Browns and your choice of Drink.",8.49,Burger King,"Burgers, Fast Food",29.734045,-95.3485183
"Houston, TX",Veggie Delite®,"The Veggie Delite® sandwich is crispy, crunchy, vegetarian perfection. With lettuce, baby spinach, tomatoes, cucumbers, green peppers and red onions, all on our Hearty Multigrain bread.",5.25,Subway,"Sandwiches, Salads, Dessert, Snacks",29.7466861,-95.359915
"Houston, TX","Ham, Egg & Cheese Biscuit Meal","Black Forest ham, fluffy eggs, and melted American cheese on a warm buttermilk biscuit. Served with Hash Browns and your choice of Drink.",8.49,Burger King,"Burgers, Fast Food",29.734045,-95.3485183
"Houston, TX",Cold Cut Combo®,"The Cold Cut Combo® sandwich with ham, salami, and bologna (all turkey based) is a long-time Subway® favorite. Yeah. It's that good.",5.49,Subway,"Sandwiches, Salads, Dessert, Snacks",29.7466861,-95.359915
"Houston, TX",Sausage & Egg Biscuit Meal,,7.99,Burger King,"Burgers, Fast Food",29.734045,-95.3485183
"Houston, TX",BK Café Coffee,,1.89,Burger King,"Burgers, Fast Food",29.734045,-95.3485183
"Houston, TX",Hash Browns,"Crunchy, sizzling hot, and golden brown.",2.09,Burger King,"Burgers, Fast Food",29.734045,-95.3485183
"Houston, TX",Chicken & Bacon Ranch,"What do you get when you mix juicy Rotisserie-Style Chicken, melty Monterey Cheddar Cheese, Hickory-Smoked Bacon, and our creamy Peppercorn Ranch? Your sandwich happy place.",7.29,Subway,"Sandwiches, Salads, Dessert, Snacks",29.7466861,-95.359915
"Houston, TX",Buffalo Chicken,"When you’re looking to spice things up, do it with Frank’s RedHot® and buffalo chicken. Our Buffalo Chicken Footlong is made with everyone’s favorite hot sauce – Frank’s RedHot® and topped with peppercorn ranch. Try it with lettuce, tomatoes and cucumbers! Frank’s RedHot® is a registered trademark of McCormick & Co. and used under license by Subway Franchisee Advertising Fund Trust Ltd.®/© Subway IP LLC 2021.",6.29,Subway,"Sandwiches, Salads, Dessert, Snacks",29.7466861,-95.359915
"Houston, TX",Oven Roasted Turkey & Ham,"Enjoy the flavor of tender, thin-sliced oven roasted turkey and Black Forest Ham with your favorite veggies, from juicy tomatoes to sweet red onions, all served on freshly baked, Hearty Multigrain bread.",6.19,Subway,"Sandwiches, Salads, Dessert, Snacks",29.7466861,-95.359915
"Houston, TX",B.L.T.,"The sub that proves great things come in threes. In this case, those three things happen to be hickory smoked bacon, lettuce and juicy tomatoes. While there’s no scientific way of proving it, this B.L.T might be the most perfect sub in existence.",6.49,Subway,"Sandwiches, Salads, Dessert, Snacks",29.7466861,-95.359915
"Houston, TX",Rotisserie-Style Chicken,"Who doesn’t love tender, juicy rotisserie-style chicken? Especially when it’s served on our Hearty Multigrain bread with your choice of veggies. We like lettuce, tomatoes, red onions, and peppers, but hey, it’s your sandwich, do what you like.",6.45,Subway,"Sandwiches, Salads, Dessert, Snacks",29.7466861,-95.359915
"Houston, TX",Veggie Patty,"Delicious vegan patties with lettuce, tomatoes, cucumbers, green peppers and red onions, all served on our freshly baked Hearty Multigrain bread.",5.89,Subway,"Sandwiches, Salads, Dessert, Snacks",29.7466861,-95.359915
"Houston, TX",Roast Beef,"Choice Angus Roast Beef, Hearty Multigrain Bread, and plenty of fresh veggies make this lunchtime classic one to remember.",7.41,Subway,"Sandwiches, Salads, Dessert, Snacks",29.7466861,-95.359915
"Houston, TX",Chicken & Bacon Ranch Melt,"How can you improve Rotisserie-Style Chicken, Hickory-Smoked Bacon, and Peppercorn Ranch? With a whole lot of gooey Provolone Cheese and veggies.",7.69,Subway,"Sandwiches, Salads, Dessert, Snacks",29.7466861,-95.359915
"Houston, TX",Italian B.M.T.® Melt,"Three craveable meats, melty cheese and fresh veggies. It’s not too good to be true, it’s the Italian B.M.T.® Melt. Now you can get the flavors you crave along with the goodness of fresh tomatoes, peppers and onions, that’s a win-win.",6.49,Subway,"Sandwiches, Salads, Dessert, Snacks",29.7466861,-95.359915
"Houston, TX",Steak & Cheese Melt,"Grilled, melty and cheesy but also loaded with fresh vegetables? The Steak & Cheese Melt is just that, freshly made with onions and peppers and perfectly grilled to cover all your cravings.",6.89,Subway,"Sandwiches, Salads, Dessert, Snacks",29.7466861,-95.359915
"Houston, TX",Oven Roasted Turkey Melt,"The Oven Roasted Turkey Melt is loaded with fresh veggies like tomatoes, peppers and onions, and grilled on our Hearty Multigrain bread until the American cheese is as melty and cheesy as you want it. Cravings, covered.",6.49,Subway,"Sandwiches, Salads, Dessert, Snacks",29.7466861,-95.359915
"Houston, TX",Ham & Cheese Melt,"Your cravings called, and we answered with melty goodness and fresh veggies, too. The Ham & Cheese Melt combines Black Forest ham, fresh tomato and American cheese and grills them all up to create an indulgent choice that’s freshly made, too.",5.69,Subway,"Sandwiches, Salads, Dessert, Snacks",29.7466861,-95.359915
"Houston, TX",Meatball Marinara Melt,"Add some melty goodness to your Meatball Marinara sub. Make it a Fresh Melt™ and get craveable meatballs and tangy marinara sauce topped with American and parmesan, all grilled to cheesy perfection. Freshly made in front of you.",5.99,Subway,"Sandwiches, Salads, Dessert, Snacks",29.7466861,-95.359915
"Houston, TX",Tuna Melt,"100% wild-caught tuna with mayo. Fresh onion. Melty provolone. We brought the best ingredients together for something that satisfies your cravings for both fresh and savory. It’s not just a tuna melt, it’s a Fresh Melt™. Freshly made in front of you.",6.49,Subway,"Sandwiches, Salads, Dessert, Snacks",29.7466861,-95.359915
"Houston, TX",Spicy Italian Melt,"Spicy Italian Melt combines the mouth-watering flavor of pepperoni, salami and cheese grilled to melty perfection with the feel-good flavor of spinach, tomatoes and peppers. Guess you can have it all.",5.69,Subway,"Sandwiches, Salads, Dessert, Snacks",29.7466861,-95.359915
"Houston, TX",Buffalo Chicken Melt,"Packed with grilled chicken, plus just the right amount of Frank's RedHot® Buffalo sauce, a little peppercorn ranch to beat the heat and all the veggies you can fit in there. Frank’s RedHot® is a registered trademark of McCormick & Co. and used under license by Subway Franchisee Advertising Fund Trust Ltd. ®/© Subway IP LLC 2021.",6.89,Subway,"Sandwiches, Salads, Dessert, Snacks",29.7466861,-95.359915
"Houston, TX",Egg & Cheese,A classic for a reason. Our Egg and Cheese is simply delicious. Enjoy a fluffy egg with melted cheese. Try it toasted - It's unbeatable.,4.89,Subway,"Sandwiches, Salads, Dessert, Snacks",29.7466861,-95.359915
"Houston, TX","Black Forest Ham, Egg & Cheese","Enjoy savory Black Forest ham, melted cheese, and egg -  all on your favorite bread. Add your choice of veggies for a tasty way to start the day. Hello, delicious. ",4.89,Subway,"Sandwiches, Salads, Dessert, Snacks",29.7466861,-95.359915
"Houston, TX","Steak, Egg & Cheese","No matter what side of the bed you wake up on, you’ll love this. Yummy egg  with tender and delicious steak covered in melty cheese. That's one beautiful breakfast.",4.89,Subway,"Sandwiches, Salads, Dessert, Snacks",29.7466861,-95.359915
"Houston, TX","Bacon, Egg & Cheese","Start your day in a sizzlin' way with  bacon, egg, and melty cheese on freshly toasted flatbread (or whatever you like). Pile on your favorite veggies and sauce. Start the day right. ",4.89,Subway,"Sandwiches, Salads, Dessert, Snacks",29.7466861,-95.359915
"Houston, TX",Icing (Glaze & Cake) Donut,,1.25,Christy's Donuts & Kolaches,"Donuts, Breakfast & Brunch, Bakeries",29.7529896,-95.392387
"Houston, TX",Smoked Sau. & ch kol (1 doz),,18.95,Christy's Donuts & Kolaches,"Donuts, Breakfast & Brunch, Bakeries",29.7529896,-95.392387
"Houston, TX",Smoked Sau.& ch kol (1/2doz),,9.99,Christy's Donuts & Kolaches,"Donuts, Breakfast & Brunch, Bakeries",29.7529896,-95.392387
"Houston, TX",Milk (small),,1.29,Christy's Donuts & Kolaches,"Donuts, Breakfast & Brunch, Bakeries",29.7529896,-95.392387
"Houston, TX",Chocolate milk (large),,2.55,Christy's Donuts & Kolaches,"Donuts, Breakfast & Brunch, Bakeries",29.7529896,-95.392387
"Houston, TX",Strawberry Milk (large),,2.55,Christy's Donuts & Kolaches,"Donuts, Breakfast & Brunch, Bakeries",29.7529896,-95.392387
"Houston, TX",2% Milk (large),,2.55,Christy's Donuts & Kolaches,"Donuts, Breakfast & Brunch, Bakeries",29.7529896,-95.392387
"Houston, TX",Glaze Donut,,1.2,Christy's Donuts & Kolaches,"Donuts, Breakfast & Brunch, Bakeries",29.7529896,-95.392387
"Houston, TX",Donut Holes (1doz),,1.99,Christy's Donuts & Kolaches,"Donuts, Breakfast & Brunch, Bakeries",29.7529896,-95.392387
"Houston, TX",Chocolate Icing,,1.4,Christy's Donuts & Kolaches,"Donuts, Breakfast & Brunch, Bakeries",29.7529896,-95.392387
"Houston, TX",Donut Holes (1/2doz),,0.99,Christy's Donuts & Kolaches,"Donuts, Breakfast & Brunch, Bakeries",29.7529896,-95.392387
"Houston, TX",Old Fashion Cake Donut,,1.5,Christy's Donuts & Kolaches,"Donuts, Breakfast & Brunch, Bakeries",29.7529896,-95.392387
"Houston, TX",Filled Donuts,"bavarian creme, choc., straw, apple, and lemon filled",1.75,Christy's Donuts & Kolaches,"Donuts, Breakfast & Brunch, Bakeries",29.7529896,-95.392387
"Houston, TX",Blueberry Cake Donut,,1.5,Christy's Donuts & Kolaches,"Donuts, Breakfast & Brunch, Bakeries",29.7529896,-95.392387
"Houston, TX",Donuts (assorted) (1doz),,14.99,Christy's Donuts & Kolaches,"Donuts, Breakfast & Brunch, Bakeries",29.7529896,-95.392387
"Houston, TX",Cinnamon Twist Donut,,2.19,Christy's Donuts & Kolaches,"Donuts, Breakfast & Brunch, Bakeries",29.7529896,-95.392387
"Houston, TX",Apple Fritter Donut,,2.19,Christy's Donuts & Kolaches,"Donuts, Breakfast & Brunch, Bakeries",29.7529896,-95.392387
"Houston, TX",Rainbow sprinkle donut,,1.5,Christy's Donuts & Kolaches,"Donuts, Breakfast & Brunch, Bakeries",29.7529896,-95.392387
"Houston, TX",Glaze Donuts  (1 doz),,12.99,Christy's Donuts & Kolaches,"Donuts, Breakfast & Brunch, Bakeries",29.7529896,-95.392387
"Houston, TX",Blue Berry Cake Donut,,1.5,Christy's Donuts & Kolaches,"Donuts, Breakfast & Brunch, Bakeries",29.7529896,-95.392387
"Houston, TX",Strawberry Icing,,1.4,Christy's Donuts & Kolaches,"Donuts, Breakfast & Brunch, Bakeries",29.7529896,-95.392387
"Houston, TX",Regular Twist Donut,,1.75,Christy's Donuts & Kolaches,"Donuts, Breakfast & Brunch, Bakeries",29.7529896,-95.392387
"Houston, TX",Cinnamon Roll Donuts,,2.19,Christy's Donuts & Kolaches,"Donuts, Breakfast & Brunch, Bakeries",29.7529896,-95.392387
"Houston, TX",Devil's Food Cake Donut,,1.5,Christy's Donuts & Kolaches,"Donuts, Breakfast & Brunch, Bakeries",29.7529896,-95.392387
"Houston, TX",Cinnamon Crumb Donut,,1.4,Christy's Donuts & Kolaches,"Donuts, Breakfast & Brunch, Bakeries",29.7529896,-95.392387
"Houston, TX",Assorted Donuts (1/2 Doz),,7.79,Christy's Donuts & Kolaches,"Donuts, Breakfast & Brunch, Bakeries",29.7529896,-95.392387
"Houston, TX",Cake Donut,,1.5,Christy's Donuts & Kolaches,"Donuts, Breakfast & Brunch, Bakeries",29.7529896,-95.392387
"Houston, TX",Glaze Donuts (1/2Doz),,6.39,Christy's Donuts & Kolaches,"Donuts, Breakfast & Brunch, Bakeries",29.7529896,-95.392387
"Houston, TX",Vanilla Icing,,1.4,Christy's Donuts & Kolaches,"Donuts, Breakfast & Brunch, Bakeries",29.7529896,-95.392387
"Houston, TX",Bar Filled Donut,,2.19,Christy's Donuts & Kolaches,"Donuts, Breakfast & Brunch, Bakeries",29.7529896,-95.392387
"Houston, TX",Bear Claw Donut,,2.19,Christy's Donuts & Kolaches,"Donuts, Breakfast & Brunch, Bakeries",29.7529896,-95.392387
"Houston, TX",Maple Icing,,1.4,Christy's Donuts & Kolaches,"Donuts, Breakfast & Brunch, Bakeries",29.7529896,-95.392387
"Houston, TX",Sugar Donut,,1.4,Christy's Donuts & Kolaches,"Donuts, Breakfast & Brunch, Bakeries",29.7529896,-95.392387
"Houston, TX",Blue Berry cake (1/2doz),,8.59,Christy's Donuts & Kolaches,"Donuts, Breakfast & Brunch, Bakeries",29.7529896,-95.392387
"Houston, TX",Filled Donuts (1/2doz),"Bavarian cream, Strawberry, Choc., Lemon, and Apple filled",9.99,Christy's Donuts & Kolaches,"Donuts, Breakfast & Brunch, Bakeries",29.7529896,-95.392387
"Houston, TX",Blue Berry cake (1doz),,15.99,Christy's Donuts & Kolaches,"Donuts, Breakfast & Brunch, Bakeries",29.7529896,-95.392387
"Houston, TX",Plain cake (1/2doz),,8.59,Christy's Donuts & Kolaches,"Donuts, Breakfast & Brunch, Bakeries",29.7529896,-95.392387
"Houston, TX",Devil's Food cake (1/2doz),,8.59,Christy's Donuts & Kolaches,"Donuts, Breakfast & Brunch, Bakeries",29.7529896,-95.392387
"Houston, TX",Old Fashioned cake (1/2doz),Glazed and Choc.,8.59,Christy's Donuts & Kolaches,"Donuts, Breakfast & Brunch, Bakeries",29.7529896,-95.392387
"Houston, TX",Old Fashioned cake (1doz),Glazed and Choc.,15.99,Christy's Donuts & Kolaches,"Donuts, Breakfast & Brunch, Bakeries",29.7529896,-95.392387
"Houston, TX",Apple Fritter (1/2doz),,11.99,Christy's Donuts & Kolaches,"Donuts, Breakfast & Brunch, Bakeries",29.7529896,-95.392387
"Houston, TX",Bar filled (1/2doz),Choc. or Maple topping,11.99,Christy's Donuts & Kolaches,"Donuts, Breakfast & Brunch, Bakeries",29.7529896,-95.392387
"Houston, TX",Cinnamon Roll or Twist (1/2 doz),,11.99,Christy's Donuts & Kolaches,"Donuts, Breakfast & Brunch, Bakeries",29.7529896,-95.392387
"Houston, TX",Cinnamon Roll or Twist (1doz),,22.99,Christy's Donuts & Kolaches,"Donuts, Breakfast & Brunch, Bakeries",29.7529896,-95.392387
"Houston, TX",Filled Donuts (1doz),"Bava Cream, Straw., Lemon, Apple & Choc. filled",19.99,Christy's Donuts & Kolaches,"Donuts, Breakfast & Brunch, Bakeries",29.7529896,-95.392387
"Houston, TX",Regular Twist (1/2 doz),Glaze or Choc. topping,9.99,Christy's Donuts & Kolaches,"Donuts, Breakfast & Brunch, Bakeries",29.7529896,-95.392387
"Houston, TX",Apple Fritter (1doz),,22.99,Christy's Donuts & Kolaches,"Donuts, Breakfast & Brunch, Bakeries",29.7529896,-95.392387
"Houston, TX",Bar filled (1doz),Choc. or Maple topping,22.99,Christy's Donuts & Kolaches,"Donuts, Breakfast & Brunch, Bakeries",29.7529896,-95.392387
"Houston, TX",French Toast Sticks,"Three's a crowd, and four is a delicious bundle of breakfast delight. At least when it comes to our thick, golden French Toast Sticks complete with One maple-flavored syrup for dipping.",3.53,Sonic Drive-in,America's drive-in serving fast food meals,29.7690238,-95.3874318
"Houston, TX",Bear Claw (1 doz),Apple inside,22.99,Christy's Donuts & Kolaches,"Donuts, Breakfast & Brunch, Bakeries",29.7529896,-95.392387
"Houston, TX",Bear Claw (1/2doz),Apple inside,11.99,Christy's Donuts & Kolaches,"Donuts, Breakfast & Brunch, Bakeries",29.7529896,-95.392387
"Houston, TX",Devil's Food cake (1doz),,15.99,Christy's Donuts & Kolaches,"Donuts, Breakfast & Brunch, Bakeries",29.7529896,-95.392387
"Houston, TX",Plain cake (1doz),,15.99,Christy's Donuts & Kolaches,"Donuts, Breakfast & Brunch, Bakeries",29.7529896,-95.392387
"Houston, TX",Regular Twist (1doz),Glaze or Choc. topping,19.99,Christy's Donuts & Kolaches,"Donuts, Breakfast & Brunch, Bakeries",29.7529896,-95.392387
"Houston, TX",Jalapeno Sausage & Cheese Kolaches,,1.85,Christy's Donuts & Kolaches,"Donuts, Breakfast & Brunch, Bakeries",29.7529896,-95.392387
"Houston, TX",Sausage (Link) & Cheese Kolaches,,1.85,Christy's Donuts & Kolaches,"Donuts, Breakfast & Brunch, Bakeries",29.7529896,-95.392387
"Houston, TX",Jumbo Sausage & Cheese Kolaches,,3.59,Christy's Donuts & Kolaches,"Donuts, Breakfast & Brunch, Bakeries",29.7529896,-95.392387
"Houston, TX",Smoked Sausage & Cheese Kolaches,,1.85,Christy's Donuts & Kolaches,"Donuts, Breakfast & Brunch, Bakeries",29.7529896,-95.392387
"Houston, TX",Ham & Cheese Kolaches,,2.19,Christy's Donuts & Kolaches,"Donuts, Breakfast & Brunch, Bakeries",29.7529896,-95.392387
"Houston, TX",Sau. & Ch. Kol (1/2doz),,10.99,Christy's Donuts & Kolaches,"Donuts, Breakfast & Brunch, Bakeries",29.7529896,-95.392387
"Houston, TX",Plain Sausage (Link) Kolaches,,1.85,Christy's Donuts & Kolaches,"Donuts, Breakfast & Brunch, Bakeries",29.7529896,-95.392387
"Houston, TX",Jal. Sau. & Ch. Kol (1/2 Doz),,10.99,Christy's Donuts & Kolaches,"Donuts, Breakfast & Brunch, Bakeries",29.7529896,-95.392387
"Houston, TX",Bacon & Cheese Kolaches,,2.19,Christy's Donuts & Kolaches,"Donuts, Breakfast & Brunch, Bakeries",29.7529896,-95.392387
"Houston, TX",Egg & Cheese Kolaches,,2.19,Christy's Donuts & Kolaches,"Donuts, Breakfast & Brunch, Bakeries",29.7529896,-95.392387
"Houston, TX",Sau. &  Ch. Kol (1doz),Sausage and cheese kolaches,19.99,Christy's Donuts & Kolaches,"Donuts, Breakfast & Brunch, Bakeries",29.7529896,-95.392387
"Houston, TX",Jal. Sau. & Ch. Kol. (1 Doz),Jalapeno sausage and cheese kolaches,19.99,Christy's Donuts & Kolaches,"Donuts, Breakfast & Brunch, Bakeries",29.7529896,-95.392387
"Houston, TX",Sausage Patty & Cheese Kolaches,,2.19,Christy's Donuts & Kolaches,"Donuts, Breakfast & Brunch, Bakeries",29.7529896,-95.392387
"Houston, TX",Chappel Hill Jumbo Sau. Kol.,,3.89,Christy's Donuts & Kolaches,"Donuts, Breakfast & Brunch, Bakeries",29.7529896,-95.392387
"Houston, TX",Turkey & Cheese Kolaches,,2.19,Christy's Donuts & Kolaches,"Donuts, Breakfast & Brunch, Bakeries",29.7529896,-95.392387
"Houston, TX",Boudin Kolaches (1/2 Doz),,22.99,Christy's Donuts & Kolaches,"Donuts, Breakfast & Brunch, Bakeries",29.7529896,-95.392387
"Houston, TX",Smoked Sau. and Ch. Kol. (1/2doz),,10.99,Christy's Donuts & Kolaches,"Donuts, Breakfast & Brunch, Bakeries",29.7529896,-95.392387
"Houston, TX",Ham & ch Kolaches (1 Doz),Kolaches,23.99,Christy's Donuts & Kolaches,"Donuts, Breakfast & Brunch, Bakeries",29.7529896,-95.392387
"Houston, TX",Ham & ch kolaches (1/2 Doz),Kolaches,12.5,Christy's Donuts & Kolaches,"Donuts, Breakfast & Brunch, Bakeries",29.7529896,-95.392387
"Houston, TX",Jumbo Sau. and Ch. Kol. (1/2doz),,20.99,Christy's Donuts & Kolaches,"Donuts, Breakfast & Brunch, Bakeries",29.7529896,-95.392387
"Houston, TX",Egg and Ch Kol (1/2doz),,12.5,Christy's Donuts & Kolaches,"Donuts, Breakfast & Brunch, Bakeries",29.7529896,-95.392387
"Houston, TX","Bacon, Egg and Ch. Kol. (1/2doz))",,17.9,Christy's Donuts & Kolaches,"Donuts, Breakfast & Brunch, Bakeries",29.7529896,-95.392387
"Houston, TX","Sau., egg & ch Kol (1/2 doz)",,17.79,Christy's Donuts & Kolaches,"Donuts, Breakfast & Brunch, Bakeries",29.7529896,-95.392387
"Houston, TX",Bacon and Ch. Kol (1/2doz),,12.5,Christy's Donuts & Kolaches,"Donuts, Breakfast & Brunch, Bakeries",29.7529896,-95.392387
"Houston, TX",Chappel Hill Jumbo Sau. Kol. (1/2doz),Regular or Spicy,22.99,Christy's Donuts & Kolaches,"Donuts, Breakfast & Brunch, Bakeries",29.7529896,-95.392387
"Houston, TX",Smoked Sau.& ch. kol. (1doz),,19.99,Christy's Donuts & Kolaches,"Donuts, Breakfast & Brunch, Bakeries",29.7529896,-95.392387
"Houston, TX",Plain Sau. Kol. (1/2doz),No Cheese,10.99,Christy's Donuts & Kolaches,"Donuts, Breakfast & Brunch, Bakeries",29.7529896,-95.392387
"Houston, TX",Turkey and Ch. Kol. (1doz),,23.99,Christy's Donuts & Kolaches,"Donuts, Breakfast & Brunch, Bakeries",29.7529896,-95.392387
"Houston, TX","Turkey, Egg and Ch. Kol. (1/2doz)",,17.9,Christy's Donuts & Kolaches,"Donuts, Breakfast & Brunch, Bakeries",29.7529896,-95.392387
"Houston, TX","Bacon, Egg and Ch. Kol. (1doz)",,34.99,Christy's Donuts & Kolaches,"Donuts, Breakfast & Brunch, Bakeries",29.7529896,-95.392387
"Houston, TX","Ham, Egg and Ch. Kol. (1/2doz)",,17.9,Christy's Donuts & Kolaches,"Donuts, Breakfast & Brunch, Bakeries",29.7529896,-95.392387
"Houston, TX",Jumbo Sau. and Ch. Kol. (1doz),,39.99,Christy's Donuts & Kolaches,"Donuts, Breakfast & Brunch, Bakeries",29.7529896,-95.392387
"Houston, TX",Bacon and Ch. Kol (1doz),,23.99,Christy's Donuts & Kolaches,"Donuts, Breakfast & Brunch, Bakeries",29.7529896,-95.392387
"Houston, TX",Boudins Kolaches (1 Doz),,44.99,Christy's Donuts & Kolaches,"Donuts, Breakfast & Brunch, Bakeries",29.7529896,-95.392387
"Houston, TX",Egg and Ch. Kol (1doz),,23.99,Christy's Donuts & Kolaches,"Donuts, Breakfast & Brunch, Bakeries",29.7529896,-95.392387
"Houston, TX",Chappel Hill Jumbo Sau. Kol. (1doz),,44.99,Christy's Donuts & Kolaches,"Donuts, Breakfast & Brunch, Bakeries",29.7529896,-95.392387
"Houston, TX","Ham, Egg and Ch. Kol. (1doz)",,34.99,Christy's Donuts & Kolaches,"Donuts, Breakfast & Brunch, Bakeries",29.7529896,-95.392387
"Houston, TX",Plain Sau. Kol. (1doz),No Cheese,19.99,Christy's Donuts & Kolaches,"Donuts, Breakfast & Brunch, Bakeries",29.7529896,-95.392387
"Houston, TX",Sau. Pattie and Ch Kol. (1/2),,12.5,Christy's Donuts & Kolaches,"Donuts, Breakfast & Brunch, Bakeries",29.7529896,-95.392387
"Houston, TX",Sau. Pattie and Ch. Kol. (1doz),,23.99,Christy's Donuts & Kolaches,"Donuts, Breakfast & Brunch, Bakeries",29.7529896,-95.392387
"Houston, TX","Sau., egg & ch kol (1doz)",,34.99,Christy's Donuts & Kolaches,"Donuts, Breakfast & Brunch, Bakeries",29.7529896,-95.392387
"Houston, TX",Turkey and Ch. Kol. (1/2doz),,12.5,Christy's Donuts & Kolaches,"Donuts, Breakfast & Brunch, Bakeries",29.7529896,-95.392387
"Houston, TX","Turkey, Egg and Ch. Kol. (1doz)",,34.99,Christy's Donuts & Kolaches,"Donuts, Breakfast & Brunch, Bakeries",29.7529896,-95.392387
"Houston, TX",Ham & Cheese Croissant (Each),,3.99,Christy's Donuts & Kolaches,"Donuts, Breakfast & Brunch, Bakeries",29.7529896,-95.392387
"Houston, TX",Sausage (Link) & Cheese Croissant,,1.85,Christy's Donuts & Kolaches,"Donuts, Breakfast & Brunch, Bakeries",29.7529896,-95.392387
"Houston, TX",Bacon & Cheese Croissant (Each),,3.99,Christy's Donuts & Kolaches,"Donuts, Breakfast & Brunch, Bakeries",29.7529896,-95.392387
"Houston, TX",Egg & Cheese Croissant (Each),,3.99,Christy's Donuts & Kolaches,"Donuts, Breakfast & Brunch, Bakeries",29.7529896,-95.392387
"Houston, TX",Sausage Patty & Cheese Croissant (Each),,3.99,Christy's Donuts & Kolaches,"Donuts, Breakfast & Brunch, Bakeries",29.7529896,-95.392387
"Houston, TX",Plain Croissant (Each),,1.85,Christy's Donuts & Kolaches,"Donuts, Breakfast & Brunch, Bakeries",29.7529896,-95.392387
"Houston, TX",Turkey & Cheese Croissant (Each),,3.99,Christy's Donuts & Kolaches,"Donuts, Breakfast & Brunch, Bakeries",29.7529896,-95.392387
"Houston, TX",Sau. (Link) and Ch. Croiss.(1doz),,19.99,Christy's Donuts & Kolaches,"Donuts, Breakfast & Brunch, Bakeries",29.7529896,-95.392387
"Houston, TX",Sau. (Link) and Ch. Croiss. (1/2doz),,10.99,Christy's Donuts & Kolaches,"Donuts, Breakfast & Brunch, Bakeries",29.7529896,-95.392387
"Houston, TX",Orange Juice (Large),,2.45,Christy's Donuts & Kolaches,"Donuts, Breakfast & Brunch, Bakeries",29.7529896,-95.392387
"Houston, TX",Gatorade (Large),,2.35,Christy's Donuts & Kolaches,"Donuts, Breakfast & Brunch, Bakeries",29.7529896,-95.392387
"Houston, TX",Milk (Large),,2.55,Christy's Donuts & Kolaches,"Donuts, Breakfast & Brunch, Bakeries",29.7529896,-95.392387
"Houston, TX",Red Bull,,3.99,Christy's Donuts & Kolaches,"Donuts, Breakfast & Brunch, Bakeries",29.7529896,-95.392387
"Houston, TX",Starbucks Frappucino,,3.99,Christy's Donuts & Kolaches,"Donuts, Breakfast & Brunch, Bakeries",29.7529896,-95.392387
"Houston, TX",Monster,,3.99,Christy's Donuts & Kolaches,"Donuts, Breakfast & Brunch, Bakeries",29.7529896,-95.392387
"Houston, TX",#57. Cơm Bò Nướng Chả Giò,Steamed rice with charbroiled sliced beef and fried egg roll.,12.0,Pho Saigon,Vietnamese,29.7451531,-95.3776337
"Houston, TX",#56. Cơm Bò Nướng Sả,Steamed rice with charbroiled lemon grass sliced beef.,11.75,Pho Saigon,Vietnamese,29.7451531,-95.3776337
"Houston, TX",#59. Bún Bò Nướng Chả Giò,Vermicelli with charbroiled lemon grass sliced beef and fried egg roll.,12.0,Pho Saigon,Vietnamese,29.7451531,-95.3776337
"Houston, TX",#58. Bún Bò Nướng Sả,Vermicelli with charbroiled lemon grass sliced beef.,11.75,Pho Saigon,Vietnamese,29.7451531,-95.3776337
"Houston, TX",Caramel Macchiato,Freshly steamed milk with vanilla-flavored syrup marked with espresso and topped with a caramel drizzle for an oh-so-sweet finish.,5.75,Starbucks,"Coffee & Tea, Breakfast, Lunch, and Sweets",29.755549,-95.3666532
"Houston, TX",Pumpkin Spice Latte,"Our signature espresso and steamed milk with the celebrated flavor combination of pumpkin, cinnamon, nutmeg and clove. Enjoy it topped with whipped cream and real pumpkin-pie spices.",6.25,Starbucks,"Coffee & Tea, Breakfast, Lunch, and Sweets",29.755549,-95.3666532
"Houston, TX",Caffè Mocha,"Our rich, full-bodied espresso combined with bittersweet mocha sauce and steamed milk, then topped with sweetened whipped cream. The classic coffee drink that always sweetly satisfies.",5.15,Starbucks,"Coffee & Tea, Breakfast, Lunch, and Sweets",29.755549,-95.3666532
"Houston, TX",White Chocolate Mocha,"Our signature espresso meets white chocolate sauce and steamed milk, and then is finished off with sweetened whipped cream to create this supreme white chocolate delight.",5.95,Starbucks,"Coffee & Tea, Breakfast, Lunch, and Sweets",29.755549,-95.3666532
"Houston, TX",Vanilla Crème,"A smooth, frothy vanilla-flavored luxury. For those times, when you'd rather not indulge in the rich flavor of our world-famous espresso, but desire a hot, creamy vanilla beverage.",2.95,Starbucks,"Coffee & Tea, Breakfast, Lunch, and Sweets",29.755549,-95.3666532
"Houston, TX",Pumpkin Spice Crème,"We combine steamed milk with flavors of pumpkin, cinnamon, nutmeg and clove, then top it all off with whipped cream to create this amazing, coffee-free fall favorite.",3.95,Starbucks,"Coffee & Tea, Breakfast, Lunch, and Sweets",29.755549,-95.3666532
"Houston, TX",White Hot Chocolate,"A traditional hot chocolate beverage made with white chocolate sauce and steamed milk, topped with whipped cream.",3.95,Starbucks,"Coffee & Tea, Breakfast, Lunch, and Sweets",29.755549,-95.3666532
"Houston, TX",Caramel Frappuccino® Blended Beverage,"Caramel syrup meets coffee, milk and ice for a rendezvous in the blender, while whipped cream and buttery caramel sauce layer the love on top. To change things up, try it affogato-style with a hot espresso shot poured right over the top.",5.75,Starbucks,"Coffee & Tea, Breakfast, Lunch, and Sweets",29.755549,-95.3666532
"Houston, TX",Caramel Ribbon Crunch Frappuccino® Blended Beverage,"Buttery caramel syrup blended with coffee, milk and ice, then topped with a layer of dark caramel sauce, whipped cream, caramel drizzle and a crunchy caramel-sugar topping—oh-so-beautifully delicious.",6.15,Starbucks,"Coffee & Tea, Breakfast, Lunch, and Sweets",29.755549,-95.3666532
"Houston, TX",Vanilla Bean Crème Frappuccino® Blended Crème,"This rich and creamy blend of vanilla bean, milk and ice topped with whipped cream takes va-va-vanilla flavor to another level. To change things up, try it affogato-style with a hot espresso shot poured right over the top.",5.45,Starbucks,"Coffee & Tea, Breakfast, Lunch, and Sweets",29.755549,-95.3666532
"Houston, TX",Mocha Cookie Crumble Frappuccino®,"Frappuccino® Roast coffee, mocha sauce and Frappuccino® chips blended with milk and ice, layered on top of whipped cream and chocolate cookie crumble and topped with vanilla whipped cream, mocha drizzle and even more chocolate cookie crumble. Each sip is as good as the last . . . all the way to the end.",6.15,Starbucks,"Coffee & Tea, Breakfast, Lunch, and Sweets",29.755549,-95.3666532
"Houston, TX",Java Chip Frappuccino® Blended Beverage,"We blend mocha sauce and Frappuccino® chips with coffee, milk and ice, then top it off with whipped cream and a mocha drizzle to bring you endless java joy.",5.75,Starbucks,"Coffee & Tea, Breakfast, Lunch, and Sweets",29.755549,-95.3666532
"Houston, TX",Double Chocolaty Chip Crème Frappuccino® Blended Beverage,"Rich mocha-flavored sauce meets up with chocolaty chips, milk and ice for a blender bash. Top it off with sweetened whipped cream and mocha drizzle for a real party in your mouth.",5.75,Starbucks,"Coffee & Tea, Breakfast, Lunch, and Sweets",29.755549,-95.3666532
"Houston, TX",Pumpkin Spice Crème Frappuccino® Blended Beverage,"Pumpkin blended with traditional fall spice flavors, milk and ice, topped with whipped cream and pumpkin-pie spice. Helllloooooo fall!",6.15,Starbucks,"Coffee & Tea, Breakfast, Lunch, and Sweets",29.755549,-95.3666532
"Houston, TX",Apple Crisp Oatmilk Frappuccino® Blended Beverage,"Flavors of apple, cinnamon and brown sugar blended with coffee, oatmilk and ice. Topped with a spiced apple drizzle and whipped cream.",6.15,Starbucks,"Coffee & Tea, Breakfast, Lunch, and Sweets",29.755549,-95.3666532
"Houston, TX",Mocha Frappuccino® Blended Beverage,"Mocha sauce, Frappuccino® Roast coffee, milk and ice all come together for a mocha flavor that'll leave you wanting more. To change things up, try it affogato-style with a hot espresso shot poured right over the top.",5.75,Starbucks,"Coffee & Tea, Breakfast, Lunch, and Sweets",29.755549,-95.3666532
"Houston, TX",Apple Crisp Oatmilk Crème Frappuccino® Blended Beverage,"Flavors of apple, cinnamon and brown sugar blended with oatmilk and ice. Topped with a spiced apple drizzle and whipped cream.",6.15,Starbucks,"Coffee & Tea, Breakfast, Lunch, and Sweets",29.755549,-95.3666532
"Houston, TX",Caramel Ribbon Crunch Crème Frappuccino® Blended Beverage,"Buttery caramel syrup is blended with milk and ice, then topped with a layer of dark caramel sauce, whipped cream, caramel drizzle and a crunchy caramel-sugar topping—oh-so-beautifully delicious.",6.15,Starbucks,"Coffee & Tea, Breakfast, Lunch, and Sweets",29.755549,-95.3666532
"Houston, TX",Pumpkin Spice Frappuccino® Blended Beverage,"Pumpkin plus traditional fall spice flavors, blended with coffee, milk and ice and topped with whipped cream and pumpkin-pie spice. Think of it as the ultimate fall care package.",6.15,Starbucks,"Coffee & Tea, Breakfast, Lunch, and Sweets",29.755549,-95.3666532
"Houston, TX",Chocolate Cookie Crumble Crème Frappuccino®,"Mocha sauce and Frappuccino® chips are blended with milk and ice, layered on top of whipped cream and chocolate cookie crumble and topped with vanilla whipped cream, mocha drizzle and even more chocolate cookie crumble. These layers ensure each sip is as good as the last; all the way to the end.",6.15,Starbucks,"Coffee & Tea, Breakfast, Lunch, and Sweets",29.755549,-95.3666532
"Houston, TX",White Chocolate Mocha Frappuccino® Blended Beverage,"White chocolate Frappuccino® Roast coffee, milk and ice get together for what might be the best thing that happens to you all day. Oh, and there's whipped cream on top.",5.75,Starbucks,"Coffee & Tea, Breakfast, Lunch, and Sweets",29.755549,-95.3666532
"Houston, TX",Caffè Vanilla Frappuccino® Blended Beverage,"We take Frappuccino® roast coffee and vanilla bean powder, combine them with milk and ice, topped with whipped cream. Tastes like happiness.",5.75,Starbucks,"Coffee & Tea, Breakfast, Lunch, and Sweets",29.755549,-95.3666532
"Houston, TX",Matcha Crème Frappuccino® Blended Beverage,"This blend of sweetened premium matcha green tea, milk and ice—topped off with sweetened whipped cream—inspires a delicious boost and good green vibes.",5.75,Starbucks,"Coffee & Tea, Breakfast, Lunch, and Sweets",29.755549,-95.3666532
"Houston, TX",White Chocolate Crème Frappuccino® Blended Beverage,"A smooth blend of white chocolate sauce, milk and ice topped with whipped cream for a remarkable flavor that surprisingly wows.",5.75,Starbucks,"Coffee & Tea, Breakfast, Lunch, and Sweets",29.755549,-95.3666532
"Houston, TX",Iced Caramel Macchiato,"We combine our rich, full-bodied espresso with vanilla-flavored syrup, milk and ice, then top it off with a caramel drizzle for an oh-so-sweet finish.",5.75,Starbucks,"Coffee & Tea, Breakfast, Lunch, and Sweets",29.755549,-95.3666532
"Houston, TX",Pumpkin Cream Cold Brew,Starbucks® Cold Brew sweetened with vanilla syrup and topped with a pumpkin cream cold foam and a dusting of pumpkin spice topping.,5.65,Starbucks,"Coffee & Tea, Breakfast, Lunch, and Sweets",29.755549,-95.3666532
"Houston, TX",Iced Pumpkin Spice Latte,"Our signature espresso and milk—with the celebrated flavor combination of pumpkin, cinnamon, nutmeg and clove—served over ice. Enjoy it topped with whipped cream and real pumpkin-pie spices.",6.45,Starbucks,"Coffee & Tea, Breakfast, Lunch, and Sweets",29.755549,-95.3666532
"Houston, TX",Vanilla Sweet Cream Cold Brew,"Just before serving, our slow-steeped custom blend Starbucks® Cold Brew Coffee is topped with a delicate float of house-made vanilla sweet cream that cascades throughout the cup.",4.95,Starbucks,"Coffee & Tea, Breakfast, Lunch, and Sweets",29.755549,-95.3666532
"Houston, TX",Iced Caffè Mocha,"Our rich, full-bodied espresso combined with bittersweet mocha sauce, milk and ice, then topped with sweetened whipped cream. The classic iced coffee drink that always sweetly satisfies.",5.25,Starbucks,"Coffee & Tea, Breakfast, Lunch, and Sweets",29.755549,-95.3666532
"Houston, TX",Breakfast Crunchwrap Sausage,"A crispy hash brown, fluffy eggs, sausage patty, cheddar cheese, and creamy jalapeño sauce wrapped inside a warm flour tortilla and grilled to go.",3.65,Taco Bell,"Mexican, Fast Food, Late Night",29.7757646,-95.3819373
"Houston, TX",Salted Caramel Cream Cold Brew,"Here's a savory-meets-sweet refreshing beverage certain to delight: our signature, super-smooth cold brew, sweetened with a touch of caramel and topped with a salted, rich cold foam.",5.65,Starbucks,"Coffee & Tea, Breakfast, Lunch, and Sweets",29.755549,-95.3666532
"Houston, TX",Iced White Chocolate Mocha,"Our signature espresso meets white chocolate sauce, milk and ice, and then is finished off with sweetened whipped cream to create this supreme white chocolate delight.",6.15,Starbucks,"Coffee & Tea, Breakfast, Lunch, and Sweets",29.755549,-95.3666532
"Houston, TX",Chocolate Cream Cold Brew,"Starbucks® Cold Brew sweetened with vanilla syrup and topped with a silky, chocolaty cream cold foam.",5.65,Starbucks,"Coffee & Tea, Breakfast, Lunch, and Sweets",29.755549,-95.3666532
"Houston, TX",Bell Breakfast Box,"Includes a Breakfast Crunchwrap with sausage patty, two Cinnabon® Delights, hash brown, and a medium drink.",6.1,Taco Bell,"Mexican, Fast Food, Late Night",29.7757646,-95.3819373
"Houston, TX",Breakfast Crunchwrap Combo,"Served with a medium drink, a Bacon Crunchwrap and Cinnabon Delights 2 Pack.",6.45,Taco Bell,"Mexican, Fast Food, Late Night",29.7757646,-95.3819373
"Houston, TX","Bacon, Gouda & Egg Sandwich","Sizzling applewood-smoked bacon, Parmesan cage-free egg frittata and melted aged Gouda on an artisan roll. -HIGH-PROTEIN",5.65,Starbucks,"Coffee & Tea, Breakfast, Lunch, and Sweets",29.755549,-95.3666532
"Houston, TX",Breakfast Quesadilla Steak,"A flour tortilla filled with fluffy eggs, marinated grilled steak, and melted three-cheese blend.",4.75,Taco Bell,"Mexican, Fast Food, Late Night",29.7757646,-95.3819373
"Houston, TX",Cheesy Toasted Breakfast Burrito Bacon,,1.82,Taco Bell,"Mexican, Fast Food, Late Night",29.7757646,-95.3819373
"Houston, TX",Cookies & Cream Cake Pop,"Chocolate cake blended with creamy, sandwich-cookie buttercream and cookie bits, dipped in white-chocolaty coating and finished with dark-chocolaty cookie crumb.-VEGETARIAN",3.55,Starbucks,"Coffee & Tea, Breakfast, Lunch, and Sweets",29.755549,-95.3666532
"Houston, TX",Dark Chocolate Covered Espresso Beans,Our espresso coffee beans (the best in the world) get even better when drenched in a layer of luscious dark chocolate.,3.25,Starbucks,"Coffee & Tea, Breakfast, Lunch, and Sweets",29.755549,-95.3666532
"Houston, TX",KIND® Blueberry Vanilla & Cashew Bar,"A chewy blend of blueberries and cashews, combined with the sweet taste of vanilla. It's goodness on the go.",2.65,Starbucks,"Coffee & Tea, Breakfast, Lunch, and Sweets",29.755549,-95.3666532
"Houston, TX",KIND® Salted Caramel & Dark Chocolate Nut Bar,"Whole cashews and pecans combined with the smooth, rich flavors of salted caramel and dark chocolate may seem indulgent, but this snack—made with just 5 g of sugar—only tastes like dessert.",2.65,Starbucks,"Coffee & Tea, Breakfast, Lunch, and Sweets",29.755549,-95.3666532
"Houston, TX",Apple Crisp Oatmilk Macchiato,"Layered flavors of apple, cinnamon, oats and brown sugar combine in harmony with Starbucks® Blonde Espresso, creamy oatmilk and spiced apple drizzle to create a delicious apple crisp you can sip. A nostalgic autumn pick-me-up.",6.25,Starbucks,"Coffee & Tea, Breakfast, Lunch, and Sweets",29.755549,-95.3666532
"Houston, TX",Coffee Traveler - Veranda Blend®,"A convenient carrier filled with 96 fl oz of our brewed Starbucks® Blonde Veranda Blend® (equivalent to 12 8-fl-oz cups), perfect for meetings, picnic gatherings or any occasion that calls for coffee.",23.45,Starbucks,"Coffee & Tea, Breakfast, Lunch, and Sweets",29.755549,-95.3666532
"Houston, TX",Grande Toasted Breakfast Burrito Steak,"Steak, fluffy eggs, melted three-cheese blend, potato bites, and tomatoes wrapped up in a flour tortilla and grilled.",4.75,Taco Bell,"Mexican, Fast Food, Late Night",29.7757646,-95.3819373
"Houston, TX",Coffee Traveler - Dark Roast,A convenient carrier filled with 96 fl oz of brewed Starbucks® Dark Roast coffee.,23.45,Starbucks,"Coffee & Tea, Breakfast, Lunch, and Sweets",29.755549,-95.3666532
"Houston, TX",Coffee Traveler - Pike Place® Roast,"A convenient carrier filled with 96 fl oz of our featured brewed medium roast coffee (equivalent of twelve 8 fl oz cups)—a perfect pick-me-up for meetings, picnics or whatever occasion calls for coffee.",23.45,Starbucks,"Coffee & Tea, Breakfast, Lunch, and Sweets",29.755549,-95.3666532
"Houston, TX",Iced Apple Crisp Oatmilk Macchiato,"Layered flavors of apple, cinnamon, oats and brown sugar combine in harmony with Starbucks Blonde® Espresso, creamy oatmilk, ice and spiced apple drizzle to create a delicious apple crisp you can sip. A nostalgic autumn pick-me-up.",6.45,Starbucks,"Coffee & Tea, Breakfast, Lunch, and Sweets",29.755549,-95.3666532
"Houston, TX",Iced Chocolate Almondmilk Shaken Espresso,"Starbucks® Blonde espresso meets cocoa and notes of malt, shaken together and topped with almondmilk and ice for an invigorating treat to power you through your day.",6.15,Starbucks,"Coffee & Tea, Breakfast, Lunch, and Sweets",29.755549,-95.3666532
"Houston, TX",Banana Walnut & Pecan Loaf,"Bananas, walnuts and pecans mixed into a moist, nutty, classic banana bread. - VEGETARIAN",3.95,Starbucks,"Coffee & Tea, Breakfast, Lunch, and Sweets",29.755549,-95.3666532
"Houston, TX",Cheese Danish,"Flaky, butter croissant dough with soft, warm cheese in the center. - VEGETARIAN",3.95,Starbucks,"Coffee & Tea, Breakfast, Lunch, and Sweets",29.755549,-95.3666532
"Houston, TX",Owl Cake Pop,"Vanilla cake mixed with buttercream, dipped in purple-chocolaty icing and finished with an owl-face design.",3.75,Starbucks,"Coffee & Tea, Breakfast, Lunch, and Sweets",29.755549,-95.3666532
"Houston, TX",Pumpkin & Pepita Loaf,Gently spiced pumpkin bread topped with crunchy pepitas.- VEGETARIAN,3.95,Starbucks,"Coffee & Tea, Breakfast, Lunch, and Sweets",29.755549,-95.3666532
"Houston, TX",Hash Brown,A warm freshly fried potato hashbrown.,1.82,Taco Bell,"Mexican, Fast Food, Late Night",29.7757646,-95.3819373
"Houston, TX",Breakfast Quesadilla Bacon,"A flour tortilla filled with fluffy eggs, bacon, and melted 3 cheese blend.",3.65,Taco Bell,"Mexican, Fast Food, Late Night",29.7757646,-95.3819373
"Houston, TX",Cheesy Toasted Breakfast Burrito Sausage,"New Toasted Breakfast Burritos including the Cheesy Toasted Breakfast Burrito, Hash Brown Toasted Breakfast Burrito, and the Grande Toasted Breakfast Burrito.",1.82,Taco Bell,"Mexican, Fast Food, Late Night",29.7757646,-95.3819373
"Houston, TX",Cheesy Toasted Breakfast Burrito Potato,"Potato bites, fluffy eggs, nacho cheese sauce, and tomatoes wrapped up in a flour tortilla and grilled.",1.82,Taco Bell,"Mexican, Fast Food, Late Night",29.7757646,-95.3819373
"Houston, TX",Cinnabon Delights® 2 Pack,"Warm donut holes filled with Cinnabon® signature cream cheese frosting, and dusted in Makara Cinnamon sugar",2.31,Taco Bell,"Mexican, Fast Food, Late Night",29.7757646,-95.3819373
"Houston, TX",Grande Toasted Breakfast Burrito Sausage,"Sausage, fluffy eggs, melted three-cheese blend, potato bites, and tomatoes wrapped up in a flour tortilla and grilled.",3.65,Taco Bell,"Mexican, Fast Food, Late Night",29.7757646,-95.3819373
"Houston, TX",Grande Toasted Breakfast Burrito Bacon,"Bacon, fluffy eggs, melted three-cheese blend, potato bites, and tomatoes wrapped up in a flour tortilla and grilled.",3.65,Taco Bell,"Mexican, Fast Food, Late Night",29.7757646,-95.3819373
"Houston, TX",String Cheese,As a mess-free car snack or a quick add-on to round out their lunch box—this string cheese is always a fan favorite. Made with low-moisture part-skim mozzarella cheese.,1.95,Starbucks,"Coffee & Tea, Breakfast, Lunch, and Sweets",29.755549,-95.3666532
"Houston, TX",Grande Toasted Breakfast Burrito Combo,"Includes a Grande Toasted Breakfast Burrito with Sausage, Hash Brown, and a medium Drink",6.45,Taco Bell,"Mexican, Fast Food, Late Night",29.7757646,-95.3819373
"Houston, TX",Breakfast Quesadilla Sausage,"A flour tortilla filled with fluffy eggs, sausage, and melted three-cheese blend.",3.65,Taco Bell,"Mexican, Fast Food, Late Night",29.7757646,-95.3819373
"Houston, TX",Breakfast Quesadilla Combo,"Includes a Breakfast Quesadilla with sausage, hash brown, and a medium drink.",6.09,Taco Bell,"Mexican, Fast Food, Late Night",29.7757646,-95.3819373
"Houston, TX",Cinnabon Delights® 12 Pack,"Warm donut holes filled with Cinnabon® signature cream cheese frosting, and dusted in Makara Cinnamon sugar.",7.55,Taco Bell,"Mexican, Fast Food, Late Night",29.7757646,-95.3819373
"Houston, TX",Premium Hot Coffee,Rainforest alliance certified™ coffee.,1.94,Taco Bell,"Mexican, Fast Food, Late Night",29.7757646,-95.3819373
"Houston, TX",Monster Taco (2),"2 of our terrifyingly delicious Monster Tacos, topped off with melty American cheese, shredded lettuce & taco sauce. ",3.75,Jack in the Box,Jack in the Box,29.7577552,-95.3985315
"Houston, TX",Cowboy,"dry rubbed beef tenderloin, grilled corn, caramelized onions, roasted peppers, guacamole, queso fresco",6.05,Tacodeli,"Vegetarian, Tacos, Lunch, Breakfast, Mexican",29.7681995,-95.3774617
"Houston, TX",Mexico City Sirloin,"grilled sirloin, diced onion, cilantro",5.75,Tacodeli,"Vegetarian, Tacos, Lunch, Breakfast, Mexican",29.7681995,-95.3774617
"Houston, TX",Akaushi Picadillo,"seasoned HeartBrand Ranch Akaushi ground beef, jack cheese glaze, cilantro, onion",6.05,Tacodeli,"Vegetarian, Tacos, Lunch, Breakfast, Mexican",29.7681995,-95.3774617
"Houston, TX",Barbacoa Taco,"Texas-sourced braised beef cheek, salsa de arbol, cilantro, onion, avocado",5.5,Tacodeli,"Vegetarian, Tacos, Lunch, Breakfast, Mexican",29.7681995,-95.3774617
"Houston, TX",El Picosito,"grilled beef tenderloin, chipotle sesame sauce, avocado, queso fresco",6.05,Tacodeli,"Vegetarian, Tacos, Lunch, Breakfast, Mexican",29.7681995,-95.3774617
"Houston, TX",Frontera Fundido Sirloin,"grilled sirloin, jack cheese glaze, sauteed poblano-onion rajas",6.05,Tacodeli,"Vegetarian, Tacos, Lunch, Breakfast, Mexican",29.7681995,-95.3774617
"Houston, TX",Delibelly,"organic pork belly, goodflow honey tomatillo-serrano salsa, avocado, cilantro, onion",6.05,Tacodeli,"Vegetarian, Tacos, Lunch, Breakfast, Mexican",29.7681995,-95.3774617
"Houston, TX",Puerco Verde,"organic pork shoulder in salsa verde, queso fresco, cilantro, onion",5.5,Tacodeli,"Vegetarian, Tacos, Lunch, Breakfast, Mexican",29.7681995,-95.3774617
"Houston, TX",Pollo Fantastico,"shredded chicken, roasted green chile sauce, crema mexicana, green onion",5.2,Tacodeli,"Vegetarian, Tacos, Lunch, Breakfast, Mexican",29.7681995,-95.3774617
"Houston, TX",Pollo en Mole,"Shredded chicken, housemade mole, queso fresco, cilantro, onion *Contains Nuts",5.2,Tacodeli,"Vegetarian, Tacos, Lunch, Breakfast, Mexican",29.7681995,-95.3774617
"Houston, TX",Frontera Fundido Chicken,"grilled chicken breast, jack cheese glaze, sauteed poblano-onion rajas",5.2,Tacodeli,"Vegetarian, Tacos, Lunch, Breakfast, Mexican",29.7681995,-95.3774617
"Houston, TX",Mexico City Chicken,"grilled chicken breast, cilantro, onion",5.05,Tacodeli,"Vegetarian, Tacos, Lunch, Breakfast, Mexican",29.7681995,-95.3774617
"Houston, TX",Happy Taco,"Shredded chicken, sautéed mushroom, jack cheese glaze, cilantro and onion",5.2,Tacodeli,"Vegetarian, Tacos, Lunch, Breakfast, Mexican",29.7681995,-95.3774617
"Houston, TX",El Shrimposito,"grilled Texas Gulf shrimp, chipotle sesame adobo, avocado, queso fresco",6.05,Tacodeli,"Vegetarian, Tacos, Lunch, Breakfast, Mexican",29.7681995,-95.3774617
"Houston, TX",Frontera Fundido Shrimp,"grilled Texas gulf shrimp, jack cheese glaze, sauteed poblano-onion rajas",6.05,Tacodeli,"Vegetarian, Tacos, Lunch, Breakfast, Mexican",29.7681995,-95.3774617
"Houston, TX",Mojo Salmon,"grilled atlantic salmon, mojo-garlic sauce, guacamole, pico de gallo.",6.35,Tacodeli,"Vegetarian, Tacos, Lunch, Breakfast, Mexican",29.7681995,-95.3774617
"Houston, TX",Freakin Vegan,"organic refried black beans, avocado, pico de gallo",4.35,Tacodeli,"Vegetarian, Tacos, Lunch, Breakfast, Mexican",29.7681995,-95.3774617
"Houston, TX",The Heather,"Texas Cheesemakers grilled queso fresco, organic refried black beans, guacamole, lettuce, tomato",4.9,Tacodeli,"Vegetarian, Tacos, Lunch, Breakfast, Mexican",29.7681995,-95.3774617
"Houston, TX",Space Cowboy,"roasted baby portabella mushrooms, grilled corn, roasted peppers, caramelized onion, guacamole, queso fresco",5.2,Tacodeli,"Vegetarian, Tacos, Lunch, Breakfast, Mexican",29.7681995,-95.3774617
"Houston, TX",Frontera Fundido Caulibella,"Roasted baby portabella mushrooms, jack cheese glaze, roasted cauliflower, sauteed poblano-onion rajas",5.2,Tacodeli,"Vegetarian, Tacos, Lunch, Breakfast, Mexican",29.7681995,-95.3774617
"Houston, TX",Papadulce,"roasted sweet potato, grilled corn, roasted pepper, caramelized onion, toasted pepitas, chipotle-camote sauce ",4.9,Tacodeli,"Vegetarian, Tacos, Lunch, Breakfast, Mexican",29.7681995,-95.3774617
"Houston, TX",Sopa De Pollo,"housemade chicken broth, shredded free range chicken, onions, tomatoes, jalapenos, cilantro, avocado, tortilla chips",4.55,Tacodeli,"Vegetarian, Tacos, Lunch, Breakfast, Mexican",29.7681995,-95.3774617
"Houston, TX",Ensalada Aguacate,"romaine, avocado, pico de gallo, sour cream, onion, tomato, guacamole, serrano-lime dressing, queso fresco",11.5,Tacodeli,"Vegetarian, Tacos, Lunch, Breakfast, Mexican",29.7681995,-95.3774617
"Houston, TX",Family Meal - Fundido Chicken,"Serves a family of four and includes one pound of our famous Frontera Fundido Chicken (jack cheese glaze with sautéed poblano-onion rajas)! Comes with 12oz organic black beans (choose whole or refried), veggie white rice, 10 tortillas (choose flour, corn or whole wheat), tortilla chips, and 8oz of salsa (or 2x 4oz) Dona, Roja, Verde.",48.3,Tacodeli,"Vegetarian, Tacos, Lunch, Breakfast, Mexican",29.7681995,-95.3774617
"Houston, TX",Family Meal - Fundido Sirloin,"Serves a family of four and includes one pound of our famous Frontera Fundido Sirloin (jack cheese glaze with sauteed poblano-onion rajas)! Comes with 12oz organic black beans (choose whole or refried), veggie white rice, 10 tortillas (choose flour, corn or whole wheat), tortilla chips, and 8oz of salsa (or 2x 4oz) Dona, Roja, Verde.",52.9,Tacodeli,"Vegetarian, Tacos, Lunch, Breakfast, Mexican",29.7681995,-95.3774617
"Houston, TX",Family Meal - Fundido Shrimp,"Serves a family of four and includes one pound of our famous Frontera Fundido Sirloin (jack cheese glaze with sautéed poblano-onion rajas)! Comes with 12oz organic black beans (choose whole or refried), veggie white rice, 10 tortillas (choose flour, corn or whole wheat), tortilla chips, and 8oz of salsa (or 2x 4oz) Dona, Roja, Verde.",52.9,Tacodeli,"Vegetarian, Tacos, Lunch, Breakfast, Mexican",29.7681995,-95.3774617
"Houston, TX",Family Meal Combo,"Serves 4!  Select your choice of 1lb Fundido taco filling (choose 1 or 2 half/half) Chicken, Sirloin or Shrimp.  Also includes 12oz organic black beans (choose whole or refried) and rice, 10 tortillas (choose flour, corn or whole wheat), toritlla chips.  Choose 8oz of salsa (or 2x 4oz) Dona, Roja, Verde.",50.6,Tacodeli,"Vegetarian, Tacos, Lunch, Breakfast, Mexican",29.7681995,-95.3774617
"Houston, TX",The Otto,"organic refried black beans, double bacon, avocado, jack cheese",4.9,Tacodeli,"Vegetarian, Tacos, Lunch, Breakfast, Mexican",29.7681995,-95.3774617
"Houston, TX","Sirloin, Egg & Cheese","pasture raised scrambled eggs, grilled sirloin, jack cheese",5.2,Tacodeli,"Vegetarian, Tacos, Lunch, Breakfast, Mexican",29.7681995,-95.3774617
"Houston, TX",Jess Special,"migas, jack cheese, avocado",4.6,Tacodeli,"Vegetarian, Tacos, Lunch, Breakfast, Mexican",29.7681995,-95.3774617
"Houston, TX","Bacon, Egg & Cheese","Bacon, pasture raised scrambled eggs, jack cheese",4.05,Tacodeli,"Vegetarian, Tacos, Lunch, Breakfast, Mexican",29.7681995,-95.3774617
"Houston, TX",Migas Taco,"scrambled eggs, tomato, onion, jalapeno, tortilla chips, jack cheese",4.35,Tacodeli,"Vegetarian, Tacos, Lunch, Breakfast, Mexican",29.7681995,-95.3774617
"Houston, TX","Chorizo, Egg & Cheese","Organic chorizo, pasture raised scrambled eggs, jack cheese",4.05,Tacodeli,"Vegetarian, Tacos, Lunch, Breakfast, Mexican",29.7681995,-95.3774617
"Houston, TX",Freakin Vegan,"organic refried black beans, avocado, pico de gallo",4.35,Tacodeli,"Vegetarian, Tacos, Lunch, Breakfast, Mexican",29.7681995,-95.3774617
"Houston, TX",The Vaquero,"scrambled eggs, grilled corn, roasted peppers, jack cheese",4.35,Tacodeli,"Vegetarian, Tacos, Lunch, Breakfast, Mexican",29.7681995,-95.3774617
"Houston, TX",Akaushi Picadillo & Eggs,"HeartBrand Ranch Akaushi ground beef, scrambled eggs, jack cheese glaze, salsa de arbol, cilantro",4.9,Tacodeli,"Vegetarian, Tacos, Lunch, Breakfast, Mexican",29.7681995,-95.3774617
"Houston, TX",Barbacoa Madruguera,"Texas-sourced braised beef cheek, scrambled eggs, salsa de arbol, green onion",5.2,Tacodeli,"Vegetarian, Tacos, Lunch, Breakfast, Mexican",29.7681995,-95.3774617
"Houston, TX","Sausage, Egg & Cheese","Organic sausage, pasture raised scrambled eggs, jack cheese",4.05,Tacodeli,"Vegetarian, Tacos, Lunch, Breakfast, Mexican",29.7681995,-95.3774617
"Houston, TX",Frontera Fundido Chicken,"grilled chicken, jack cheese glaze, sauteed poblano-onion rajas",5.2,Tacodeli,"Vegetarian, Tacos, Lunch, Breakfast, Mexican",29.7681995,-95.3774617
"Houston, TX",Migas Royale Plate,"Migas, queso, jack cheese, avocado, and pico de gallo with Tacodeli mashed potatoes, organic refried black beans, queso fresco, and tortillas",8.95,Tacodeli,"Vegetarian, Tacos, Lunch, Breakfast, Mexican",29.7681995,-95.3774617
"Houston, TX",Bean & Cheese Taco,"organic refried black beans, jack cheese",3.45,Tacodeli,"Vegetarian, Tacos, Lunch, Breakfast, Mexican",29.7681995,-95.3774617
"Houston, TX",Frontera Fundido Sirloin,"grilled sirloin, jack cheese glaze, sauteed poblano-onion rajas",6.05,Tacodeli,"Vegetarian, Tacos, Lunch, Breakfast, Mexican",29.7681995,-95.3774617
"Houston, TX",Local Coffee,,3.4,Tacodeli,"Vegetarian, Tacos, Lunch, Breakfast, Mexican",29.7681995,-95.3774617
"Houston, TX",Hot Brew Coffee Box (96oz),Enjoy our premium hot coffee in a large 96oz coffee box. If you would like milk or additional condiments please ask our team when you pick up. ,33.66,Bluestone Lane,Coffee Shop & Bar,29.8032465,-95.3985567
"Houston, TX",Cold Brew Coffee Box (96oz),Enjoy our premium cold brew coffee in a large 96oz coffee box. If you would like milk or additional condiments please ask our team when you pick up. ,33.66,Bluestone Lane,Coffee Shop & Bar,29.8032465,-95.3985567
"Houston, TX",Soft Chili Scramble w/ Avocado,"Chili shallot-folded eggs with sheep's milk feta, avocado & sesame seeds topped with chili oil. Allergens: G = Contains gluten, D = Contains dairy, E = Contains egg, S = Contains soy, SE = Contains sesame",15.68,Bluestone Lane,Coffee Shop & Bar,29.8032465,-95.3985567
"Houston, TX",Pumpkin Mousse Oats,"Served warm for crisp fall days and offers a savory, high-fiber, high-protein blend of steel cut oats, housemade pumpkin mousse, fresh fuji apple, pepitas, agave, and pumpkin spice.",5.35,Nekter Juice Bar,"Juice Bar, Smoothies, Acai Bowls",29.7520678,-95.3772751
"Houston, TX",Super Berry Oats,"Vanilla steel cut oats made with housemade cashew milk, topped with fresh, antioxidant-packed strawberries, and blueberries.",5.35,Nekter Juice Bar,"Juice Bar, Smoothies, Acai Bowls",29.7520678,-95.3772751
"Houston, TX",Almond Butter Banana Oats,"Vanilla steel cut oats with housemade cashew milk, topped with bananas, mood-boosting cacao nibs, and a scoop of toasted almond butter. ",5.35,Nekter Juice Bar,"Juice Bar, Smoothies, Acai Bowls",29.7520678,-95.3772751
"Houston, TX",Cinnamon Apple & Peanut Butter Oats,"Vanilla steel cut oats with housemade cashew milk, topped with tart green apples, cinnamon, dates, and creamy peanut butter. ",5.35,Nekter Juice Bar,"Juice Bar, Smoothies, Acai Bowls",29.7520678,-95.3772751
"Houston, TX",Half Dozen Tacos,Choose 6 of your favorite tacos.,23.94,Laredo Taco Company,"Convenience, Snacks, Ice Cream, Grocery, Breakfast, Lunch, Enchiladas, Carnitas, Barbacoa, Tacos, Nachos",29.7314516,-95.3822571
"Houston, TX",Dozen Tacos,Choose 12 of your favorite tacos.,47.88,Laredo Taco Company,"Convenience, Snacks, Ice Cream, Grocery, Breakfast, Lunch, Enchiladas, Carnitas, Barbacoa, Tacos, Nachos",29.7314516,-95.3822571
"Houston, TX",Torta,,4.99,Laredo Taco Company,"Convenience, Snacks, Ice Cream, Grocery, Breakfast, Lunch, Enchiladas, Carnitas, Barbacoa, Tacos, Nachos",29.7314516,-95.3822571
"Houston, TX",Personal Order Chicken Fajita Meal,"Personal order chicken fajitas served with a blend of grilled peppers and onions, 8 oz rice, 8 oz choice of beans, 6 flour tortillas, shredded lettuce, shredded cheese, pico de gallo, sour cream and guacamole.  ",14.89,Taco Cabana,"Mexican, Tacos, Burritos, Quesadillas, Nachos, Tex-Mex, Breakfast, Breakfast Burrito, Margarita, Enchiladas, Family Meals, Salads",29.7734199,-95.3990884
"Houston, TX",Large Order Chicken Fajita Meal ,"Large chicken fajitas served with a blend of grilled peppers and onions, 16 oz rice, 16 oz choice of beans, 12 flour tortillas, shredded lettuce, shredded cheese, pico de gallo, sour cream and guacamole.  ",32.29,Taco Cabana,"Mexican, Tacos, Burritos, Quesadillas, Nachos, Tex-Mex, Breakfast, Breakfast Burrito, Margarita, Enchiladas, Family Meals, Salads",29.7734199,-95.3990884
"Houston, TX",Large Order Mixed Steak and Chicken Fajita Meat Only + 12 flour tortillas,(1/2 lb steak fajita and 1/2 lb chicken fajita and 12 flour tortillas),27.29,Taco Cabana,"Mexican, Tacos, Burritos, Quesadillas, Nachos, Tex-Mex, Breakfast, Breakfast Burrito, Margarita, Enchiladas, Family Meals, Salads",29.7734199,-95.3990884
"Houston, TX",Large Order Steak Fajita Meat Only + 12 flour tortillas,(1 lb steak fajita meat and 12 flour tortillas),37.19,Taco Cabana,"Mexican, Tacos, Burritos, Quesadillas, Nachos, Tex-Mex, Breakfast, Breakfast Burrito, Margarita, Enchiladas, Family Meals, Salads",29.7734199,-95.3990884
"Houston, TX",Large Order Mixed Fajita Meal,"Large mixed steak and chicken fajitas served with a blend of grilled peppers and onions, 16 oz rice, 16 oz choice of beans, 12 flour tortillas, shredded lettuce, shredded cheese, pico de gallo, sour cream and guacamole.  ",40.99,Taco Cabana,"Mexican, Tacos, Burritos, Quesadillas, Nachos, Tex-Mex, Breakfast, Breakfast Burrito, Margarita, Enchiladas, Family Meals, Salads",29.7734199,-95.3990884
"Houston, TX",Personal Order Mixed Fajita Meal,"Personal steak and chicken fajitas served with a blend of grilled peppers and onions, 8 oz rice, 8 oz choice of beans, 6 flour tortillas, shredded lettuce, shredded cheese, pico de gallo, sour cream and guacamole.",18.59,Taco Cabana,"Mexican, Tacos, Burritos, Quesadillas, Nachos, Tex-Mex, Breakfast, Breakfast Burrito, Margarita, Enchiladas, Family Meals, Salads",29.7734199,-95.3990884
"Houston, TX",Personal Order Steak Fajita Meal,"Personal order steak fajitas served with a blend of grilled peppers and onions, 8 oz rice, 8 oz choice of beans, 6 flour tortillas, shredded lettuce, shredded cheese, pico de gallo, sour cream and guacamole.",22.39,Taco Cabana,"Mexican, Tacos, Burritos, Quesadillas, Nachos, Tex-Mex, Breakfast, Breakfast Burrito, Margarita, Enchiladas, Family Meals, Salads",29.7734199,-95.3990884
"Houston, TX",Large Chicken Fajita Meat Only + 12 Flour tortillas,(1 lb chicken fajita meat and 12 flour tortillas),24.19,Taco Cabana,"Mexican, Tacos, Burritos, Quesadillas, Nachos, Tex-Mex, Breakfast, Breakfast Burrito, Margarita, Enchiladas, Family Meals, Salads",29.7734199,-95.3990884
"Houston, TX",Large Order Steak Fajita Meal,"Large steak fajitas served with a blend of grilled peppers and onions, 16 oz rice, 16 oz choice of beans, 12 flour tortillas, shredded lettuce, shredded cheese, pico de gallo, sour cream and guacamole.  ",49.59,Taco Cabana,"Mexican, Tacos, Burritos, Quesadillas, Nachos, Tex-Mex, Breakfast, Breakfast Burrito, Margarita, Enchiladas, Family Meals, Salads",29.7734199,-95.3990884
"Houston, TX",Hatch Chile Pork Breakfast Bowl,"Served with black beans, potato, scramble egg, pico de gallo, and shredded cheese.",6.89,Taco Cabana,"Mexican, Tacos, Burritos, Quesadillas, Nachos, Tex-Mex, Breakfast, Breakfast Burrito, Margarita, Enchiladas, Family Meals, Salads",29.7734199,-95.3990884
"Houston, TX",Potato & Egg Taco,,2.09,Taco Cabana,"Mexican, Tacos, Burritos, Quesadillas, Nachos, Tex-Mex, Breakfast, Breakfast Burrito, Margarita, Enchiladas, Family Meals, Salads",29.7734199,-95.3990884
"Houston, TX",Chorizo & Potato Taco,,2.29,Taco Cabana,"Mexican, Tacos, Burritos, Quesadillas, Nachos, Tex-Mex, Breakfast, Breakfast Burrito, Margarita, Enchiladas, Family Meals, Salads",29.7734199,-95.3990884
"Houston, TX",Potato & Bacon Taco,,2.29,Taco Cabana,"Mexican, Tacos, Burritos, Quesadillas, Nachos, Tex-Mex, Breakfast, Breakfast Burrito, Margarita, Enchiladas, Family Meals, Salads",29.7734199,-95.3990884
"Houston, TX",Potato & Bean Taco,,1.99,Taco Cabana,"Mexican, Tacos, Burritos, Quesadillas, Nachos, Tex-Mex, Breakfast, Breakfast Burrito, Margarita, Enchiladas, Family Meals, Salads",29.7734199,-95.3990884
"Houston, TX",Bean & Bacon Taco,,2.29,Taco Cabana,"Mexican, Tacos, Burritos, Quesadillas, Nachos, Tex-Mex, Breakfast, Breakfast Burrito, Margarita, Enchiladas, Family Meals, Salads",29.7734199,-95.3990884
"Houston, TX",Chorizo & Bean Taco,,2.09,Taco Cabana,"Mexican, Tacos, Burritos, Quesadillas, Nachos, Tex-Mex, Breakfast, Breakfast Burrito, Margarita, Enchiladas, Family Meals, Salads",29.7734199,-95.3990884
"Houston, TX",Egg Taco,,1.99,Taco Cabana,"Mexican, Tacos, Burritos, Quesadillas, Nachos, Tex-Mex, Breakfast, Breakfast Burrito, Margarita, Enchiladas, Family Meals, Salads",29.7734199,-95.3990884
"Houston, TX",Potato Taco,,1.49,Taco Cabana,"Mexican, Tacos, Burritos, Quesadillas, Nachos, Tex-Mex, Breakfast, Breakfast Burrito, Margarita, Enchiladas, Family Meals, Salads",29.7734199,-95.3990884
"Houston, TX",Bean Taco,,1.49,Taco Cabana,"Mexican, Tacos, Burritos, Quesadillas, Nachos, Tex-Mex, Breakfast, Breakfast Burrito, Margarita, Enchiladas, Family Meals, Salads",29.7734199,-95.3990884
"Houston, TX",Dozen Breakfast Taco Box - TC's Way,"3 Bacon & Egg, 3 Potato & Egg, 3 Chorizo & Egg and 3 Bean & Cheese",21.09,Taco Cabana,"Mexican, Tacos, Burritos, Quesadillas, Nachos, Tex-Mex, Breakfast, Breakfast Burrito, Margarita, Enchiladas, Family Meals, Salads",29.7734199,-95.3990884
"Houston, TX",Dozen Breakfast Taco Box - Your Way,"Any combination of Bacon & Egg, Chorizo & Egg, Potato & Egg, Bean & Egg, and Bean & Cheese.",24.79,Taco Cabana,"Mexican, Tacos, Burritos, Quesadillas, Nachos, Tex-Mex, Breakfast, Breakfast Burrito, Margarita, Enchiladas, Family Meals, Salads",29.7734199,-95.3990884
"Houston, TX",Dozen Breakfast Taco Box - Bacon & Egg,,24.79,Taco Cabana,"Mexican, Tacos, Burritos, Quesadillas, Nachos, Tex-Mex, Breakfast, Breakfast Burrito, Margarita, Enchiladas, Family Meals, Salads",29.7734199,-95.3990884
"Houston, TX",Dozen Breakfast Taco Box - Potato & Egg,,24.79,Taco Cabana,"Mexican, Tacos, Burritos, Quesadillas, Nachos, Tex-Mex, Breakfast, Breakfast Burrito, Margarita, Enchiladas, Family Meals, Salads",29.7734199,-95.3990884
"Houston, TX",Dozen Breakfast Taco Box - Chorizo & Egg,,24.79,Taco Cabana,"Mexican, Tacos, Burritos, Quesadillas, Nachos, Tex-Mex, Breakfast, Breakfast Burrito, Margarita, Enchiladas, Family Meals, Salads",29.7734199,-95.3990884
"Houston, TX",Dozen Breakfast Taco Box - Steak & Egg,,49.59,Taco Cabana,"Mexican, Tacos, Burritos, Quesadillas, Nachos, Tex-Mex, Breakfast, Breakfast Burrito, Margarita, Enchiladas, Family Meals, Salads",29.7734199,-95.3990884
"Houston, TX",Mountain Valley Water,,5.0,EggHaus Gourmet,"Takeout, Healthy, Sandwich, Mexican, Pickup, Breakfast",29.8042234,-95.4270536
"Houston, TX",Water Bottle,,3.5,EggHaus Gourmet,"Takeout, Healthy, Sandwich, Mexican, Pickup, Breakfast",29.8042234,-95.4270536
"Houston, TX",Fresh Orange Juice,,6.5,EggHaus Gourmet,"Takeout, Healthy, Sandwich, Mexican, Pickup, Breakfast",29.8042234,-95.4270536
"Houston, TX",Breakfast Potatoes,"Sautéed potatoes, peppers, and onions.",4.75,EggHaus Gourmet,"Takeout, Healthy, Sandwich, Mexican, Pickup, Breakfast",29.8042234,-95.4270536
"Houston, TX",Banana Pudding Croissant,,8.5,EggHaus Gourmet,"Takeout, Healthy, Sandwich, Mexican, Pickup, Breakfast",29.8042234,-95.4270536
"Houston, TX",Churro Croissant,,8.5,EggHaus Gourmet,"Takeout, Healthy, Sandwich, Mexican, Pickup, Breakfast",29.8042234,-95.4270536
"Houston, TX",Smores Croissant,,8.5,EggHaus Gourmet,"Takeout, Healthy, Sandwich, Mexican, Pickup, Breakfast",29.8042234,-95.4270536
"Houston, TX",Rose Croissant,,8.0,EggHaus Gourmet,"Takeout, Healthy, Sandwich, Mexican, Pickup, Breakfast",29.8042234,-95.4270536
"Houston, TX",Choc Gold Croissant,,8.0,EggHaus Gourmet,"Takeout, Healthy, Sandwich, Mexican, Pickup, Breakfast",29.8042234,-95.4270536
"Houston, TX",Matcha Croissant,,8.0,EggHaus Gourmet,"Takeout, Healthy, Sandwich, Mexican, Pickup, Breakfast",29.8042234,-95.4270536
"Houston, TX",3 Cheese & Smoked Polish Sausage,,5.5,EggHaus Gourmet,"Takeout, Healthy, Sandwich, Mexican, Pickup, Breakfast",29.8042234,-95.4270536
"Houston, TX",Jalapeño Kolache,,5.5,EggHaus Gourmet,"Takeout, Healthy, Sandwich, Mexican, Pickup, Breakfast",29.8042234,-95.4270536
"Houston, TX",Bratwurst & Swiss Kolache,,5.5,EggHaus Gourmet,"Takeout, Healthy, Sandwich, Mexican, Pickup, Breakfast",29.8042234,-95.4270536
"Houston, TX",Drunken Chicken Kolache,,5.95,EggHaus Gourmet,"Takeout, Healthy, Sandwich, Mexican, Pickup, Breakfast",29.8042234,-95.4270536
"Houston, TX",Pizza Kolache,,5.95,EggHaus Gourmet,"Takeout, Healthy, Sandwich, Mexican, Pickup, Breakfast",29.8042234,-95.4270536
"Houston, TX",Berryhill Queso,,6.0,Berryhill Baja Grill,Seriously Fresh Mex,29.7905435,-95.3897947
"Houston, TX",*Bacon & Egg,"flour tortilla, bacon, egg, cheese",3.5,Bebidas,"Smoothies, Tacos, Coffee, Sandwiches",29.7412793,-95.4340316
"Houston, TX",*Chorizo & Egg,"flour tortilla, chorizo, egg, cheese",3.5,Bebidas,"Smoothies, Tacos, Coffee, Sandwiches",29.7412793,-95.4340316
"Houston, TX",*Veggie & Egg,"corn tortilla, egg, sautéed veggies.",3.5,Bebidas,"Smoothies, Tacos, Coffee, Sandwiches",29.7412793,-95.4340316
"Houston, TX",*Breakfast Sandwich,"pretzel bun, fried egg, havarti cheese, bacon",8.5,Bebidas,"Smoothies, Tacos, Coffee, Sandwiches",29.7412793,-95.4340316
"Houston, TX",*Chicken Taco,"served on a blue corn tortilla with roasted chicken, corn pico, cilantro, queso fresco, chipotle sauce.",6.0,Bebidas,"Smoothies, Tacos, Coffee, Sandwiches",29.7412793,-95.4340316
"Houston, TX",TORTA-Birria,"Telera bread Drenched in consome and toasted, with our 18 hour roasted Birria meat, melted queso chihuahua, chorizo beans, onion, cilantro and of course a side of consomé to dip it and sip it.",13.99,La Calle Tacos,"Takeout, Tacos, Breakfast, Pickup, Lunch, Mexican, Sandwich",29.7635455,-95.360686
"Houston, TX",BY THE Sampler,"Not sure what to get? Try the Super Sampler which features our traditional Street tacos, Gringo tacos and our crunchy \Tostadas\"". 2 Street Tacos (1 Asada & 1 Pastor) 1 Gringo Taco (Chicken) 2 Tostadas (1 Shrimp Ceviche & 1 Chorizo con Papa)""",13.99,La Calle Tacos,"Takeout, Tacos, Breakfast, Pickup, Lunch, Mexican, Sandwich",29.7635455,-95.360686
"Houston, TX",DESSERT Flan,Home made cream cheese flan with delicious caramel on top.,7.99,La Calle Tacos,"Takeout, Tacos, Breakfast, Pickup, Lunch, Mexican, Sandwich",29.7635455,-95.360686
"Houston, TX",BREAKFAST Tacos,"Large handmade flour tortillas with scrambled eggs, chorizo refried beans, queso cotija, onion, cilantro and your choice of meat.",4.78,La Calle Tacos,"Takeout, Tacos, Breakfast, Pickup, Lunch, Mexican, Sandwich",29.7635455,-95.360686
"Houston, TX",BREAKFAST Platter,"Scrambled eggs with the meat of your choice, refried chorizo beans and yellow corn tortillas.",8.39,La Calle Tacos,"Takeout, Tacos, Breakfast, Pickup, Lunch, Mexican, Sandwich",29.7635455,-95.360686
"Houston, TX",BREAKFAST Taco Bean & Cheese,,2.39,La Calle Tacos,"Takeout, Tacos, Breakfast, Pickup, Lunch, Mexican, Sandwich",29.7635455,-95.360686
"Houston, TX",BREAKFAST Chicharron en Salsa Mixta,"Chicharron cooked on a spicy mixed sauce with refried chorizo beans, tortillas and avocado. A great hangover treat.",11.99,La Calle Tacos,"Takeout, Tacos, Breakfast, Pickup, Lunch, Mexican, Sandwich",29.7635455,-95.360686
"Houston, TX",TORTA Huevo,"A big Telera bread sandwich with scrambled eggs, refried chorizo beans and your choice of meat.",11.98,La Calle Tacos,"Takeout, Tacos, Breakfast, Pickup, Lunch, Mexican, Sandwich",29.7635455,-95.360686
"Houston, TX",TORTA Tecolota,"The famous Mexico City \TORTA DE CHILAQUIL\"". Just like they make it at \""La Esquina del Chilaquil\"" with our special salsa mixta... spicy as it should be!""",11.98,La Calle Tacos,"Takeout, Tacos, Breakfast, Pickup, Lunch, Mexican, Sandwich",29.7635455,-95.360686
"Houston, TX",TORTA Guacamaya,,11.98,La Calle Tacos,"Takeout, Tacos, Breakfast, Pickup, Lunch, Mexican, Sandwich",29.7635455,-95.360686
"Houston, TX",BREAKFAST Coffee with Horchata,". Not only does the drink offer up a milky element, it balances out the bitter coffee flavor with its cinnamon and vanilla flavor.",4.78,La Calle Tacos,"Takeout, Tacos, Breakfast, Pickup, Lunch, Mexican, Sandwich",29.7635455,-95.360686
"Houston, TX",CHESCO Water Bottle,Are you feeling healthy?,2.34,La Calle Tacos,"Takeout, Tacos, Breakfast, Pickup, Lunch, Mexican, Sandwich",29.7635455,-95.360686
"Houston, TX",BREAKFAST Coffee,"100% Single Origin. Medium Roast. Semi-Sweet, chocolate, cinnamon, sugar cane.",3.58,La Calle Tacos,"Takeout, Tacos, Breakfast, Pickup, Lunch, Mexican, Sandwich",29.7635455,-95.360686
"Houston, TX",GALON Cafe,,14.39,La Calle Tacos,"Takeout, Tacos, Breakfast, Pickup, Lunch, Mexican, Sandwich",29.7635455,-95.360686
"Houston, TX",GALON Horchata Ice Coffee,,15.59,La Calle Tacos,"Takeout, Tacos, Breakfast, Pickup, Lunch, Mexican, Sandwich",29.7635455,-95.360686
"Houston, TX",GALON Aguas Frescas,,20.39,La Calle Tacos,"Takeout, Tacos, Breakfast, Pickup, Lunch, Mexican, Sandwich",29.7635455,-95.360686
"Houston, TX",FOUNTAIN Drinks,We have a good variety of fountain drinks,3.59,La Calle Tacos,"Takeout, Tacos, Breakfast, Pickup, Lunch, Mexican, Sandwich",29.7635455,-95.360686
"Houston, TX",CHESCO Red Bull,"Red Bull Energy Drink is appreciated worldwide by top athletes, busy professionals, college students and travelers on long journeys.",5.99,La Calle Tacos,"Takeout, Tacos, Breakfast, Pickup, Lunch, Mexican, Sandwich",29.7635455,-95.360686
"Houston, TX",BY THE Taco (20 Street Taco),"Great shareable option for 2 or 3 people. 20 Street Tacos. A great variety of our traditional \chilango\"" tacos on yellow corn tortillas. Choose up to 4 meats.""",34.99,La Calle Tacos,"Takeout, Tacos, Breakfast, Pickup, Lunch, Mexican, Sandwich",29.7635455,-95.360686
"Houston, TX",BY THE Pound (1lb Aprox 3 people),"1 pound of the meat of your choice, includes, red and green salsas, limes, cilantro, onions, Yellow Corn tortillas, Birria Consome, disposables for 3 people 3 discount coupons.1 Pound of Meat16 Tortillas4 oz Salsa Verde4 oz Salsa Roja4 oz Cebolla4 oz Cilantro6 Limes3 Paper Boats2 Spoons2 Forks10 Napkins3 Coupons Free Tacos",26.99,La Calle Tacos,"Takeout, Tacos, Breakfast, Pickup, Lunch, Mexican, Sandwich",29.7635455,-95.360686
"Houston, TX",BY THE Taco (50 Street Tacos),"Package of 50 individually wrapped Tacos where you can choose 5 of your favorite meat, includes red and green salsas, limes, cilantro, onion and disposables for 10 people and 10 discount Coupons.50 Tacos Individuales (Escoger 5 proteinas 10 tacos cada Proteina)1 8 oz Salsa Verde1 8 oz Salsa Roja1 8 oz Cebolla1 8 oz Cilantro5 Limones32oz. Birria Consome10 Paper Boats2 Cucharas4 Tenedores30 Servilletas10 Cupones Free Tacos",87.5,La Calle Tacos,"Takeout, Tacos, Breakfast, Pickup, Lunch, Mexican, Sandwich",29.7635455,-95.360686
"Houston, TX",BY THE Pound (5lb Aprox 15 People),"Package for 15 people that includes 5 pounds of the meat of your preference where you can choose 1 of your favorite flavor, includes, red and green sauces, lemons, cilantro onion, tortillas, disposable for 30 people and 30 discount Coupons.10 Libras (Escoger 2  Proteinas 5 LB)3 Paquetes de Tortillas1 Bowl 32 oz Salsa Verde1 Bowl 32  oz Salsa Roja1 Bowl 32 oz Cebolla1 Bowl 32 oz Cilantro10 Limones30 Paper Boats2 Cucharas4 Tenedores1/3 Paquete de Servilletas30 Cupones Free Tacos",129.99,La Calle Tacos,"Takeout, Tacos, Breakfast, Pickup, Lunch, Mexican, Sandwich",29.7635455,-95.360686
"Houston, TX",Gringos ( 3 FLOUR TORTILLA),"3 large handmade flour tortillas served with your choice of meats. Made with Chorizo Beans,Lettuce, Pico, Sour cream and Yellow cheddar cheese and your choice of green or red salsa.",14.99,La Calle Tacos,"Takeout, Tacos, Breakfast, Pickup, Lunch, Mexican, Sandwich",29.7635455,-95.360686
"Houston, TX",Quesa-Birria,"Crunchy Tortillas with our 18 hour roasted Birria meat, melted queso chihuahua, onion, cilantro and of course a side of consomé to dip'em it and sip it.",16.99,La Calle Tacos,"Takeout, Tacos, Breakfast, Pickup, Lunch, Mexican, Sandwich",29.7635455,-95.360686
"Houston, TX",Platos,"Pretty simple, The meat of your choice with Lettuce, Tomatoes, Onions and Pico on the side. Acompanied with Chorizo beans and 3 corn tortillas.",12.99,La Calle Tacos,"Takeout, Tacos, Breakfast, Pickup, Lunch, Mexican, Sandwich",29.7635455,-95.360686
"Houston, TX",Street TACOS ( 5 CORN TORTILLA),"5 small yellow corn tortillas served with your choice of meats. Accompanied with onion, cilantro, limes and your chioice of green or red salsa. Served with a little side of spicy Birria to dip in or sip!",12.99,La Calle Tacos,"Takeout, Tacos, Breakfast, Pickup, Lunch, Mexican, Sandwich",29.7635455,-95.360686
"Houston, TX",DESSERT Arroz con Leche,One of the most iconic deserts around.,7.99,La Calle Tacos,"Takeout, Tacos, Breakfast, Pickup, Lunch, Mexican, Sandwich",29.7635455,-95.360686
"Houston, TX",FOUNTAIN Drinks,We have a good variety of fountain drinks,2.99,La Calle Tacos,"Takeout, Tacos, Breakfast, Pickup, Lunch, Mexican, Sandwich",29.7635455,-95.360686
"Houston, TX",BREAKFAST Coffee with Horchata,". Not only does the drink offer up a milky element, it balances out the bitter coffee flavor with its cinnamon and vanilla flavor.",3.99,La Calle Tacos,"Takeout, Tacos, Breakfast, Pickup, Lunch, Mexican, Sandwich",29.7635455,-95.360686
"Houston, TX",CHESCO Water Bottle,Are you feeling healthy?,1.95,La Calle Tacos,"Takeout, Tacos, Breakfast, Pickup, Lunch, Mexican, Sandwich",29.7635455,-95.360686
"Houston, TX",MICHELADA Virgin,"Soda water. Made with our exclusive spicy Michelada Mix, with a rim of chamoy and tajin.",3.99,La Calle Tacos,"Takeout, Tacos, Breakfast, Pickup, Lunch, Mexican, Sandwich",29.7635455,-95.360686
"Houston, TX",BREAKFAST Coffee,"100% Single Origin. Medium Roast. Semi-Sweet, chocolate, cinnamon, sugar cane.",2.99,La Calle Tacos,"Takeout, Tacos, Breakfast, Pickup, Lunch, Mexican, Sandwich",29.7635455,-95.360686
"Houston, TX",CHESCO Red Bull,"Red Bull Energy Drink is appreciated worldwide by top athletes, busy professionals, college students and travelers on long journeys.",4.99,La Calle Tacos,"Takeout, Tacos, Breakfast, Pickup, Lunch, Mexican, Sandwich",29.7635455,-95.360686
"Houston, TX",Cookie,"Chocolate chip, peanut butter, or oatmeal",1.95,Empire Cafe,"Coffee & Tea, Breakfast & Brunch, American (New)",29.7428851,-95.4035421
"Houston, TX",Empire Green Juice,"Baby kale, green apple, pineapple, fresh ginger and coconut water",7.5,Empire Cafe,"Coffee & Tea, Breakfast & Brunch, American (New)",29.7428851,-95.4035421
"Houston, TX",Lemonade,,3.5,Empire Cafe,"Coffee & Tea, Breakfast & Brunch, American (New)",29.7428851,-95.4035421
"Houston, TX",Italian Soda,,3.25,Empire Cafe,"Coffee & Tea, Breakfast & Brunch, American (New)",29.7428851,-95.4035421
"Houston, TX",Hot Chocolate,,4.95,Empire Cafe,"Coffee & Tea, Breakfast & Brunch, American (New)",29.7428851,-95.4035421
"Houston, TX",Cranberry Juice,,4.95,Empire Cafe,"Coffee & Tea, Breakfast & Brunch, American (New)",29.7428851,-95.4035421
"Houston, TX",Apple Juice,,4.95,Empire Cafe,"Coffee & Tea, Breakfast & Brunch, American (New)",29.7428851,-95.4035421
"Houston, TX",White Chocolate Apple Blondies,pack of 3,10.35,Common Bond Bistro & Bakery,"Lunch, Pastries, Breakfast, Cookies, Biscuits & Gravy, Sandwiches, Croissant, Cafes, Sweets, Latte",29.7429809,-95.40232
"Houston, TX",Strawberry Macaron,,2.88,Common Bond Bistro & Bakery,"Lunch, Pastries, Breakfast, Cookies, Biscuits & Gravy, Sandwiches, Croissant, Cafes, Sweets, Latte",29.7429809,-95.40232
"Houston, TX",Margherita  ,"Buffalo mozzarella, pomodoro sauce, fresh basil. Vegetarian.",14.95,Common Bond Bistro & Bakery,"Lunch, Pastries, Breakfast, Cookies, Biscuits & Gravy, Sandwiches, Croissant, Cafes, Sweets, Latte",29.7429809,-95.40232
"Houston, TX",Wild Mushroom & Goat Cheese Flatbread,"Vegetarian. Forest mushrooms, brie, mozzarella, goat cheese, balsamic onions, truffle oil.",17.25,Common Bond Bistro & Bakery,"Lunch, Pastries, Breakfast, Cookies, Biscuits & Gravy, Sandwiches, Croissant, Cafes, Sweets, Latte",29.7429809,-95.40232
"Houston, TX",BBQ Chicken ,"bbq sauce, smoked gouda, mozzarella, red onions,jalapeño, cilantro",17.25,Common Bond Bistro & Bakery,"Lunch, Pastries, Breakfast, Cookies, Biscuits & Gravy, Sandwiches, Croissant, Cafes, Sweets, Latte",29.7429809,-95.40232
"Houston, TX",Triple Chocolate & Brown Butter Cookie,,4.03,Common Bond Bistro & Bakery,"Lunch, Pastries, Breakfast, Cookies, Biscuits & Gravy, Sandwiches, Croissant, Cafes, Sweets, Latte",29.7429809,-95.40232
"Houston, TX",Cranberry Orange Scone,,4.03,Common Bond Bistro & Bakery,"Lunch, Pastries, Breakfast, Cookies, Biscuits & Gravy, Sandwiches, Croissant, Cafes, Sweets, Latte",29.7429809,-95.40232
"Houston, TX",Pepper Chicken,"2 Marinated grilled chicken breasts, topped with grilled poblano pepper strips and melted cheddar cheese. ",17.95,Lupe Tortilla,Mexican Restaurant,29.7745943,-95.4098315
"Houston, TX",Shrimp Lupe,"6 Grilled jumbo gulf shrimp covered with tomatoes, onions, peppers and jack cheese. ",21.95,Lupe Tortilla,Mexican Restaurant,29.7745943,-95.4098315
"Houston, TX",Pinkerton's Brisket,"Slow-smoked, prime-grade brisket from local Pinkerton's BBQ, coupled with tangy BBQ sauce.",5.1,Kolache Shoppe,"Dessert, Breakfast, Pickup, Sweets, Coffee, Takeout, Lunch",29.7322442,-95.4405719
"Houston, TX",Venison Smoked Sausage,Classic smoked venison & pork sausage from Prasek's Hillje Smokehouse.,3.25,Kolache Shoppe,"Dessert, Breakfast, Pickup, Sweets, Coffee, Takeout, Lunch",29.7322442,-95.4405719
"Houston, TX",Cinnamon Rolls,"Our kolache dough rolled over brown sugar and cinnamon filling, topped with homemade icing.",2.89,Kolache Shoppe,"Dessert, Breakfast, Pickup, Sweets, Coffee, Takeout, Lunch",29.7322442,-95.4405719
"Houston, TX",Gluten-Free Chocolate Chip Cashew Cookies,Four of our Gluten-Free Chocolate Chip Cashew Cookies,9.4,Flower Child,"Pickup, Takeout, American (New), Gluten-Free, Vegetarian, Healthy",29.7988843,-95.4103956
"Houston, TX",Daily Soup,,7.2,Flower Child,"Pickup, Takeout, American (New), Gluten-Free, Vegetarian, Healthy",29.7988843,-95.4103956
"Houston, TX",Rustica Chicken Sandwich Entree,"Hand-sliced grilled chicken breast, roasted tomato, red onion, kalamata olive* tapenade, spring mix, house made basil pesto & red wine vinaigrette on a toasted freshly baked ciabatta. Served with your choice of side  (Contains nuts)",17.49,Cafe Express,"Lunch, Sandwiches, Modern European, Healthy, Salad, Chicken, Soup",29.7539251,-95.3994863
"Houston, TX",Chicken Pho,Boneless chicken instead of beef,14.35,Huynh Restaurant,Vietnamese Restaurant,29.7516624,-95.3556435
"Houston, TX",Vegetable Pho,Pho with vegetables & tofu,11.95,Huynh Restaurant,Vietnamese Restaurant,29.7516624,-95.3556435
"Houston, TX",Phở (Khong Thit),No meat.  Just broth & noodles.,7.95,Huynh Restaurant,Vietnamese Restaurant,29.7516624,-95.3556435
"Houston, TX",94. Mì Quảng,"Special yellow rice noodles with pork, shrimp, fish cake, shredded cabbage and banana blossom to be tossed with a lightly spicy broth. Garnished with peanuts, fried onions, and Vietnamese crackers.",14.35,Huynh Restaurant,Vietnamese Restaurant,29.7516624,-95.3556435
"Houston, TX",93. Mì Hoành Thánh,Wonton Soup.  Egg noodle soup with wontons and BBQ pork.,14.35,Huynh Restaurant,Vietnamese Restaurant,29.7516624,-95.3556435
"Houston, TX",90. Hủ Tiếu Thập Cẩm,"Combination Soup.  Your choice of noodles in home-made chicken broth with vegetables, chicken, pork, and seafood.",14.35,Huynh Restaurant,Vietnamese Restaurant,29.7516624,-95.3556435
"Houston, TX",91. Mì Ga,Chicken Soup.  Choice of noodles in chicken broth with dark or white chicken.,14.35,Huynh Restaurant,Vietnamese Restaurant,29.7516624,-95.3556435
"Houston, TX",92. Mì Xá Xíu,BBQ Pork Soup.  Choice of noodles in home-made soup with BBQ pork.,14.35,Huynh Restaurant,Vietnamese Restaurant,29.7516624,-95.3556435
"Houston, TX",12. Bún Thịt Nướng,Chargrilled pork on vermicelli.,15.5,Huynh Restaurant,Vietnamese Restaurant,29.7516624,-95.3556435
"Houston, TX",11. Bún Bò Xào,Stir-fried lemongrass beef on vermicelli.  Chicken may be substituted on request.,15.5,Huynh Restaurant,Vietnamese Restaurant,29.7516624,-95.3556435
"Houston, TX",16. Bún Bò Hue,"Spicy noodle soup with sliced beef in a broth with chilies and lemongrass optional \Vietnamese style\"" includes blood cake (huyết) and pork hock.""",14.35,Huynh Restaurant,Vietnamese Restaurant,29.7516624,-95.3556435
"Houston, TX",14. Bún Tôm Nướng,Chargrilled shrimp on vermicelli.,15.5,Huynh Restaurant,Vietnamese Restaurant,29.7516624,-95.3556435
"Houston, TX",13. Bún Gà Nướng,Chargrilled chicken (dark meat) on vermicelli.,15.5,Huynh Restaurant,Vietnamese Restaurant,29.7516624,-95.3556435
"Houston, TX",15. Bún Măng Vịt,Vermicelli noodle soup with duck and fermented bamboo shoots.,14.35,Huynh Restaurant,Vietnamese Restaurant,29.7516624,-95.3556435
"Houston, TX",57. Com Bo Luc Lac,"Tender chunks of stir-fried beef tenderloin, peppers and onion, served with house rice.",21.5,Huynh Restaurant,Vietnamese Restaurant,29.7516624,-95.3556435
"Houston, TX",57B. Cơm Gà Lúc Lắc,"Stir-fried white meat chicken, peppers and onion, served with house rice.",21.5,Huynh Restaurant,Vietnamese Restaurant,29.7516624,-95.3556435
"Houston, TX",56. Com Bò Xào,Stir fried beef and lemongrass served with rice.,18.95,Huynh Restaurant,Vietnamese Restaurant,29.7516624,-95.3556435
"Houston, TX",50. Cơm Phượng Hoàng,"Phoenix chicken. Half of a crispy Cornish hen with house rice, served with a fried egg and special dipping sauce.",17.95,Huynh Restaurant,Vietnamese Restaurant,29.7516624,-95.3556435
"Houston, TX",53. Com Tâm Thịt Nướng,Chargrilled boneless pork served with crushed rice.,16.75,Huynh Restaurant,Vietnamese Restaurant,29.7516624,-95.3556435
"Houston, TX",58. Cơm Sườn Bò Dại Hàn,"Chargrilled beef short ribs, served with shrimp, fried egg and crushed rice.",17.95,Huynh Restaurant,Vietnamese Restaurant,29.7516624,-95.3556435
"Houston, TX",51. Cơm Gà Nướng,Chargrilled dark meat chicken and house rice.,16.75,Huynh Restaurant,Vietnamese Restaurant,29.7516624,-95.3556435
"Houston, TX",54. Cơm Tám Sườn Bì Cha,"Chargrilled bone-in pork chop, shredded pork, and egg cake with crushed rice.",17.95,Huynh Restaurant,Vietnamese Restaurant,29.7516624,-95.3556435
"Houston, TX",55. Cơm Tấm Thịt Nướng Bì Ch,"Chargrilled boneless pork, shredded pork, egg cake, and crushed rice.",17.95,Huynh Restaurant,Vietnamese Restaurant,29.7516624,-95.3556435
"Houston, TX",54B. Cơm Tám Sườn Cha Trung,"Chargrilled bone-in pork chop, fried egg, and egg cake served with crushed rice.",17.95,Huynh Restaurant,Vietnamese Restaurant,29.7516624,-95.3556435
"Houston, TX",52. Com Sườn Nướng,Chargrilled bone-in pork chop served with crushed rice.,17.95,Huynh Restaurant,Vietnamese Restaurant,29.7516624,-95.3556435
"Houston, TX",60. Cơm Chiên Xá Xíu,BBQ pork fried rice.,16.75,Huynh Restaurant,Vietnamese Restaurant,29.7516624,-95.3556435
"Houston, TX",64. Cơm Chiên Thập Cẩm,"Combination: pork, beef, chicken, shrimp, and sausage.",16.75,Huynh Restaurant,Vietnamese Restaurant,29.7516624,-95.3556435
"Houston, TX",61. Cơm Chiên Ga,Chicken fried rice.,16.75,Huynh Restaurant,Vietnamese Restaurant,29.7516624,-95.3556435
"Houston, TX",63. Cơm Chiên Tôm,Shrimp fried rice.,16.75,Huynh Restaurant,Vietnamese Restaurant,29.7516624,-95.3556435
"Houston, TX",62. Cơm Chiên Bo,Beef fried rice.,16.75,Huynh Restaurant,Vietnamese Restaurant,29.7516624,-95.3556435
"Houston, TX",65. Cơm Chiên đỏ Biển,"Seafood fried rice: shrimp, squid, fish ball, and crab stick.",16.75,Huynh Restaurant,Vietnamese Restaurant,29.7516624,-95.3556435
"Houston, TX",80. Hủ Tiếu Xào Chay,"Wok-fried crispy flat rice noodles topped with stir-fried tofu and vegetables.   Soft noodles available, by request.",19.25,Huynh Restaurant,Vietnamese Restaurant,29.7516624,-95.3556435
"Houston, TX",82. Dau Hủ Xào Lăn,"Coconut curry with stir-fried tofu, onions and mushrooms.  Topped with peanuts.   Add broccoli for $2.",16.75,Huynh Restaurant,Vietnamese Restaurant,29.7516624,-95.3556435
"Houston, TX",87. Dau Hủ Xào Xả ớt,Tofu stir-fried with hot chilies and lemongrass.,16.75,Huynh Restaurant,Vietnamese Restaurant,29.7516624,-95.3556435
"Houston, TX",81. Bún Xào Chay,"Stir-fried tofu and vegetables top a bowl of thin rice noodles, garnish with peanuts.",17.95,Huynh Restaurant,Vietnamese Restaurant,29.7516624,-95.3556435
"Houston, TX",83. Cơm Chiên Chay,"Stir-fried rice with tofu, vegetables, and egg.",16.75,Huynh Restaurant,Vietnamese Restaurant,29.7516624,-95.3556435
"Houston, TX",F5. Tôm Hoặc Gà Xào Lăn,"Coconut curry with your choice of shrimp or chicken, stir-fried with onions and mushrooms.   Garnished with peanuts.  Add broccoli for $2.",18.95,Huynh Restaurant,Vietnamese Restaurant,29.7516624,-95.3556435
"Houston, TX",F2. Sườn Bò đại Hàn,Chargrilled beef short ribs.,17.95,Huynh Restaurant,Vietnamese Restaurant,29.7516624,-95.3556435
"Houston, TX",F6. Tôm Hoặc Gà Xào Xả ớt,Shrimp or chicken stir-fried with hot chilies and lemongrass.  Spicy.,18.95,Huynh Restaurant,Vietnamese Restaurant,29.7516624,-95.3556435
"Houston, TX",F4. Bok Choy Xào Tỏi,"Baby bok choy stir-fried with garlic.   Broccoli may be substituted, by request.",11.95,Huynh Restaurant,Vietnamese Restaurant,29.7516624,-95.3556435
"Houston, TX",F3. Dau Hủ Xào Thịt Xay,"Ground pork stir-fried with diced tofu, woodear mushrooms, peppers and onions.",18.95,Huynh Restaurant,Vietnamese Restaurant,29.7516624,-95.3556435
"Houston, TX",F7. Bò Xào Xà Lách,"Lemongrass beef (or chicken) on a salad with fresh herbs, bean sprouts and peanuts.",18.95,Huynh Restaurant,Vietnamese Restaurant,29.7516624,-95.3556435
"Houston, TX",L7. Gà Xào Bông Cải,Chicken stir-fried with broccoli.,19.95,Huynh Restaurant,Vietnamese Restaurant,29.7516624,-95.3556435
"Houston, TX",L9. Gà Xào Thập Cẩm,Chicken stir-fried with mixed vegetables.,19.95,Huynh Restaurant,Vietnamese Restaurant,29.7516624,-95.3556435
"Houston, TX",L4. Bò Xào Bông Cải,Beef stir-fried with broccoli.,19.95,Huynh Restaurant,Vietnamese Restaurant,29.7516624,-95.3556435
"Houston, TX",L3. Tôm Xào Thập Cẩm,Shrimp stir-fried with mixed vegetables.,19.95,Huynh Restaurant,Vietnamese Restaurant,29.7516624,-95.3556435
"Houston, TX",L1. Tôm Xào Bông Cải,Shrimp stir-fried with broccoli.,19.95,Huynh Restaurant,Vietnamese Restaurant,29.7516624,-95.3556435
"Houston, TX",L10. Rau Xào đậu Hu,Vegetables stir-fried with tofu.,18.95,Huynh Restaurant,Vietnamese Restaurant,29.7516624,-95.3556435
"Houston, TX",L6. Bò Xào Thập Cẩm,Beef stir-fried with mixed vegetables.,19.95,Huynh Restaurant,Vietnamese Restaurant,29.7516624,-95.3556435
"Houston, TX",L2. Tôm Xào đậu Hu,Shrimp stir-fried with tofu.,19.95,Huynh Restaurant,Vietnamese Restaurant,29.7516624,-95.3556435
"Houston, TX",L5. Bò Xào đậu Hu,Beef stir-fried with tofu.,19.95,Huynh Restaurant,Vietnamese Restaurant,29.7516624,-95.3556435
"Houston, TX",House Rice,,2.95,Huynh Restaurant,Vietnamese Restaurant,29.7516624,-95.3556435
"Houston, TX",CrabCake Dinner,"Dungeness Crab w/Maryland Crab Cakes served over Mardi Gras Pasta, with seasoned red potato, boiled shrimp, corn and boiled egg (topped with our signature garlic butter crab cake sauce)",35.0,Cupcake Kitchen,"Soul Food, Bakery, Seafood",29.7203675,-95.373222
"Houston, TX",Banana Pudding Cake Slice,,10.0,Cupcake Kitchen,"Soul Food, Bakery, Seafood",29.7203675,-95.373222
"Houston, TX",Strawberry Cheesecake,,8.0,Cupcake Kitchen,"Soul Food, Bakery, Seafood",29.7203675,-95.373222
"Houston, TX",White Rice,,1.95,Huynh Restaurant,Vietnamese Restaurant,29.7516624,-95.3556435
"Houston, TX",Vegetables,Vegetables added to a dish,2.25,Huynh Restaurant,Vietnamese Restaurant,29.7516624,-95.3556435
"Houston, TX",Strawberry Shortcake,Vanilla cake baked with strawberry filling and topped with CCK signature buttercream icing ,7.0,Cupcake Kitchen,"Soul Food, Bakery, Seafood",29.7203675,-95.373222
"Houston, TX",Shrimp,Add shrimp to any entre,4.95,Huynh Restaurant,Vietnamese Restaurant,29.7516624,-95.3556435
"Houston, TX",S2. Sinh Tó Bo,Avocado.    Seasonal.,6.95,Huynh Restaurant,Vietnamese Restaurant,29.7516624,-95.3556435
"Houston, TX",B3. Nước Ngọt,Soft drinks.,2.0,Huynh Restaurant,Vietnamese Restaurant,29.7516624,-95.3556435
"Houston, TX",B1. Tra Da,Iced tea.,2.0,Huynh Restaurant,Vietnamese Restaurant,29.7516624,-95.3556435
"Houston, TX",Chilaquiles Skillet,"salsa roja, corn tortilla chips, avocado, queso fresco, red onions, cilantro, crema, topped with two eggs your way",14.0,On The Kirb,On The Kirb,29.7487137,-95.3787639
"Houston, TX",Cowboy Skillet,"scrambled eggs, bacon, sausage, grass-fed hamburger, potatoes, bell peppers, salsa, cheddar jack cheese, guacamole, tobacco onions",15.0,On The Kirb,On The Kirb,29.7487137,-95.3787639
"Houston, TX",Tres Leches French Toast,"house-made cinnamon sugar Texas toast, dipped in tres leches, topped with fresh berries, whipped cream, and maple syrup",14.0,On The Kirb,On The Kirb,29.7487137,-95.3787639
"Houston, TX",Fried Egg Tacos,"two tacos (on corn or flour) with fried eggs, breakfast potatoes, cheddar jack cheese ,salsa verde, roasted salsa, pico",10.0,On The Kirb,On The Kirb,29.7487137,-95.3787639
"Houston, TX",Avocado Toast,"toasted baguette, avocado salsa verde, avocado-lime crema, avocado pico, queso fresco, topped with two eggs your way",12.0,On The Kirb,On The Kirb,29.7487137,-95.3787639
"Houston, TX",Harvest Skillet,"scrambled eggs, spinach, asparagus tips mushrooms, bell peppers, onions potatoes, cheddar jack cheese",14.0,On The Kirb,On The Kirb,29.7487137,-95.3787639
"Houston, TX",OTK Slam,"eggs your way, house potatoes, toast with butter and jam, and your choice of bacon or sausage",12.0,On The Kirb,On The Kirb,29.7487137,-95.3787639
"Houston, TX",Pick A Pancake,"house made fluffy pancakes topped with blueberry gastrique, whipped cream, fresh blueberries",11.0,On The Kirb,On The Kirb,29.7487137,-95.3787639
"Houston, TX",Steak & Eggs,,16.0,On The Kirb,On The Kirb,29.7487137,-95.3787639
"Houston, TX",Side Potatoes,,3.0,On The Kirb,On The Kirb,29.7487137,-95.3787639
"Houston, TX",SD Egg (1),,1.0,On The Kirb,On The Kirb,29.7487137,-95.3787639
"Houston, TX",SD Sausage Links (2),,3.0,On The Kirb,On The Kirb,29.7487137,-95.3787639
"Houston, TX",SD Bacon (2),,4.0,On The Kirb,On The Kirb,29.7487137,-95.3787639
"Houston, TX",SD 6oz Fruit,,5.0,On The Kirb,On The Kirb,29.7487137,-95.3787639
"Houston, TX",SD Syrup,,0.5,On The Kirb,On The Kirb,29.7487137,-95.3787639
"Houston, TX",SD Toast,,1.5,On The Kirb,On The Kirb,29.7487137,-95.3787639
"Houston, TX",Side Pancake (1),,5.0,On The Kirb,On The Kirb,29.7487137,-95.3787639
"Houston, TX",Savory Brunch Board,,20.0,On The Kirb,On The Kirb,29.7487137,-95.3787639
"Houston, TX",Sweet Brunch Board,,20.0,On The Kirb,On The Kirb,29.7487137,-95.3787639
"Houston, TX",Bacon Cheeseburger,"Our fresh cut fries topped with seasoned ground beef, crispy bacon pieces, Cheddar cheese and our famous smokey aioli sauce.",13.99,The Fry Guys,"New York Fries, Chicken, Fries",29.7854976694268,-95.368280125795
"Houston, TX",OL. Meatloaf,"Meatloaf in Alfreda's special \marinara sauce\"".""",13.75,Alfreda's Soulfood Cafe,"Soul Food, Cafe, Breakfast, Dessert",29.7234313,-95.3782919
"Houston, TX",Meatloaf Red Sauce,,9.75,Alfreda's Soulfood Cafe,"Soul Food, Cafe, Breakfast, Dessert",29.7234313,-95.3782919
"Houston, TX",Lunch Special with Bottled Coke 11am - 3pm Monday - Thursday,"Jollof Rice, Peppered Beef, Bottled Coke",10.0,DUPSY’S A Modern African Kitchen,DUPSY’S A Modern African Kitchen,29.7226889,-95.3704827
"Houston, TX",Lunch Special with Bottled Water 11am - 3pm  Monday - Thursday   ,"Jollof Rice, Peppered Beef, Bottled Water",10.0,DUPSY’S A Modern African Kitchen,DUPSY’S A Modern African Kitchen,29.7226889,-95.3704827
"Houston, TX",Crispy Chicken Skin,"Traditional Thai street snack, spicy sweet sauce",7.95,NUA Thai Restaurant,"Thai, Takeout, Pickup",29.7506551,-95.3742001
"Houston, TX",Amanecer Horchata Cold Brew,Amanecer horchata cold brew coffee with oat milk,6.89,DUMPLING HAUS NOODLES & RICE,"Chinese, Dumplings, Noodles, Soup, Vegan",29.7700994,-95.3817322
"Houston, TX",Amanecer Horchata Cold Brew,Amanecer horchata cold brew coffee with oat milk,6.89,DUMPLING HAUS NOODLES & RICE,"Chinese, Dumplings, Noodles, Soup, Vegan",29.7700994,-95.3817322
"Houston, TX",Amanecer Rosa Milk Tea,Black & Rose Milk Tea Infusion (oat milk),6.89,DUMPLING HAUS NOODLES & RICE,"Chinese, Dumplings, Noodles, Soup, Vegan",29.7700994,-95.3817322
"Houston, TX",Amanecer Horchata Cold Brew,Amanecer horchata cold brew coffee with oat milk,6.89,DUMPLING HAUS NOODLES & RICE,"Chinese, Dumplings, Noodles, Soup, Vegan",29.7700994,-95.3817322
"Houston, TX",Amanecer Rosa Milk Tea,Black & Rose Milk Tea Infusion (oat milk),6.89,DUMPLING HAUS NOODLES & RICE,"Chinese, Dumplings, Noodles, Soup, Vegan",29.7700994,-95.3817322
"Houston, TX",Add Avocado,,1.6,Salata,The Fresh Salad Kitchen,29.7578340460963,-95.3703514854578
"Houston, TX",Add Croissant,,1.25,Salata,The Fresh Salad Kitchen,29.7578340460963,-95.3703514854578
"Houston, TX",Add Baked Pita Strips,,1.25,Salata,The Fresh Salad Kitchen,29.7578340460963,-95.3703514854578
"Houston, TX",Kalalou/Okra Stew ,Okra stew packed with flavor made with beef and oxtail.  Serve with your choice of rice. ,19.99,Sonia's Kreyol Kitchen,Haitian,29.7226889,-95.3704827
"Houston, TX",White Rice w/ black bean stew ,,6.0,Sonia's Kreyol Kitchen,Haitian,29.7226889,-95.3704827
"Houston, TX",Sos Pwa  noir/ black bean stew,,3.0,Sonia's Kreyol Kitchen,Haitian,29.7226889,-95.3704827
"Houston, TX",Coke,,2.25,Sonia's Kreyol Kitchen,Haitian,29.7226889,-95.3704827
"Houston, TX",Kreyol wings (spicy),"Chicken wings marinated in kreyol seasoning, served with fried plantain and pikliz. MIXED PIECES ONLY. ",14.99,Sonia's Kreyol Kitchen,Haitian,29.7226889,-95.3704827
"Houston, TX",Kreyol Wings (mild),"Nine-pieces of chicken wings, perfectly marinated with kreyol seasoning, fried to perfection served with fried plantains and pikliz. ONLY MIXED PIECES. ",14.99,Sonia's Kreyol Kitchen,Haitian,29.7226889,-95.3704827
"Houston, TX",White Rice w/ pinto bean stew ,,6.0,Sonia's Kreyol Kitchen,Haitian,29.7226889,-95.3704827
"Houston, TX",Sos Pwa / pinto bean stew,,3.0,Sonia's Kreyol Kitchen,Haitian,29.7226889,-95.3704827
"Houston, TX",Fritay Griot ,"Fritaille (fritay) an assortment of delectable fried food. Consists of fried pork, fried plantains, marinad (haitian hush puppies) akra (malanga fritters), and pikliz. ",18.0,Sonia's Kreyol Kitchen,Haitian,29.7226889,-95.3704827
"Houston, TX",Akra ak Marinad ,Side of marinad (haitian hush puppies) and akra (malanga fritters).  Served with pikliz. ,9.99,Sonia's Kreyol Kitchen,Haitian,29.7226889,-95.3704827
"Houston, TX",Fritay chicken ,"Fritaille (fritay) an assortment of delectable fried food. Consists of fried chicken, fried plantains, marinad (haitian hush puppies) akra, and pikliz. ",18.0,Sonia's Kreyol Kitchen,Haitian,29.7226889,-95.3704827
"Houston, TX",Fritay Fish /Pwason ,"Fritaille (fritay) an assortment of delectable fried food. Consists of fried snapper, fried plantains, marinad (haitian hush puppies) akra, and pikliz.  Please allow 15 to 20 minutes to fry fish. ",30.0,Sonia's Kreyol Kitchen,Haitian,29.7226889,-95.3704827
"Houston, TX",Fritay Kabrit/Goat ,"Fritaille (fritay) an assortment of delectable fried food. Consists of taso goat/kabrit, fried plantains, marinad (haitian hush puppies) akra, and pikliz. ",25.0,Sonia's Kreyol Kitchen,Haitian,29.7226889,-95.3704827
"Houston, TX",Marinad ,,5.99,Sonia's Kreyol Kitchen,Haitian,29.7226889,-95.3704827
"Houston, TX",Akra ,,5.99,Sonia's Kreyol Kitchen,Haitian,29.7226889,-95.3704827
"Houston, TX",Saffron chicken Kabob Sandwich  ( NEW),"Chargrilled chicken breast marinated in a turmeric saffron rub with garlic, cardamom, and turmeric wrapped in a pita bread with garlic sauce, pickles. ",8.99,Aladdin Mediterranean,"Greek, Mediterranean",29.7448231,-95.3910932
"Houston, TX",Nutella Baklava,Traditional baklava with the addition of hazelnut chocolate cream. (Vegetarian),4.99,Aladdin Mediterranean,"Greek, Mediterranean",29.7448231,-95.3910932
"Houston, TX",Chicken Shawarma Wrap,"white meat chicken shawarma wrapped with tomatoes,pickles,cabbage and garlic sauce. ",9.5,Aladdin Mediterranean,"Greek, Mediterranean",29.7448231,-95.3910932
"Houston, TX",Lamb Gyro Wrap,"Slices of lamb Gyro wrapped with tomatoes, tatziki, onions, and pickles",9.5,Aladdin Mediterranean,"Greek, Mediterranean",29.7448231,-95.3910932
"Houston, TX","Aladdin\s Falafel wrap""","Falafel Wrapped with pickles, tomatoes, pickles,cabbage, roasted cauliflower, and roasted potatoes .",9.5,Aladdin Mediterranean,"Greek, Mediterranean",29.7448231,-95.3910932
"Houston, TX",Chicken Kabob Wrap,"Chunks of chargrilled white meat chicken wrapped with Garlic sauce, tomatoes pickles, and cabbage .",9.5,Aladdin Mediterranean,"Greek, Mediterranean",29.7448231,-95.3910932
"Houston, TX",Chipotle Chicken kabob Wrap,"Chipotle chargrilled white meat chicken chunks wrapped in a pita with  tomatoes, cabbage, garlic sauce, and pickles . ",9.5,Aladdin Mediterranean,"Greek, Mediterranean",29.7448231,-95.3910932
"Houston, TX",Tatziki Dip,"yogurt cream mixed with dill, garlic and cucumbers",5.99,Aladdin Mediterranean,"Greek, Mediterranean",29.7448231,-95.3910932
"Houston, TX",Caramelized Onion Hummus,"Classic hummus, delicately flavored with caramelized onions. (Vegan, GF)",5.99,Aladdin Mediterranean,"Greek, Mediterranean",29.7448231,-95.3910932
"Houston, TX",Chatter Burger,1/2 lb. Angus beef with our own Chatter’s spread.,12.0,Chatter's Cafe,"Cafes, Breakfast, American (New), Sandwich, Lunch, Catering",29.768141,-95.3975717
"Houston, TX",California Burger,"Charbroiled chicken breast, avocado, provolone, bacon andmayo.",14.0,Chatter's Cafe,"Cafes, Breakfast, American (New), Sandwich, Lunch, Catering",29.768141,-95.3975717
"Houston, TX",Garden Veggie Burger,"A healthy blend of vegetables, grains and spices with provolone,avocado and roasted garlic aioli.",10.0,Chatter's Cafe,"Cafes, Breakfast, American (New), Sandwich, Lunch, Catering",29.768141,-95.3975717
"Houston, TX",Hummus,"Served with carrots, celery, cucumber and grilled pita.",6.0,Chatter's Cafe,"Cafes, Breakfast, American (New), Sandwich, Lunch, Catering",29.768141,-95.3975717
"Houston, TX",Fried Calamari,With house made marinara & spicy remoulade.,11.0,Chatter's Cafe,"Cafes, Breakfast, American (New), Sandwich, Lunch, Catering",29.768141,-95.3975717
"Houston, TX",Gyros Plate,"Slices of slow-roasted blend of seasoned lamb & beef, Greciansauce, sliced tomatoes and red onion served with fresh cut friesand grilled pita.",16.0,Chatter's Cafe,"Cafes, Breakfast, American (New), Sandwich, Lunch, Catering",29.768141,-95.3975717
"Houston, TX",Grilled Chicken Kabob,"Served with Mediterranean rice, seasonal vegetables and St. George sauce.",14.95,Chatter's Cafe,"Cafes, Breakfast, American (New), Sandwich, Lunch, Catering",29.768141,-95.3975717
"Houston, TX",Aegean Grill,"Gyros, charbroiled chicken, Mediterranean rice, Grecian sauce and seasonal vegetables.",16.0,Chatter's Cafe,"Cafes, Breakfast, American (New), Sandwich, Lunch, Catering",29.768141,-95.3975717
"Houston, TX",Mediterranean Salad,"Gyros meat, tomato, cucumber, garbanzo beans, feta, Kalamataolives, red onion and stuffed grape leaves",10.0,Chatter's Cafe,"Cafes, Breakfast, American (New), Sandwich, Lunch, Catering",29.768141,-95.3975717
"Houston, TX",Tuscan Pasta Salad,"Penne with basil pesto, olive salad and sundried tomatoes overmixed greens.",6.0,Chatter's Cafe,"Cafes, Breakfast, American (New), Sandwich, Lunch, Catering",29.768141,-95.3975717
"Houston, TX",Fliprolls (5),Handcrafted ground pork eggrolls (lumpia).,4.29,Flip 'n Patties,"Bakery, Burgers, Sweets, Wraps, Fries",29.7594315,-95.3648084
"Houston, TX",Lunch Box,"Sandwich, chips, pickle and a cookie!",13.75,Red Dessert,"Bakery, Dessert, Coffee",29.7903167,-95.3880167
"Houston, TX",Curry Chicken Salad Sandwich,Includes pickle only.,8.95,Red Dessert,"Bakery, Dessert, Coffee",29.7903167,-95.3880167
"Houston, TX",Egg Salad Sandwich,Includes pickle only.,8.5,Red Dessert,"Bakery, Dessert, Coffee",29.7903167,-95.3880167
"Houston, TX","Jalapeño, Bacon & Egg Salad Sandwich",Includes pickle only.,9.0,Red Dessert,"Bakery, Dessert, Coffee",29.7903167,-95.3880167
"Houston, TX",Debusker,"Dark chocolate brownie, m and m cookie.",4.15,Red Dessert,"Bakery, Dessert, Coffee",29.7903167,-95.3880167
"Houston, TX",Energy Bites,,2.65,Red Dessert,"Bakery, Dessert, Coffee",29.7903167,-95.3880167
"Houston, TX",Chicken & Dumplings,From-scratch chicken soup with buttermilk & chive drop dumplings,15.0,Rudyards British Pub,Rudyards British Pub,29.7499735,-95.396559
"Houston, TX",Side Caesar Salad,,4.0,Rudyards British Pub,Rudyards British Pub,29.7499735,-95.396559
"Houston, TX",Lettuce Wraps,"House smoked chicken, fresh herbs, peanuts, celery & golden rasins",10.5,Rudyards British Pub,Rudyards British Pub,29.7499735,-95.396559
"Houston, TX",Jugo Verde,Fresh made juice.,5.99,Refresqueria at Rice Village,"Ice Cream, Milk Shakes, Desserts, Snacks, Juice",29.717034,-95.4147162
"Houston, TX",Gallon Rita,,50.0,Big City Wings,Great Wings and other American Classics,29.7579527,-95.3473058
"Houston, TX",New England Clam Chowder,Potato / Bacon / Clams,8.8,McCormick & Schmick's,"Seafood, Steakhouse",29.7542784,-95.3654054
"Houston, TX",Voodoo Veggie Burger,"A meatless masterpiece!  100% organic meatless burger is flavor filled with grilled onions, grilled jalapeno peppers, lettuce, tomatoes, pickles and mustard.",11.66,LA Burgers and Daiquiris,"Burgers, American, Comfort Food",29.7107386,-95.3563997
"Houston, TX",Tex-Ana,"Texas meets Louisiana!  Our flavorful Louisiana burger topped with Texas chili, melted cheddar cheese, mustard , jalapenos and onions.",11.66,LA Burgers and Daiquiris,"Burgers, American, Comfort Food",29.7107386,-95.3563997
"Houston, TX",Big Zulu Chief,"The ultimate meat lovers challenge!  Our massive double meat patty cheese burger.  Topped with Texas Chili, melted cheddar cheese, jalapenos, mustard, onions and BBQ sauce.",16.32,LA Burgers and Daiquiris,"Burgers, American, Comfort Food",29.7107386,-95.3563997
"Houston, TX",Chili Cheese Fries,Creole seasoned fires topped with our spicy cheese and homemade chili!,5.49,LA Burgers and Daiquiris,"Burgers, American, Comfort Food",29.7107386,-95.3563997
"Houston, TX",Quarter Pound All Beef Chili Cheese Dog,Old Fashioned Chili Cheese Hot Dog!Having a Birthday Party?,5.99,LA Burgers and Daiquiris,"Burgers, American, Comfort Food",29.7107386,-95.3563997
"Houston, TX",Chinese BBQ Pork Ribs,,11.25,Kim Son Restaurant,"Chinese, Asian, Buffets, Dim Sum, Vietnamese, Pickup, Takeout",29.7458523,-95.3602462
"Houston, TX",DS Smoked Salmon Dip,"yuzu, sriracha aioli, togarashi, wonton chips**gluten, eggs, sesame, garlic",10.5,Loro Asian Smokehouse,"Snacks, Rice Bowl, Sandwiches, Salads",29.7907707,-95.4074284
"Houston, TX",DS Smoked Three Bean Salad,"chilies, shallot, thai herbs, sesame",6.75,Loro Asian Smokehouse,"Snacks, Rice Bowl, Sandwiches, Salads",29.7907707,-95.4074284
"Houston, TX",DS Loro Cheeseburger,"brisket-onion jam, muenster cheese, lettuce, pickles brioche bun**gluten, dairy, onion **temperature requests are unavailable",16.5,Loro Asian Smokehouse,"Snacks, Rice Bowl, Sandwiches, Salads",29.7907707,-95.4074284
"Houston, TX",DS Brisket Bun,"papaya salad, peanuts, chili aioli, thai herbs**gluten, dairy, egg, soy, garlic, peanut, sesame, fish sauce",15.5,Loro Asian Smokehouse,"Snacks, Rice Bowl, Sandwiches, Salads",29.7907707,-95.4074284
"Houston, TX",DS Chicken Sandwich,"fried chicken, spicy honey, citrus cabbage slaw, smoked hot sauce, pickles **gluten, egg, dairy(slaw and hot sauce come on the side)",13.75,Loro Asian Smokehouse,"Snacks, Rice Bowl, Sandwiches, Salads",29.7907707,-95.4074284
"Houston, TX",DS Cheddar Burger,"arugula, chili aioli, brioche bun",15.0,Loro Asian Smokehouse,"Snacks, Rice Bowl, Sandwiches, Salads",29.7907707,-95.4074284
"Houston, TX",DS Cod Sandwich,"yuzu 1000 island, sweet cucumber pickles, caraway slaw",13.75,Loro Asian Smokehouse,"Snacks, Rice Bowl, Sandwiches, Salads",29.7907707,-95.4074284
"Houston, TX",DS Cucumber Salad,"cantaloupe, nam tak seasoning, cilantro oil, lemon zest, mint**onion powder, garlic",7.5,Loro Asian Smokehouse,"Snacks, Rice Bowl, Sandwiches, Salads",29.7907707,-95.4074284
"Houston, TX",DS Kale Salad,"hazelnut, cabbage, dashi, mint**dairy, soy, fish, msg(can be made vegan without the dashi)",13.0,Loro Asian Smokehouse,"Snacks, Rice Bowl, Sandwiches, Salads",29.7907707,-95.4074284
"Houston, TX",DS Pork Belly Rice Bowl,"coconut scented rice, seasonal pickled vegetables, thai herbs**gluten, soy, garlic, fish sauce",15.5,Loro Asian Smokehouse,"Snacks, Rice Bowl, Sandwiches, Salads",29.7907707,-95.4074284
"Houston, TX",DS Grilled Salmon Plate,"cucumber-yuzu broth, parsley, lemon**soy, garlic",20.0,Loro Asian Smokehouse,"Snacks, Rice Bowl, Sandwiches, Salads",29.7907707,-95.4074284
"Houston, TX",The Impossible Potsticker,"Gluten-free potstickers filled with Impossible Beef, fresh garlic, and fresh ginger. Pan fried and served with our house-made ginger garlic sauce. 5 per order. (gluten-Free & vegan)",12.0,ginger bowls (Healthy Asian Bowls),"Healthy, Chinese, Bowls, Asian",29.7226889,-95.3704827
"Houston, TX",Sweet Loren's Chocolate Chunk Edible Cookie Dough,"Creamy, smooth and scoop-able gluten-free cookie dough. Delicious taste from only clean ingredients. Spoon under lid (3.6 oz). (Gluten-free, vegan)",7.75,ginger bowls (Healthy Asian Bowls),"Healthy, Chinese, Bowls, Asian",29.7226889,-95.3704827
"Houston, TX",Banana Chia Pudding,"Chia seeds soaked overnight in oat milk and sweetened with raw cane sugar. (Gluten-free, vegan)",6.5,ginger bowls (Healthy Asian Bowls),"Healthy, Chinese, Bowls, Asian",29.7226889,-95.3704827
"Houston, TX",ROCKET SALAD,"Arugula with goat cheese, radicchio, grape tomato, and balsamic vinaigrette",7.0,Pizzeria Solario,"Pizza, Italian, Salads",29.7343152114399,-95.4409055380981
"Houston, TX",HOUSE SALAD,"Spring Mixed Greens with Pecorino Romano cheese, Grape Tomato, Spanish Onion, and Lemon Garlic Vinaigrette",5.0,Pizzeria Solario,"Pizza, Italian, Salads",29.7343152114399,-95.4409055380981
"Houston, TX",SPINACH SALAD,"Baby Leaf Spinach with Spiced Walnuts, Sliced Egg, Spanish Onion, Bartlett Pear, Grape Tomato, Pancetta and our house made Balsamic Vinaigrette with our extra virgin olive oil and aged balsamic ",7.0,Pizzeria Solario,"Pizza, Italian, Salads",29.7343152114399,-95.4409055380981
"Houston, TX",TOGO Fried Pickle Chips,Thinly sliced Dill Pickles lightly fried. Served with Ranch.,8.59,BB's Tex-Orleans,The Home of Tex-Orleans Cooking!,29.7812665,-95.3880043
"Houston, TX",TOGO Maw Maw's Bread Pudding,,8.99,BB's Tex-Orleans,The Home of Tex-Orleans Cooking!,29.7812665,-95.3880043
"Houston, TX",The New Yorker,"Made with our signature 4 cheese blend, mixed in and topped with EZZO peperoni, marinara sauce, oregano, and toasted panko (toasted breadcrumbs with Italian herbs) for crispiness.",13.99,Mac and Twist,Mac and Twist,29.7829772,-95.4360986
"Houston, TX",The Vegitalian,"Made with our signature 4 cheese blend, mixed in with pesto, sun dried tomato, and topped with mozzarella balls and with toasted panko (toasted breadcrumbs with Italian herbs) for crispiness",13.99,Mac and Twist,Mac and Twist,29.7829772,-95.4360986
"Houston, TX",Cheesy App,"Cheddar & mozzarella cheesy breadsticks with marinara, buffalo sauce and SriRANCHa™.",11.5,Zalat Pizza,Pizza Restaurant,29.7506765,-95.375564
"Houston, TX","14\ Loaded Notato""","Bacon, cheddar, jalapenos, chives, blue cheese ranch and SriRANCHa™.",21.89,Zalat Pizza,Pizza Restaurant,29.7506765,-95.375564
"Houston, TX","18\ Loaded Notato""","Bacon, cheddar, jalapenos, chives, blue cheese ranch and SriRANCHa™.",26.49,Zalat Pizza,Pizza Restaurant,29.7506765,-95.375564
"Houston, TX",Coke - Can,,2.5,Zalat Pizza,Pizza Restaurant,29.7506765,-95.375564
"Houston, TX",Sprite - Can,,2.5,Zalat Pizza,Pizza Restaurant,29.7506765,-95.375564
"Houston, TX",Pumpkin Cake Roll Pint,"Sweet heirloom pumpkin ice cream swirled with spiced sweet cheese and cake. Infused with all the same nutty and creamy character of the classic dessert.(Pints may come hand-packed if pre-packed pints are sold out.)gluten-freeContains: milk, egg",14.0,Jeni's Splendid Ice Creams,Ice Cream Shop,29.8030914,-95.4034654
"Houston, TX",Banana Cream Pudding (DF) Pint,"Real bananas, ultra-rich coconut cream, and scratch-made vanilla wafers. Made for anyone who loves a great banana creme pudding. (Pints may come hand-packed if pre-packed pints are sold out.)Gluten-FreeVeganContains: tree nuts (coconut)",14.0,Jeni's Splendid Ice Creams,Ice Cream Shop,29.8030914,-95.4034654
"Houston, TX",Boston Cream Pie Pint,"A salted vanilla custard layered with yellow cake pieces and darkest chocolate fudge.(Pints may come hand-packed if pre-packed pints are sold out.)Contains: milk, egg, wheat",14.0,Jeni's Splendid Ice Creams,Ice Cream Shop,29.8030914,-95.4034654
"Houston, TX",Ribeye Plate,,11.49,El Charro Mexican Bar,"Mexican, Breakfast, Seafood, Tacos, Soup",29.7466172,-95.3380028
"Houston, TX",Chilaquiles,,8.34,El Charro Mexican Bar,"Mexican, Breakfast, Seafood, Tacos, Soup",29.7466172,-95.3380028
"Houston, TX",Migas Plate,,6.04,El Charro Mexican Bar,"Mexican, Breakfast, Seafood, Tacos, Soup",29.7466172,-95.3380028
"Houston, TX",Huevos Rancheros Plate,,5.16,El Charro Mexican Bar,"Mexican, Breakfast, Seafood, Tacos, Soup",29.7466172,-95.3380028
"Houston, TX",Steak Plate,,8.34,El Charro Mexican Bar,"Mexican, Breakfast, Seafood, Tacos, Soup",29.7466172,-95.3380028
"Houston, TX",Pancake Plate,,7.19,El Charro Mexican Bar,"Mexican, Breakfast, Seafood, Tacos, Soup",29.7466172,-95.3380028
"Houston, TX",Bacon and Eggs Plate,,5.16,El Charro Mexican Bar,"Mexican, Breakfast, Seafood, Tacos, Soup",29.7466172,-95.3380028
"Houston, TX",Chorizo and Eggs Plate,,5.16,El Charro Mexican Bar,"Mexican, Breakfast, Seafood, Tacos, Soup",29.7466172,-95.3380028
"Houston, TX",Eggs ala Mexicana Plate,,5.16,El Charro Mexican Bar,"Mexican, Breakfast, Seafood, Tacos, Soup",29.7466172,-95.3380028
"Houston, TX",American Breakfast,,7.46,El Charro Mexican Bar,"Mexican, Breakfast, Seafood, Tacos, Soup",29.7466172,-95.3380028
"Houston, TX",Nopal and Eggs Plate,,5.16,El Charro Mexican Bar,"Mexican, Breakfast, Seafood, Tacos, Soup",29.7466172,-95.3380028
"Houston, TX",Potato and Egg Plate,,5.16,El Charro Mexican Bar,"Mexican, Breakfast, Seafood, Tacos, Soup",29.7466172,-95.3380028
"Houston, TX",Smoked Sausage and Eggs Plate,,6.31,El Charro Mexican Bar,"Mexican, Breakfast, Seafood, Tacos, Soup",29.7466172,-95.3380028
"Houston, TX",Monterrey Breakfast,,8.34,El Charro Mexican Bar,"Mexican, Breakfast, Seafood, Tacos, Soup",29.7466172,-95.3380028
"Houston, TX",Pork Chop Plate,,7.46,El Charro Mexican Bar,"Mexican, Breakfast, Seafood, Tacos, Soup",29.7466172,-95.3380028
"Houston, TX",Chicharron and Eggs Plate,,6.31,El Charro Mexican Bar,"Mexican, Breakfast, Seafood, Tacos, Soup",29.7466172,-95.3380028
"Houston, TX",Ham and Eggs Plate,,5.16,El Charro Mexican Bar,"Mexican, Breakfast, Seafood, Tacos, Soup",29.7466172,-95.3380028
"Houston, TX",Jalisco Breakfast Plate,,11.49,El Charro Mexican Bar,"Mexican, Breakfast, Seafood, Tacos, Soup",29.7466172,-95.3380028
"Houston, TX",Machacado and Eggs Plate,,7.19,El Charro Mexican Bar,"Mexican, Breakfast, Seafood, Tacos, Soup",29.7466172,-95.3380028
"Houston, TX",Sausage and Eggs Plate,,5.16,El Charro Mexican Bar,"Mexican, Breakfast, Seafood, Tacos, Soup",29.7466172,-95.3380028
"Houston, TX",Veggie Breakfast Plate,,7.19,El Charro Mexican Bar,"Mexican, Breakfast, Seafood, Tacos, Soup",29.7466172,-95.3380028
"Houston, TX",Breakfast Taco,,2.29,El Charro Mexican Bar,"Mexican, Breakfast, Seafood, Tacos, Soup",29.7466172,-95.3380028
"Houston, TX",Texas Omelette,,8.04,El Charro Mexican Bar,"Mexican, Breakfast, Seafood, Tacos, Soup",29.7466172,-95.3380028
"Houston, TX",Charro Omelette,,6.89,El Charro Mexican Bar,"Mexican, Breakfast, Seafood, Tacos, Soup",29.7466172,-95.3380028
"Houston, TX",Jalisco Omelette,,12.64,El Charro Mexican Bar,"Mexican, Breakfast, Seafood, Tacos, Soup",29.7466172,-95.3380028
"Houston, TX",Bacon and Eggs Sandwich,,4.59,El Charro Mexican Bar,"Mexican, Breakfast, Seafood, Tacos, Soup",29.7466172,-95.3380028
"Houston, TX",Sausage Patty and Eggs Sandwich,,4.59,El Charro Mexican Bar,"Mexican, Breakfast, Seafood, Tacos, Soup",29.7466172,-95.3380028
"Houston, TX",Ham and Eggs Sandwich,,4.59,El Charro Mexican Bar,"Mexican, Breakfast, Seafood, Tacos, Soup",29.7466172,-95.3380028
"Houston, TX",Scrambled Egg Sandwich,,4.59,El Charro Mexican Bar,"Mexican, Breakfast, Seafood, Tacos, Soup",29.7466172,-95.3380028
"Houston, TX",Breakfast Tortas,,3.74,El Charro Mexican Bar,"Mexican, Breakfast, Seafood, Tacos, Soup",29.7466172,-95.3380028
"Houston, TX",Buttermilk Pancakes,four fluffy buttermilk pancakes; add a side of bacon and / or scrambled eggs (where available),9.49,Corner Bakery Cafe,"Breakfast, lunch, dinner and catering in your corner",29.7727817,-95.3988578
"Houston, TX",Iced Chai Latte,,3.29,Corner Bakery Cafe,"Breakfast, lunch, dinner and catering in your corner",29.7727817,-95.3988578
"Houston, TX",Iced Caramel Macchiato,,3.79,Corner Bakery Cafe,"Breakfast, lunch, dinner and catering in your corner",29.7727817,-95.3988578
"Houston, TX",Tomato Basil Soupe,"Our signature soupe – a hearty cream based vegetarian (not vegan) soupe made with juicy, vine ripened tomatoes, fresh cream, and fresh basil. ",6.58,La Madeleine French Bakery & Cafe,"Lunch, French, Dessert, Bakery, Cafes, Breakfast, Sweets, Modern European",29.776412,-95.382407
"Houston, TX",Country Potato,Our creamy potato soupe accented with leeks and onions. Garnished with cheddar cheese and chopped bacon.,6.58,La Madeleine French Bakery & Cafe,"Lunch, French, Dessert, Bakery, Cafes, Breakfast, Sweets, Modern European",29.776412,-95.382407
"Houston, TX",Tomato Basil Pesto Salade,"Penne pasta with sun-dried tomato pesto, fresh basil, green onions, tomatoes and Parmesan.",5.23,La Madeleine French Bakery & Cafe,"Lunch, French, Dessert, Bakery, Cafes, Breakfast, Sweets, Modern European",29.776412,-95.382407
"Houston, TX",Strawberries Romanoff,Fresh strawberries topped with sweet Romanoff cream. ,5.23,La Madeleine French Bakery & Cafe,"Lunch, French, Dessert, Bakery, Cafes, Breakfast, Sweets, Modern European",29.776412,-95.382407
"Houston, TX",Country Potato Soupe,Our creamy potato soupe accented with leeks and onions. Garnished with cheddar cheese and chopped bacon.,6.58,La Madeleine French Bakery & Cafe,"Lunch, French, Dessert, Bakery, Cafes, Breakfast, Sweets, Modern European",29.776412,-95.382407
"Houston, TX",The Reuben #2,"Your choice of pastrami, corned beef, turkey pastrami or turkey breast with melted Swiss cheese, sauerkraut, and Russian dressing. Recommended on grilled rye",15.39,Katz's Deli & Bar,"Lunch, Dessert, Deli, Sandwiches, Sandwich, Pickup, Breakfast, Takeout",29.7448291,-95.389478
"Houston, TX",Philly Cheesesteak #8,"Prime cuts of beef, sautéed onions, and bell peppers with American and Swiss cheese. Recommended on French. Substitute chicken $1",15.39,Katz's Deli & Bar,"Lunch, Dessert, Deli, Sandwiches, Sandwich, Pickup, Breakfast, Takeout",29.7448291,-95.389478
"Houston, TX",French Dip #12,Hot roast beef and melted provolone cheese. Served with aujus. Recommended on French,15.39,Katz's Deli & Bar,"Lunch, Dessert, Deli, Sandwiches, Sandwich, Pickup, Breakfast, Takeout",29.7448291,-95.389478
"Houston, TX",Times Square #7,"Grilled turkey breast, Swiss cheese, lettuce, and tomatoes with honey mustard. Recommended on challah or whole wheat. Add avocado $1.50",15.39,Katz's Deli & Bar,"Lunch, Dessert, Deli, Sandwiches, Sandwich, Pickup, Breakfast, Takeout",29.7448291,-95.389478
"Houston, TX",Kountry Klub #13,"Triple decker turkey breast, bacon, lettuce, tomatoes, and Russian dressing. Recommended on whole wheat. Add avocado $1.50",15.94,Katz's Deli & Bar,"Lunch, Dessert, Deli, Sandwiches, Sandwich, Pickup, Breakfast, Takeout",29.7448291,-95.389478
"Houston, TX",Scottish Smoked Salmon #4,"Fresh – never frozen – Scottish smoked salmon with lettuce, tomatoes, capers, red onion, and cream cheese. Recommended on toasted rye",15.39,Katz's Deli & Bar,"Lunch, Dessert, Deli, Sandwiches, Sandwich, Pickup, Breakfast, Takeout",29.7448291,-95.389478
"Houston, TX",Katz's Pride #1,"Corned beef, Russian dressing, and coleslaw. Recommended on rye",14.84,Katz's Deli & Bar,"Lunch, Dessert, Deli, Sandwiches, Sandwich, Pickup, Breakfast, Takeout",29.7448291,-95.389478
"Houston, TX",Veggie Reuben #16,"Avocado, tomatoes, sauerkraut, Russian dressing, melted muenster, and Swiss cheese. Recommended on rye",14.84,Katz's Deli & Bar,"Lunch, Dessert, Deli, Sandwiches, Sandwich, Pickup, Breakfast, Takeout",29.7448291,-95.389478
"Houston, TX",The P/C #29,Pastrami and corned beef. Recommended on rye,15.39,Katz's Deli & Bar,"Lunch, Dessert, Deli, Sandwiches, Sandwich, Pickup, Breakfast, Takeout",29.7448291,-95.389478
"Houston, TX",Yankee Pot Roast #15,"Certified Angus Beef Yankee pot roast with melted muenster cheese, sautéed onions, and gravy. Recommended on grilled rye",15.39,Katz's Deli & Bar,"Lunch, Dessert, Deli, Sandwiches, Sandwich, Pickup, Breakfast, Takeout",29.7448291,-95.389478
"Houston, TX",Pastrami,,13.19,Katz's Deli & Bar,"Lunch, Dessert, Deli, Sandwiches, Sandwich, Pickup, Breakfast, Takeout",29.7448291,-95.389478
"Houston, TX",Tuna Salad,,13.19,Katz's Deli & Bar,"Lunch, Dessert, Deli, Sandwiches, Sandwich, Pickup, Breakfast, Takeout",29.7448291,-95.389478
"Houston, TX",BLT,,13.19,Katz's Deli & Bar,"Lunch, Dessert, Deli, Sandwiches, Sandwich, Pickup, Breakfast, Takeout",29.7448291,-95.389478
"Houston, TX",Chicken Salad,,13.19,Katz's Deli & Bar,"Lunch, Dessert, Deli, Sandwiches, Sandwich, Pickup, Breakfast, Takeout",29.7448291,-95.389478
"Houston, TX",Turkey Breast,,13.19,Katz's Deli & Bar,"Lunch, Dessert, Deli, Sandwiches, Sandwich, Pickup, Breakfast, Takeout",29.7448291,-95.389478
"Houston, TX",Corned Beef,,13.19,Katz's Deli & Bar,"Lunch, Dessert, Deli, Sandwiches, Sandwich, Pickup, Breakfast, Takeout",29.7448291,-95.389478
"Houston, TX",Roast Beef,,13.19,Katz's Deli & Bar,"Lunch, Dessert, Deli, Sandwiches, Sandwich, Pickup, Breakfast, Takeout",29.7448291,-95.389478
"Houston, TX",Turkey-ham & Swiss,,13.19,Katz's Deli & Bar,"Lunch, Dessert, Deli, Sandwiches, Sandwich, Pickup, Breakfast, Takeout",29.7448291,-95.389478
"Houston, TX",Egg Salad,,13.19,Katz's Deli & Bar,"Lunch, Dessert, Deli, Sandwiches, Sandwich, Pickup, Breakfast, Takeout",29.7448291,-95.389478
"Houston, TX",Blintzes,"Cheese blintzes topped with your choice of apple, blueberry, hot fudge, or strawberry",8.79,Katz's Deli & Bar,"Lunch, Dessert, Deli, Sandwiches, Sandwich, Pickup, Breakfast, Takeout",29.7448291,-95.389478
"Houston, TX","B1. Fresh Shrimp, Pork & Chives (8)",,9.49,Bao Shi Yi,"Chinese, Dumplings, Snacks, Noodles, Rice Bowl",29.732268,-95.418508
"Houston, TX",6pc Bone-In Wing Combo Meal,"6  Double Breaded Chicken Wings (plain or sauced), 1 small side of choice, and 1 fresh-baked biscuit.",11.99,Raise the Roost,Chicken and Biscuits,29.7314516,-95.3822571
"Houston, TX",3pc Chicken Tender Combo Meal,"3 Double Breaded Chicken Tenders, 1 small side of choice, and 1 fresh-baked biscuit.",8.99,Raise the Roost,Chicken and Biscuits,29.7314516,-95.3822571
"Houston, TX",2pc Chicken Tender Combo Meal,"2 Double Breaded Chicken Tenders, 1 small side of choice, and 1 fresh-baked biscuit.",7.29,Raise the Roost,Chicken and Biscuits,29.7314516,-95.3822571
"Houston, TX",Chicken Tenders 12ct,12 Double Breaded Chicken Tenders.,23.99,Raise the Roost,Chicken and Biscuits,29.7314516,-95.3822571
"Houston, TX",Chicken Tenders 4ct,4 Double Breaded Chicken Tenders.,8.49,Raise the Roost,Chicken and Biscuits,29.7314516,-95.3822571
"Houston, TX",Chicken Tenders 1ct,1 Double Breaded Chicken Tenders.,2.19,Raise the Roost,Chicken and Biscuits,29.7314516,-95.3822571
"Houston, TX",Naked Bone in Wings,Double Breaded Bone in Chicken Wings.,9.99,Raise the Roost,Chicken and Biscuits,29.7314516,-95.3822571
"Houston, TX",Honey BBQ Bone in Wings,Double Breaded Chicken Wings tossed in our proprietary Honey BBQ Sauce.,9.99,Raise the Roost,Chicken and Biscuits,29.7314516,-95.3822571
"Houston, TX",Mango Habanero Bone in Wings,Double Breaded Chicken Wings tossed in our proprietary Mango Habanero Sauce.,9.99,Raise the Roost,Chicken and Biscuits,29.7314516,-95.3822571
"Houston, TX",Buffalo Bone in Wings,Double Breaded Chicken Wings tossed in our proprietary Buffalo Sauce.,9.99,Raise the Roost,Chicken and Biscuits,29.7314516,-95.3822571
"Houston, TX","Chicken, Bacon, Ranch, and Cheese Chicken Tender Sandwich","2 Double Breaded Chicken Tenders smothered in our Fresh Made in Store Ranch Sauce, 2 slices of thick cut bacon and American cheese on a Brioche Bun with Dill Pickle Slices.",7.29,Raise the Roost,Chicken and Biscuits,29.7314516,-95.3822571
"Houston, TX",Buffalo Chicken Tender Sandwich,2 Double Breaded Chicken Tenders smothered in our proprietary Buffalo Sauce on a Brioche Bun.,5.29,Raise the Roost,Chicken and Biscuits,29.7314516,-95.3822571
"Houston, TX",Chicken and Cheese Sandwich,2 Double Breaded Chicken Tenders with American Cheese on a Buttered Brioche Bun with Dill Pickle Slices.,5.19,Raise the Roost,Chicken and Biscuits,29.7314516,-95.3822571
"Houston, TX","Chicken, Bacon, and Cheese Sandwich","2 Double Breaded Chicken Tenders, 2 Slices of Thick Cut Bacon, and American Cheese on a Buttered Brioche Bun with Dill Pickle Slices.",6.69,Raise the Roost,Chicken and Biscuits,29.7314516,-95.3822571
"Houston, TX",Honey BBQ Chicken Tender Sandwich,2 Double Breaded Chicken Tenders smothered in our proprietary Honey BBQ Sauce on a Brioche Bun with Dill Pickle Slices.,5.29,Raise the Roost,Chicken and Biscuits,29.7314516,-95.3822571
"Houston, TX","Breaded Chicken, Egg & Cheese Biscuit","Double Breaded Chicken Tender, Fresh Made Egg Patty, and American Cheese on a Fresh Baked Biscuit.",3.89,Raise the Roost,Chicken and Biscuits,29.7314516,-95.3822571
"Houston, TX","Sausage, Egg & Cheese Biscuit","Sausage Patty, Fresh Made Egg Patty, and American Cheese on a Fresh Baked Biscuit.",3.89,Raise the Roost,Chicken and Biscuits,29.7314516,-95.3822571
"Houston, TX",Sausage Biscuit,Sausage Patty on a Fresh Baked Biscuit.,2.99,Raise the Roost,Chicken and Biscuits,29.7314516,-95.3822571
"Houston, TX",Banana Pudding Parfait,"Vanilla Pudding with Fresh Cut Bananas, Nila Wafers, and Whipped Topping",3.59,Raise the Roost,Chicken and Biscuits,29.7314516,-95.3822571
"Houston, TX",Chocolate Pudding Parfait,"Chocolate Pudding with Oreo Cookie Crumbles, and Whipped Topping",3.59,Raise the Roost,Chicken and Biscuits,29.7314516,-95.3822571
"Houston, TX",Potato Wedges,Side of Potato Wedges.,2.49,Raise the Roost,Chicken and Biscuits,29.7314516,-95.3822571
"Houston, TX",Mac 'N' Cheese,Side of Mac 'N' Cheese.,2.49,Raise the Roost,Chicken and Biscuits,29.7314516,-95.3822571
"Houston, TX",Roost Signature Sauce,Extra cup of Roost Signature Sauce,0.79,Raise the Roost,Chicken and Biscuits,29.7314516,-95.3822571
"Houston, TX",Roost Fresh Ranch Sauce,Extra cup of Roost Fresh Ranch Sauce.,0.79,Raise the Roost,Chicken and Biscuits,29.7314516,-95.3822571
"Houston, TX",Roost Buffalo Sauce,Extra cup of Roost Buffalo Sauce.,0.79,Raise the Roost,Chicken and Biscuits,29.7314516,-95.3822571
"Houston, TX",Roost Mango Habanero Sauce,Extra cup of Roost Mango Habanero Sauce.,0.79,Raise the Roost,Chicken and Biscuits,29.7314516,-95.3822571
"Houston, TX",Roost Honey BBQ Sauce,Extra cup of Roost Honey BBQ Sauce.,0.79,Raise the Roost,Chicken and Biscuits,29.7314516,-95.3822571
"Houston, TX",Classic Sourdough,,8.05,Badolina Bakery,"Pastries, Dessert, Coffee",29.7162019,-95.4146548
"Houston, TX",Baguette,Classic / Seeded.,4.03,Badolina Bakery,"Pastries, Dessert, Coffee",29.7162019,-95.4146548
"Houston, TX",Nelson Bread,With seeds and honey,9.2,Badolina Bakery,"Pastries, Dessert, Coffee",29.7162019,-95.4146548
"Houston, TX",Chocolate Fudge,Gluten-Free.,3.45,Badolina Bakery,"Pastries, Dessert, Coffee",29.7162019,-95.4146548
"Houston, TX",Pistachio Macadamia and White Chocolate,,3.45,Badolina Bakery,"Pastries, Dessert, Coffee",29.7162019,-95.4146548
"Houston, TX",Vegan Chocolate Chip,,3.45,Badolina Bakery,"Pastries, Dessert, Coffee",29.7162019,-95.4146548
"Houston, TX",Cardamom Shortbread,Shortbread cookie with cardamom,0.85,Badolina Bakery,"Pastries, Dessert, Coffee",29.7162019,-95.4146548
"Houston, TX",Cardamom Bun,Cardamom pastry topped with melted butter and sugar,5.5,Badolina Bakery,"Pastries, Dessert, Coffee",29.7162019,-95.4146548
"Houston, TX",Double Chocolate Croissant,Chocolate croissant with chocolate cream,6.3,Badolina Bakery,"Pastries, Dessert, Coffee",29.7162019,-95.4146548
"Houston, TX",Morning Glory Muffin ,"Dairy free muffin made with whole wheat flour, raisins, walnuts, apples, carrots and coconut shavings.",5.75,Badolina Bakery,"Pastries, Dessert, Coffee",29.7162019,-95.4146548
"Houston, TX",Quiche,"Options Include: Sweet Potato and Butternut Squash/Zucchini, Leek and Gruyere",9.2,Badolina Bakery,"Pastries, Dessert, Coffee",29.7162019,-95.4146548
"Houston, TX",Shakshuka Focaccia,Our Focaccia wrapped around a boiled egg and filled with our Shakshuka tomato sauce.,8.6,Badolina Bakery,"Pastries, Dessert, Coffee",29.7162019,-95.4146548
"Houston, TX",Sambusak,"Sabich (Eggplant, Roasted Tomatoes, Boiled Egg, and Tahini).",8.6,Badolina Bakery,"Pastries, Dessert, Coffee",29.7162019,-95.4146548
"Houston, TX",Caramelized Onion Focaccia,"Our focaccia topped with caramelized onion, poppy seeds and feta cheese",5.75,Badolina Bakery,"Pastries, Dessert, Coffee",29.7162019,-95.4146548
"Houston, TX",Spinach and Cheese Focaccia,"Our focaccia topped with spinach, cheese and boiled egg.",8.6,Badolina Bakery,"Pastries, Dessert, Coffee",29.7162019,-95.4146548
"Houston, TX","Cherry Tomato, Ricotta and Parmesan Focaccia","Our focaccia topped with cherry tomatoes, feta and basil.",5.75,Badolina Bakery,"Pastries, Dessert, Coffee",29.7162019,-95.4146548
"Houston, TX",Basque Cheesecake,Our baseless cheesecake!,6.9,Badolina Bakery,"Pastries, Dessert, Coffee",29.7162019,-95.4146548
"Houston, TX",Orange Cake,Our gluten free orange cake!,7.0,Badolina Bakery,"Pastries, Dessert, Coffee",29.7162019,-95.4146548
"Houston, TX",BACON JAM DEVILED EGGS,"Deviled eggs, bacon jam, pickled onions ",10.5,Black Walnut Cafe,"American (New), Cafes, Breakfast, Lunch",29.761883,-95.4180386
"Houston, TX",SPINACH AND ARTICHOKE DIP,"Spinach, artichokes, cream cheese, mozzarella, Parmesan, red onions, garlic, sour cream, pico de gallo, fire-roasted salsa, chips",11.55,Black Walnut Cafe,"American (New), Cafes, Breakfast, Lunch",29.761883,-95.4180386
"Houston, TX",BWC QUESO,"House-made queso, roasted peppers and onions, tomatoes, spicy sausage, cilantro, corn tortilla chips",10.5,Black Walnut Cafe,"American (New), Cafes, Breakfast, Lunch",29.761883,-95.4180386
"Houston, TX",THAI PEANUT BRUSSELS SPROUTS,"Crispy Brussels sprouts, peanut vinaigrette, peanuts, honey",8.4,Black Walnut Cafe,"American (New), Cafes, Breakfast, Lunch",29.761883,-95.4180386
"Houston, TX",VINDALOO WINGS,"Jumbo chicken wings, Vindaloo sauce, Vindaloo seasoning, crispy garlic, scallions",12.6,Black Walnut Cafe,"American (New), Cafes, Breakfast, Lunch",29.761883,-95.4180386
"Houston, TX",PIMENTO CHEESE & CRACKERS,"Roasted red bell peppers, pickled jalapeños, chives, saltine crackers",10.5,Black Walnut Cafe,"American (New), Cafes, Breakfast, Lunch",29.761883,-95.4180386
"Houston, TX",**NEW** ASIAN GREEN BEANS,"Crispy green beans, golden barbecue sauce, crispy garlic, fresh lime, sesame seed, sunflower seeds",8.4,Black Walnut Cafe,"American (New), Cafes, Breakfast, Lunch",29.761883,-95.4180386
"Houston, TX",CHICKEN LETTUCE WRAPS,"Thai peanut chicken, bell peppers, pickled onions, peanuts, mint, crispy garlic, lime",10.5,Black Walnut Cafe,"American (New), Cafes, Breakfast, Lunch",29.761883,-95.4180386
"Houston, TX",CHICKEN BREAST,,15.75,Black Walnut Cafe,"American (New), Cafes, Breakfast, Lunch",29.761883,-95.4180386
"Houston, TX",SCOTTISH SALMON 6OZ,,19.95,Black Walnut Cafe,"American (New), Cafes, Breakfast, Lunch",29.761883,-95.4180386
"Houston, TX",TENDERLOIN FILET TIPS,,26.25,Black Walnut Cafe,"American (New), Cafes, Breakfast, Lunch",29.761883,-95.4180386
"Houston, TX",CHICKEN TORTILLA SOUP Large Tortilla Soup,"Tomato base, vegetables, avocado, habanero",8.93,Black Walnut Cafe,"American (New), Cafes, Breakfast, Lunch",29.761883,-95.4180386
"Houston, TX",CHICKEN TORTILLA SOUP Small Tortilla Soup,"Tomato base, vegetables, avocado, habanero",5.25,Black Walnut Cafe,"American (New), Cafes, Breakfast, Lunch",29.761883,-95.4180386
"Houston, TX",CREAMY TOMATO BASIL SOUP Small Basil Soup,Pesto tomato basil soup with croutons,4.73,Black Walnut Cafe,"American (New), Cafes, Breakfast, Lunch",29.761883,-95.4180386
"Houston, TX",CREAMY TOMATO BASIL SOUP Large Basil Soup,Pesto tomato basil soup with croutons,7.35,Black Walnut Cafe,"American (New), Cafes, Breakfast, Lunch",29.761883,-95.4180386
"Houston, TX",BLACK WALNUT SALAD,"Grilled marinated chicken breast, walnuts, Gorgonzola cheese, julienne green apples, house greens, tomato savory dressing, garlic bread",16.28,Black Walnut Cafe,"American (New), Cafes, Breakfast, Lunch",29.761883,-95.4180386
"Houston, TX",SANTA FE SALAD,"Chilled thinly-sliced chicken breast, roasted corn, black beans, mango, cheddar, tortilla strips, pico de gallo, sweet bell peppers, house greens, spicy mango cilantro dressing, garlic bread",15.75,Black Walnut Cafe,"American (New), Cafes, Breakfast, Lunch",29.761883,-95.4180386
"Houston, TX",BWC CHICKEN COBB SALAD,"Grilled chicken breast, applewood smoked bacon, hard-boiled eggs, Marie cheese, avocado, cherry tomatoes, pickled onions, sunflower seeds, crispy garlic, house-made creamy red wine vinaigrette",16.8,Black Walnut Cafe,"American (New), Cafes, Breakfast, Lunch",29.761883,-95.4180386
"Houston, TX",SHRIMP CAESAR SALAD,"Crispy shrimp, romaine hearts, herbed croutons, Marie cheese, crispy garlic, house-made Caesar dressing, garlic bread",15.75,Black Walnut Cafe,"American (New), Cafes, Breakfast, Lunch",29.761883,-95.4180386
"Houston, TX",BLACKENED SALMON BLUEBERRY SPINACH SALAD,"6 oz. Blackened Atlantic salmon, spinach, blueberries, heart of palm, goat cheese, candied walnuts, sun-dried tomatoes, house-made blueberry dressing, garlic bread",19.95,Black Walnut Cafe,"American (New), Cafes, Breakfast, Lunch",29.761883,-95.4180386
"Houston, TX",STEAK SALAD,"Tenderloin filet tips, mixed greens, artichokes, walnuts, Asian pear, sun-dried tomatoes, celery, creamy tomato dressing, goat cheese, garlic bread",19.95,Black Walnut Cafe,"American (New), Cafes, Breakfast, Lunch",29.761883,-95.4180386
"Houston, TX",ASIAN CHICKEN SALAD,"Grilled chicken, peanut vinaigrette, carrots, mango, mixed greens, roasted peanuts, crispy garlic, sesame seeds, tomato, scallions, cilantro",15.75,Black Walnut Cafe,"American (New), Cafes, Breakfast, Lunch",29.761883,-95.4180386
"Houston, TX",CHIPOTLE CHICKEN PEPPER PASTA,"Grilled marinated chicken breast, chipotle Alfredo sauce, amber butter, pico de gallo, tortilla strips, linguine",15.75,Black Walnut Cafe,"American (New), Cafes, Breakfast, Lunch",29.761883,-95.4180386
"Houston, TX",CHICKEN PARMESAN,"Parmesan-crusted chicken, tomato sauce, mozzarella, sautéed spinach, amber butter, Alfredo sauce, linguine",15.75,Black Walnut Cafe,"American (New), Cafes, Breakfast, Lunch",29.761883,-95.4180386
"Houston, TX",GRILLED SHRIMP ALFREDO,"Blackened shrimp, red onion, garlic, tomatoes, scallion, lemon alfredo sauce, Marie cheese, linguine",17.85,Black Walnut Cafe,"American (New), Cafes, Breakfast, Lunch",29.761883,-95.4180386
"Houston, TX",FOUR CHEESE RAVIOLI,"Truffle alfredo sauce, grilled chicken breast, artichokes, Marie cheese, bread crumbs, chives",18.38,Black Walnut Cafe,"American (New), Cafes, Breakfast, Lunch",29.761883,-95.4180386
"Houston, TX",POT ROAST GRILLED CHEESE,"Slow cooked chuck tender, butter, challah bread, American cheese, house salad, cup of tomato basil soup",15.23,Black Walnut Cafe,"American (New), Cafes, Breakfast, Lunch",29.761883,-95.4180386
"Houston, TX",DOC'S KRAZY TURKEY BURGER,"Seasoned turkey patty, Swiss, sautéed mushrooms, tomato, avocado, spinach, pesto mayo, wheat bun, sweet potato fries",15.75,Black Walnut Cafe,"American (New), Cafes, Breakfast, Lunch",29.761883,-95.4180386
"Houston, TX",NASHVILLE HOT CHICKEN SANDWICH,"Crispy hot chicken, house-made pickles, honey slaw, paprika, brioche bun, house-made potato salad or fries",14.7,Black Walnut Cafe,"American (New), Cafes, Breakfast, Lunch",29.761883,-95.4180386
"Houston, TX",AMERICAN BURGER,"Half-pound Gyulais Wagyu patty, American cheese, lettuce, tomatoes, house-made pickles, spicy mustard mayo, brioche bun, choice of house-made potato salad or fries ",15.75,Black Walnut Cafe,"American (New), Cafes, Breakfast, Lunch",29.761883,-95.4180386
"Houston, TX",CHICKEN CROISSANT CLUB,"Sliced chicken, Swiss, peppered bacon, lettuce, tomatoes, pesto mayo, handcrafted croissant, choice of fries or housemade potato salad ",15.23,Black Walnut Cafe,"American (New), Cafes, Breakfast, Lunch",29.761883,-95.4180386
"Houston, TX",BRISKET BURGER,"Half-pound Gyulais Wagyu patty, smoked brisket, smoked cheddar, golden barbecue sauce, lettuce, pickled onions, crispy garlic, spicy mustard, brioche bun, choice of house-made potato salad or fries",17.85,Black Walnut Cafe,"American (New), Cafes, Breakfast, Lunch",29.761883,-95.4180386
"Houston, TX",AVOCADO & EGG TOAST,"Two eggs over easy, avocado mash, lime pepper, tomatoes, wheat toast ",13.65,Black Walnut Cafe,"American (New), Cafes, Breakfast, Lunch",29.761883,-95.4180386
"Houston, TX",THE PIMENTO CHEESEBURGER,"Wagyu and venison patty, house-made pimento cheese, shredded lettuce, challah bun, house-made potato salad or fries",16.8,Black Walnut Cafe,"American (New), Cafes, Breakfast, Lunch",29.761883,-95.4180386
"Houston, TX",THE BEYOND BURGER,"Beyond Meat®, white cheddar, pickled jalapeños, tomatoes, pickles, mixed greens, jalapeño aioli, wheat bun, house-made potato salad or fries",15.75,Black Walnut Cafe,"American (New), Cafes, Breakfast, Lunch",29.761883,-95.4180386
"Houston, TX",ULTIMATE BACON CHEESEBURGER,"Gyulais wagyu patty, applewood smoked bacon, truffle bacon jam mustard, American cheese, house-made pickles, tomatoes, shredded lettuce, brioche bun, fries or potato salad",17.85,Black Walnut Cafe,"American (New), Cafes, Breakfast, Lunch",29.761883,-95.4180386
"Houston, TX",BWC CHICKEN TENDERS,"Crispy chicken tenders, fries, honey slaw, cayenne ranch and honey mustard dipping sauces",15.75,Black Walnut Cafe,"American (New), Cafes, Breakfast, Lunch",29.761883,-95.4180386
"Houston, TX",POT ROAST DINNER,"Slow cooked chuck tender, garlic mashed potatoes, mushroom gravy, garlic bread",19.95,Black Walnut Cafe,"American (New), Cafes, Breakfast, Lunch",29.761883,-95.4180386
"Houston, TX",ASIAN GLAZED SCOTTISH SALMON,"Asian glazed Scottish salmon fillet, crispy garlic, garlic mashed potatoes, broccolini",19.95,Black Walnut Cafe,"American (New), Cafes, Breakfast, Lunch",29.761883,-95.4180386
"Houston, TX",BLACK WALNUT FISH TACOS,"Grilled Mahi Mahi, shredded lettuce, pico de gallo, cilantro, cayenne ranch, fresh lime, corn tortillas, house salad",14.7,Black Walnut Cafe,"American (New), Cafes, Breakfast, Lunch",29.761883,-95.4180386
"Houston, TX",CHICKEN QUESADILLA,"Grilled chicken breast, cheddar, mozzarella, sour cream, pico de gallo, avocado mash, cilantro, flour tortillas, served with street corn",14.7,Black Walnut Cafe,"American (New), Cafes, Breakfast, Lunch",29.761883,-95.4180386
"Houston, TX",TEXAS-SIZED WAGYU CHICKEN FRIED STEAK,"8 oz. Snake River Farms cutlet, roasted garlic mashed potatoes, scallions, house-made cream gravy",18.9,Black Walnut Cafe,"American (New), Cafes, Breakfast, Lunch",29.761883,-95.4180386
"Houston, TX",BIRRIA TACOS,"Slow-cooked chuck tender, mozzarella, tomatillo salsa verde, chili au jus, corn tortillas, cilantro, fresh lime, served with street corn",16.8,Black Walnut Cafe,"American (New), Cafes, Breakfast, Lunch",29.761883,-95.4180386
"Houston, TX",MEDITERRANEAN CHICKEN,"Grilled chicken breast, artichokes, Kalamata olives, lemon Pavia sauce, garlic mashed potatoes, capers, spinach, crispy garlic, sun-dried tomatoes",15.75,Black Walnut Cafe,"American (New), Cafes, Breakfast, Lunch",29.761883,-95.4180386
"Houston, TX",CHICKEN AND WAFFLES,"Belgian waffle, two eggs over easy, crispy chicken tenders, scallions, powdered sugar, pure maple syrup",16.8,Black Walnut Cafe,"American (New), Cafes, Breakfast, Lunch",29.761883,-95.4180386
"Houston, TX",CRISPY COCONUT SHRIMP,"Jumbo coconut shrimp, honey slaw, sweet potato fries, spicy mango dipping sauce",24.15,Black Walnut Cafe,"American (New), Cafes, Breakfast, Lunch",29.761883,-95.4180386
"Houston, TX",PULLED PORK CARNITAS TACOS,"House-braised pork, feta, shredded lettuce, pico de gallo, yellow onions, avocado, spicy mustard mayo, fresh lime, corn tortillas, served with street corn",14.7,Black Walnut Cafe,"American (New), Cafes, Breakfast, Lunch",29.761883,-95.4180386
"Houston, TX",COCONUT SHRIMP TACOS,"Crispy coconut shrimp, honey slaw, chipotle aioli, pickled onions, flour tortillas, house salad",16.8,Black Walnut Cafe,"American (New), Cafes, Breakfast, Lunch",29.761883,-95.4180386
"Houston, TX",BRISKET TACOS,"Shredded smoked beef brisket, pickled jalapeños, jalapeño aioli, crispy garlic, cilantro, cheese-crusted flour tortillas, served with street corn",16.8,Black Walnut Cafe,"American (New), Cafes, Breakfast, Lunch",29.761883,-95.4180386
"Houston, TX",BEYOND TACOS,"Seasoned Beyond Meat®, Tzatziki sauce, fresh dill, toasted almonds, shredded lettuce, flour tortillas, balsamic vinaigrette house salad",16.8,Black Walnut Cafe,"American (New), Cafes, Breakfast, Lunch",29.761883,-95.4180386
"Houston, TX",KIDS CHICKEN TENDERS,,9.45,Black Walnut Cafe,"American (New), Cafes, Breakfast, Lunch",29.761883,-95.4180386
"Houston, TX",KIDS CHEESY PENNE PASTA WITH CHICKEN,,9.45,Black Walnut Cafe,"American (New), Cafes, Breakfast, Lunch",29.761883,-95.4180386
"Houston, TX",KIDS CHEESEBURGER,,9.45,Black Walnut Cafe,"American (New), Cafes, Breakfast, Lunch",29.761883,-95.4180386
"Houston, TX",KIDS GRILLED CHEESE,,9.45,Black Walnut Cafe,"American (New), Cafes, Breakfast, Lunch",29.761883,-95.4180386
"Houston, TX",SLICE OF HUMMINGBIRD CAKE,,7.35,Black Walnut Cafe,"American (New), Cafes, Breakfast, Lunch",29.761883,-95.4180386
"Houston, TX",BIG PLATE 2.0,"Three mini buttermilk pancakes, two eggs your way, choice of potatoes or grits; select two of the following: breakfast sausage, chicken sausage or bacon",16.8,Black Walnut Cafe,"American (New), Cafes, Breakfast, Lunch",29.761883,-95.4180386
"Houston, TX",BUILD YOUR OWN OMELET,"Three fluffy eggs, wheat, sourdough or English muffin ",8.4,Black Walnut Cafe,"American (New), Cafes, Breakfast, Lunch",29.761883,-95.4180386
"Houston, TX",CROISSANT SANDWICH,"Toasted handcrafted croissant, scrambled eggs, American cheese, choice of applewood smoked bacon, ham, breakfast sausage or apple chicken sausage, fruit",13.65,Black Walnut Cafe,"American (New), Cafes, Breakfast, Lunch",29.761883,-95.4180386
"Houston, TX",AVOCADO BACON BENEDICT,"Two extra-large poached eggs, avocado, peppered bacon, smoked cheddar, toasted English muffin, cayenne citrus hollandaise, scallions, paprika, choice of stone-ground yellow grits or house potatoes",15.75,Black Walnut Cafe,"American (New), Cafes, Breakfast, Lunch",29.761883,-95.4180386
"Houston, TX",HEALTHIER THAN THE REST OMELET,"Three egg whites, spinach, mushrooms, goat cheese, red onions, tomatoes, fruit instead of toast",13.65,Black Walnut Cafe,"American (New), Cafes, Breakfast, Lunch",29.761883,-95.4180386
"Houston, TX",STEAK & EGGS,"Tenderloin filet tips’, two extra-large eggs, house potatoes, lime pepper avocado, flour tortillas, fire-roasted salsa",18.9,Black Walnut Cafe,"American (New), Cafes, Breakfast, Lunch",29.761883,-95.4180386
"Houston, TX",**NEW** CINNAMON ROLL FRENCH TOAST,"Texas-cut challah French toast, cream cheese icing, powdered sugar, pure maple syrup",14.7,Black Walnut Cafe,"American (New), Cafes, Breakfast, Lunch",29.761883,-95.4180386
"Houston, TX",CHORIZO MIGAS,"Four extra-large eggs, chorizo, avocado, fried tortilla chips, fire-roasted salsa, feta, cilantro",13.65,Black Walnut Cafe,"American (New), Cafes, Breakfast, Lunch",29.761883,-95.4180386
"Houston, TX",BIRRIA ENCHILADAS,"Slow-cooked chuck tender, two eggs over easy, mozzarella, tomatillo salsa verde, green onions, corn tortillas, house potatoes",13.65,Black Walnut Cafe,"American (New), Cafes, Breakfast, Lunch",29.761883,-95.4180386
"Houston, TX",TEXAS BREAKFAST,"Two eggs your way, choice of potatoes or grits; breakfast sausage, apple chicken sausage or applewood smoked bacon; served with choice of bread",15.23,Black Walnut Cafe,"American (New), Cafes, Breakfast, Lunch",29.761883,-95.4180386
"Houston, TX",NASHVILLE HOT CHICKEN BENEDICT,"Two extra-large poached eggs, toasted English muffin, crispy hot chicken, cayenne citrus hollandaise, pickled onions, chives, paprika, pure maple syrup, choice of stone-ground yellow grits or house potatoes",16.28,Black Walnut Cafe,"American (New), Cafes, Breakfast, Lunch",29.761883,-95.4180386
"Houston, TX",BUTTERMILK PANCAKE STACK,"Two house-made buttermilk flapjacks, honey whipped butter, powdered sugar, New England maple syrup",10.5,Black Walnut Cafe,"American (New), Cafes, Breakfast, Lunch",29.761883,-95.4180386
"Houston, TX",**NEW** BRISKET BREAKFAST TACOS,"Shredded smoked beef brisket, eggs, mozzarella, tomatillo salsa verde, cheese-crusted flour tortillas, fruit",15.75,Black Walnut Cafe,"American (New), Cafes, Breakfast, Lunch",29.761883,-95.4180386
"Houston, TX",CHORIZO TACO PLATE,"Chorizo, eggs, pico de gallo, cheddar cheese, fire-roasted salsa, cilantro, flour tortillas, house potatoes",12.6,Black Walnut Cafe,"American (New), Cafes, Breakfast, Lunch",29.761883,-95.4180386
"Houston, TX",**NEW** CREOLE SHRIMP OMELET,"Blackened shrimp, tomatoes, roasted peppers and onions, pimento cheese, chives, wheat toast",15.75,Black Walnut Cafe,"American (New), Cafes, Breakfast, Lunch",29.761883,-95.4180386
"Houston, TX",**NEW** HAM & CHEESE OMELET,"Ham, smoked cheddar, American cheese, roasted peppers and onions, scallions, house potatoes, wheat toast",14.7,Black Walnut Cafe,"American (New), Cafes, Breakfast, Lunch",29.761883,-95.4180386
"Houston, TX",**NEW** LEMON BLUEBERRY PANCAKE STACK,"Two house-made buttermilk pancakes, lemon cream cheese icing, blueberry preserves, blueberries, lemon zest, powdered sugar, pure maple syrup",14.7,Black Walnut Cafe,"American (New), Cafes, Breakfast, Lunch",29.761883,-95.4180386
"Houston, TX",BRISKET BENEDICT,"Two extra-large poached eggs, toasted English muffin, smoked brisket, white cheddar, chipotle hollandaise, paprika, scallions, choice of stoneground yellow grits or house potatoes",15.75,Black Walnut Cafe,"American (New), Cafes, Breakfast, Lunch",29.761883,-95.4180386
"Houston, TX",YOGURT & FRUIT BOWL,"Raisin granola, honey whipped Greek yogurt, mango, blueberries, strawberries, maple syrup drizzle",11.55,Black Walnut Cafe,"American (New), Cafes, Breakfast, Lunch",29.761883,-95.4180386
"Houston, TX",BACON JAM CHEESEBURGER BENEDICT,"Two extra-large poached eggs, Gyulais Wagyu patty, toasted English muffin, American cheese, TX® bacon jam, cayenne citrus hollandaise, pickled onions, chives, paprika, choice of stone-ground yellow grits or house potatoes ",16.8,Black Walnut Cafe,"American (New), Cafes, Breakfast, Lunch",29.761883,-95.4180386
"Houston, TX",OATMEAL GRIDDLE CAKES,"Blueberry preserves, whipped cream, powdered sugar, pure maple syrup",10.5,Black Walnut Cafe,"American (New), Cafes, Breakfast, Lunch",29.761883,-95.4180386
"Houston, TX",HOUSE POTATOES,,3.15,Black Walnut Cafe,"American (New), Cafes, Breakfast, Lunch",29.761883,-95.4180386
"Houston, TX",BACON,,3.68,Black Walnut Cafe,"American (New), Cafes, Breakfast, Lunch",29.761883,-95.4180386
"Houston, TX",FRENCH TOAST,,4.73,Black Walnut Cafe,"American (New), Cafes, Breakfast, Lunch",29.761883,-95.4180386
"Houston, TX",1 PANCAKE,,5.25,Black Walnut Cafe,"American (New), Cafes, Breakfast, Lunch",29.761883,-95.4180386
"Houston, TX",1 CHOCOLATE CHIP PANCAKE,,6.3,Black Walnut Cafe,"American (New), Cafes, Breakfast, Lunch",29.761883,-95.4180386
"Houston, TX",2 EXTRA LARGE EGGS,,3.15,Black Walnut Cafe,"American (New), Cafes, Breakfast, Lunch",29.761883,-95.4180386
"Houston, TX",BREAKFAST SAUSAGE PATTIES,,3.68,Black Walnut Cafe,"American (New), Cafes, Breakfast, Lunch",29.761883,-95.4180386
"Houston, TX",STONE-GROUND YELLOW GRITS,,3.15,Black Walnut Cafe,"American (New), Cafes, Breakfast, Lunch",29.761883,-95.4180386
"Houston, TX",LARGE FRESH FRUIT,,5.25,Black Walnut Cafe,"American (New), Cafes, Breakfast, Lunch",29.761883,-95.4180386
"Houston, TX",SMALL FRESH FRUIT,,3.15,Black Walnut Cafe,"American (New), Cafes, Breakfast, Lunch",29.761883,-95.4180386
"Houston, TX",ITALIAN SAUSAGE,,3.15,Black Walnut Cafe,"American (New), Cafes, Breakfast, Lunch",29.761883,-95.4180386
"Houston, TX",1 EXTRA LARGE EGG,,1.58,Black Walnut Cafe,"American (New), Cafes, Breakfast, Lunch",29.761883,-95.4180386
"Houston, TX",TOAST,,2.1,Black Walnut Cafe,"American (New), Cafes, Breakfast, Lunch",29.761883,-95.4180386
"Houston, TX",ENGLISH MUFFIN,,2.1,Black Walnut Cafe,"American (New), Cafes, Breakfast, Lunch",29.761883,-95.4180386
"Houston, TX",CANADIAN BACON,,3.15,Black Walnut Cafe,"American (New), Cafes, Breakfast, Lunch",29.761883,-95.4180386
"Houston, TX",Chicken & Pancakes,Four buttermilk crispy chicken strips made with all-natural chicken breast & 3 buttermilk pancakes. Served with choice of sauce.,8.4,IHOP,"Chicken, Milk Shakes, American, Burgers, Sandwiches, Pancakes, Breakfast",29.729884,-95.416786
"Houston, TX",Quick 2-Egg Breakfast,"2 eggs*, hash browns, 2 bacon strips or 2 pork sausage links & toast. ",7.2,IHOP,"Chicken, Milk Shakes, American, Burgers, Sandwiches, Pancakes, Breakfast",29.729884,-95.416786
"Houston, TX",Brisket Stuffed Sweet Potato,"(Not available at Breakfast/Brunch)baked sweet potato stuffed with smoked & chopped texas brisket, green onions, white cheddar, house bbq sauce & cabbage slaw",17.39,Dish Society,Farm-to-Table Modern American,29.7904676,-95.3981711
"Houston, TX",Farmers Plate,(Not available at Breakfast/Brunch)Pick a Protein and 2 Sides ,16.89,Dish Society,Farm-to-Table Modern American,29.7904676,-95.3981711
"Houston, TX",Texas Pecan Pesto Pasta,"(Not available at Breakfast/Brunch)linguini, house tx pecan basil pesto, creme fraiche, spinach, grape tomatoes & parmesan ",13.49,Dish Society,Farm-to-Table Modern American,29.7904676,-95.3981711
"Houston, TX",The Classic Steakburger,"American, lettuce, tomato, red onion, pickles & IHOP® Sauce. ",8.4,IHOP,"Chicken, Milk Shakes, American, Burgers, Sandwiches, Pancakes, Breakfast",29.729884,-95.416786
"Houston, TX",Citrus Glazed Salmon,"(Not available at Breakfast/Brunch)pan seared citrus glazed salmon* with organic quinoa, caramelized onion, roasted carrots, tomato, orange, & mint [avocado +2]",21.09,Dish Society,Farm-to-Table Modern American,29.7904676,-95.3981711
"Houston, TX",Ancho Chicken Bowl,"(Not available at Breakfast/Brunch)grilled cage free chicken with ancho chili sauce over cilantro lime rice & black beans topped with house roasted corn pico, cotija, & crispy tortilla strips",16.29,Dish Society,Farm-to-Table Modern American,29.7904676,-95.3981711
"Houston, TX",Pretzels and Queso,[new snack size] smoked gouda queso with warm pretzel bread,5.69,Dish Society,Farm-to-Table Modern American,29.7904676,-95.3981711
"Houston, TX",Chicken Lettuce Cups,"(Not available at Breakfast/Brunch)[new snack size] cabbage, mushrooms, carrot, green onion, water chestnuts, sesame seeds, miso-peanut sauce, crushed peanuts, serrano, crispy rice sticks",7.89,Dish Society,Farm-to-Table Modern American,29.7904676,-95.3981711
"Houston, TX",Fried Smoked Gouda Grit Balls,(Not available at Breakfast/Brunch)[new snack portion]with jalapeño jelly,5.69,Dish Society,Farm-to-Table Modern American,29.7904676,-95.3981711
"Houston, TX",Hummus & Pita,"[new snack size] chickpea hummus, marinated tomato, cucumber, kalamata and black olives, olive oil, basil, mint, & sumac with warm pita bread",10.09,Dish Society,Farm-to-Table Modern American,29.7904676,-95.3981711
"Houston, TX",Burger,"Ground beef patty with American cheese, sliced tomato, house made pickles, shaved red onion, lettuce & garlic aioli on a brioche bun with crispy fries.",16.59,Dish Society,Farm-to-Table Modern American,29.7904676,-95.3981711
"Houston, TX",Strawberry Watermelon Salad,"[new] goat cheese, arugula, cucumber, shaved red onion, mint,lime vinaigrette, & tajin",14.59,Dish Society,Farm-to-Table Modern American,29.7904676,-95.3981711
"Houston, TX",Crispy Chicken Strips,3 buttermilk crispy chicken strips – choose Original or tossed in either Frank’s RedHot® Buffalo sauce or tangy BBQ sauce. Served with choice of dipping sauce.,4.8,IHOP,"Chicken, Milk Shakes, American, Burgers, Sandwiches, Pancakes, Breakfast",29.729884,-95.416786
"Houston, TX",Ham & Cheese Omelette,"Ham, Jack & Cheddar & white cheese sauce. Served with 3 Buttermilk Pancakes.",8.4,IHOP,"Chicken, Milk Shakes, American, Burgers, Sandwiches, Pancakes, Breakfast",29.729884,-95.416786
"Houston, TX",Buttermilk Crispy Chicken Sandwich,"Buttermilk crispy chicken breast, American, lettuce, tomato, red onion, pickles & IHOP® Sauce. ",8.4,IHOP,"Chicken, Milk Shakes, American, Burgers, Sandwiches, Pancakes, Breakfast",29.729884,-95.416786
"Houston, TX",Truffle Mac and Cheese,(Not available at Breakfast/Brunch),7.89,Dish Society,Farm-to-Table Modern American,29.7904676,-95.3981711
"Houston, TX",Balsamic Bacon Brussels Sprouts,(Not available at Breakfast/Brunch),7.89,Dish Society,Farm-to-Table Modern American,29.7904676,-95.3981711
"Houston, TX",Chicken Tortilla Bowl,(Not available at Breakfast/Brunch),7.89,Dish Society,Farm-to-Table Modern American,29.7904676,-95.3981711
"Houston, TX",Chicken Tortilla Cup,(Not available at Breakfast/Brunch),4.49,Dish Society,Farm-to-Table Modern American,29.7904676,-95.3981711
"Houston, TX",Mashed Sweet Potatoes,(Not available at Breakfast/Brunch),4.79,Dish Society,Farm-to-Table Modern American,29.7904676,-95.3981711
"Houston, TX",Seasonal Vegetables,(Not available at Breakfast/Brunch),6.79,Dish Society,Farm-to-Table Modern American,29.7904676,-95.3981711
"Houston, TX",Mozza Sticks,6 Mozzarella cheese sticks served with marinara.,4.8,IHOP,"Chicken, Milk Shakes, American, Burgers, Sandwiches, Pancakes, Breakfast",29.729884,-95.416786
"Houston, TX",Sauteed Greens,(Not available at Breakfast/Brunch),4.79,Dish Society,Farm-to-Table Modern American,29.7904676,-95.3981711
"Houston, TX",French Fries & Onion Rings Sampler,French Fries and Onion Rings served with IHOP® Sauce,4.8,IHOP,"Chicken, Milk Shakes, American, Burgers, Sandwiches, Pancakes, Breakfast",29.729884,-95.416786
"Houston, TX",Small Stawberry Watermelon  Salad,"watermelon, cucumber, pomegranate, arugula, & honey mascarpone with lime vinaigrette, blood orange balsamic glaze, & everything bagel seasoning",8.99,Dish Society,Farm-to-Table Modern American,29.7904676,-95.3981711
"Houston, TX",BLT Sandwich,"Hickory-smoked bacon, lettuce, tomato & mayo on toasted white bread.",7.2,IHOP,"Chicken, Milk Shakes, American, Burgers, Sandwiches, Pancakes, Breakfast",29.729884,-95.416786
"Houston, TX",Tomato Basil Bisque Cup,(Not available at Breakfast/Brunch),4.49,Dish Society,Farm-to-Table Modern American,29.7904676,-95.3981711
"Houston, TX",Tomato Basil Bisque Bowl,(Not available at Breakfast/Brunch),7.89,Dish Society,Farm-to-Table Modern American,29.7904676,-95.3981711
"Houston, TX",Quesadillas,,7.89,Dish Society,Farm-to-Table Modern American,29.7904676,-95.3981711
"Houston, TX",Popcorn Shrimp,,7.89,Dish Society,Farm-to-Table Modern American,29.7904676,-95.3981711
"Houston, TX",Buttered Noodles,,7.89,Dish Society,Farm-to-Table Modern American,29.7904676,-95.3981711
"Houston, TX",Grilled Chicken Strips with Veggies & Queso,,7.89,Dish Society,Farm-to-Table Modern American,29.7904676,-95.3981711
"Houston, TX",White Chocolate Pretzel Bread Pudding,"pretzel bread, white chocolate, poached apple, cinnamon cream anglaise & shaved almonds",7.89,Dish Society,Farm-to-Table Modern American,29.7904676,-95.3981711
"Houston, TX",Brisket Stuffed Sweet Potato,"[each] baked sweet potato stuffed with smoked & pulled texas brisket, green onions, white cheddar, house bbq sauce, & cabbage slaw",17.39,Dish Society,Farm-to-Table Modern American,29.7904676,-95.3981711
"Houston, TX",Seasonal Bisque Cup,[each],4.49,Dish Society,Farm-to-Table Modern American,29.7904676,-95.3981711
"Houston, TX",Texas Pecan Pesto Pasta Tray,"[serves 7-10] Linguini, house tx pecan basil pesto, creme fraiche, spinach, grape tomatoes & parmesan",85.19,Dish Society,Farm-to-Table Modern American,29.7904676,-95.3981711
"Houston, TX",North Atlantic Salmon Tray,[serves 7],87.39,Dish Society,Farm-to-Table Modern American,29.7904676,-95.3981711
"Houston, TX",Truffle Mac & Cheese ,[serves 7],51.59,Dish Society,Farm-to-Table Modern American,29.7904676,-95.3981711
"Houston, TX",Mashed Sweet Potatoes,[serves 7],31.39,Dish Society,Farm-to-Table Modern American,29.7904676,-95.3981711
"Houston, TX",Balsamic Bacon Brussels Sprouts,[serves 7],51.59,Dish Society,Farm-to-Table Modern American,29.7904676,-95.3981711
"Houston, TX",Roasted Seasonal Vegetables,[serves 7],44.89,Dish Society,Farm-to-Table Modern American,29.7904676,-95.3981711
"Houston, TX",Sauteed Greens,[serves 7],31.39,Dish Society,Farm-to-Table Modern American,29.7904676,-95.3981711
"Houston, TX",BBQ Brisket Sliders Tray,"smoked & pulled tx brisket with house bbq sauce, pickled red onions, & cabbage slaw on pretzel buns [48 hr notice required]dozen",72.89,Dish Society,Farm-to-Table Modern American,29.7904676,-95.3981711
"Houston, TX",Fried Smoked Gouda Grits Balls Tray,[dozen] with jalapeño jelly,14.59,Dish Society,Farm-to-Table Modern American,29.7904676,-95.3981711
"Houston, TX",Quesadilla Tray,[serves 7] Choose: chicken • steak • cheese,36.99,Dish Society,Farm-to-Table Modern American,29.7904676,-95.3981711
"Houston, TX",Chocolate Chip Cookies,[dozen],28.09,Dish Society,Farm-to-Table Modern American,29.7904676,-95.3981711
"Houston, TX",Chicken Tortilla Cup,[each],4.49,Dish Society,Farm-to-Table Modern American,29.7904676,-95.3981711
"Houston, TX",Fresh Brewed Coffee Box,,17.99,Dish Society,Farm-to-Table Modern American,29.7904676,-95.3981711
"Houston, TX",Apple Pecan Salad,"organic spring mix, spinach, romaine hearts, red wine poached apples, tx goat cheese, candied pecans, & basil with mustard seed vinaigrette",14.59,Dish Society,Farm-to-Table Modern American,29.7904676,-95.3981711
"Houston, TX",Small Apple Pecan Salad,"organic spring mix, spinach, romaine hearts, red wine poached apples, tx goat cheese, candied pecans, & basil with mustard seed vinaigrette",8.99,Dish Society,Farm-to-Table Modern American,29.7904676,-95.3981711
"Houston, TX",Beignets,,7.89,Dish Society,Farm-to-Table Modern American,29.7904676,-95.3981711
"Houston, TX",Virgin Mojito,mint • lime • club soda • cane sugar,7.89,Dish Society,Farm-to-Table Modern American,29.7904676,-95.3981711
"Houston, TX",Cabernet - Sand Point,,22.49,Dish Society,Farm-to-Table Modern American,29.7904676,-95.3981711
"Houston, TX",Chardonnay - Cambria,,41.49,Dish Society,Farm-to-Table Modern American,29.7904676,-95.3981711
"Houston, TX",Petite Syrah - The Crusher,,30.29,Dish Society,Farm-to-Table Modern American,29.7904676,-95.3981711
"Houston, TX",Rose | Famille Perrin ,,26.89,Dish Society,Farm-to-Table Modern American,29.7904676,-95.3981711
"Houston, TX",Cabernet - B Side,,40.39,Dish Society,Farm-to-Table Modern American,29.7904676,-95.3981711
"Houston, TX",Mimosa Carafe,,19.09,Dish Society,Farm-to-Table Modern American,29.7904676,-95.3981711
"Houston, TX",Bloody Mary Carafe,,26.89,Dish Society,Farm-to-Table Modern American,29.7904676,-95.3981711
"Houston, TX",Bloody Mary,tito’s vodka • house bloody mary mix,12.39,Dish Society,Farm-to-Table Modern American,29.7904676,-95.3981711
"Houston, TX",Bittersweet Ginphony,aviation gin • lemon • cane sugar • bitters • mint,11.29,Dish Society,Farm-to-Table Modern American,29.7904676,-95.3981711
"Houston, TX",Pacific Empress,"empress gin, cucumber, lavender, lime, lemon",12.39,Dish Society,Farm-to-Table Modern American,29.7904676,-95.3981711
"Houston, TX",Citrus Ranch Water,playa real silver • topo • lime • grapefruit,12.39,Dish Society,Farm-to-Table Modern American,29.7904676,-95.3981711
"Houston, TX",Bro-mosa,karbach blood orange Radler • oj • lemon juice,6.79,Dish Society,Farm-to-Table Modern American,29.7904676,-95.3981711
"Houston, TX",Black & Bluesy Burger,"Topped with smoked black pepper aioli, caramelized onions, swiss, blu cheeze crumbles, crispy onion straws, ranch, and buffalo sauce.",22.0,Mo' Better Brews,"Vegan, Wine, Beer, Waffles, Pancakes, Sandwiches, Pizza",29.7275659,-95.385387
"Houston, TX",Blackened Chik'n Alfredo Pasta,,18.0,Mo' Better Brews,"Vegan, Wine, Beer, Waffles, Pancakes, Sandwiches, Pizza",29.7275659,-95.385387
"Houston, TX",Herb Crusted Chik'n Pesto Fettuccini,,16.0,Mo' Better Brews,"Vegan, Wine, Beer, Waffles, Pancakes, Sandwiches, Pizza",29.7275659,-95.385387
"Houston, TX",Truffle Butter Burger,"Topped with truffle butter cream, and gold flakes.",25.0,Mo' Better Brews,"Vegan, Wine, Beer, Waffles, Pancakes, Sandwiches, Pizza",29.7275659,-95.385387
"Houston, TX",Creamy Pesto Fettuccini,,14.0,Mo' Better Brews,"Vegan, Wine, Beer, Waffles, Pancakes, Sandwiches, Pizza",29.7275659,-95.385387
"Houston, TX",Bowl of Lump Crab Gumbo,,20.0,Mo' Better Brews,"Vegan, Wine, Beer, Waffles, Pancakes, Sandwiches, Pizza",29.7275659,-95.385387
"Houston, TX",Plain Waffle,,11.0,Mo' Better Brews,"Vegan, Wine, Beer, Waffles, Pancakes, Sandwiches, Pizza",29.7275659,-95.385387
"Houston, TX",Cup of Lump Crab Gumbo,,12.0,Mo' Better Brews,"Vegan, Wine, Beer, Waffles, Pancakes, Sandwiches, Pizza",29.7275659,-95.385387
"Houston, TX",Bowl of Gumbo,,16.0,Mo' Better Brews,"Vegan, Wine, Beer, Waffles, Pancakes, Sandwiches, Pizza",29.7275659,-95.385387
"Houston, TX",Viet-Nacho,"Wonton chips topped with cheeze, hoisin sauce, Sriracha, cilantro and crushed peanuts.",20.0,Mo' Better Brews,"Vegan, Wine, Beer, Waffles, Pancakes, Sandwiches, Pizza",29.7275659,-95.385387
"Houston, TX",Kids Cheezeburger,,8.0,Mo' Better Brews,"Vegan, Wine, Beer, Waffles, Pancakes, Sandwiches, Pizza",29.7275659,-95.385387
"Houston, TX",Grilled Cheeze Sandwich,,8.0,Mo' Better Brews,"Vegan, Wine, Beer, Waffles, Pancakes, Sandwiches, Pizza",29.7275659,-95.385387
"Houston, TX",Kids Pasta,,8.0,Mo' Better Brews,"Vegan, Wine, Beer, Waffles, Pancakes, Sandwiches, Pizza",29.7275659,-95.385387
"Houston, TX",Kids Cheeze Pizza,,8.0,Mo' Better Brews,"Vegan, Wine, Beer, Waffles, Pancakes, Sandwiches, Pizza",29.7275659,-95.385387
"Houston, TX",Spinach Artichoke Dip,,11.0,Mo' Better Brews,"Vegan, Wine, Beer, Waffles, Pancakes, Sandwiches, Pizza",29.7275659,-95.385387
"Houston, TX",Naked Fried Brussels,Fresh and crispy tossed in a fig demi glace sauce. (gf/sf),9.0,Mo' Better Brews,"Vegan, Wine, Beer, Waffles, Pancakes, Sandwiches, Pizza",29.7275659,-95.385387
"Houston, TX",Buffalo Chik'n Dip,"Shredded chik'n, cream cheeze & buffalo sauce (gf)",11.0,Mo' Better Brews,"Vegan, Wine, Beer, Waffles, Pancakes, Sandwiches, Pizza",29.7275659,-95.385387
"Houston, TX",Smokey Rob Flatbread,"pesto sauce, smoked oyster shrooms & truffle oil (sf)",17.0,Mo' Better Brews,"Vegan, Wine, Beer, Waffles, Pancakes, Sandwiches, Pizza",29.7275659,-95.385387
"Houston, TX",Truffle Fries,(gf/sf),13.0,Mo' Better Brews,"Vegan, Wine, Beer, Waffles, Pancakes, Sandwiches, Pizza",29.7275659,-95.385387
"Houston, TX",The Boss Flatbread,"white sauce, cauliflower tossed in buffalo sauce, drizzled with ranch",15.0,Mo' Better Brews,"Vegan, Wine, Beer, Waffles, Pancakes, Sandwiches, Pizza",29.7275659,-95.385387
"Houston, TX",Fela Feta Flatbread,"caramelized onion, fig demi glace & feta cheeze (sf)",16.0,Mo' Better Brews,"Vegan, Wine, Beer, Waffles, Pancakes, Sandwiches, Pizza",29.7275659,-95.385387
"Houston, TX",Cauli Wings,"Fresh Cauli Wings lightly breaded , fried and tossed in one of our homemade signature Houston Sauce Co. sauces!!!!",10.0,Mo' Better Brews,"Vegan, Wine, Beer, Waffles, Pancakes, Sandwiches, Pizza",29.7275659,-95.385387
"Houston, TX",Boudain Balls,"Crispy outside, seasoned boudain rice filling topped with a Mo' Better drizzle of our homemade Trill sauce. Great for sharing with your friends!",12.0,Mo' Better Brews,"Vegan, Wine, Beer, Waffles, Pancakes, Sandwiches, Pizza",29.7275659,-95.385387
"Houston, TX",Crunchy Boudain Sushi Roll,Crunchy Boudain Sushi Roll Drizzled with Unagi & our famous Trill Sauce. Perfect for sharing or for a meal!,15.0,Mo' Better Brews,"Vegan, Wine, Beer, Waffles, Pancakes, Sandwiches, Pizza",29.7275659,-95.385387
"Houston, TX",Fela Feta Flatbread,"caramelized onion, fig demi glace & feta cheeze (sf)",16.0,Mo' Better Brews,"Vegan, Wine, Beer, Waffles, Pancakes, Sandwiches, Pizza",29.7275659,-95.385387
"Houston, TX",Regular Fries,,6.0,Mo' Better Brews,"Vegan, Wine, Beer, Waffles, Pancakes, Sandwiches, Pizza",29.7275659,-95.385387
"Houston, TX",Naked Fried Brussels,Fresh and crispy tossed in a fig demi glace sauce. (gf/sf),9.0,Mo' Better Brews,"Vegan, Wine, Beer, Waffles, Pancakes, Sandwiches, Pizza",29.7275659,-95.385387
"Houston, TX",Truffle Fries,(gf/sf),13.0,Mo' Better Brews,"Vegan, Wine, Beer, Waffles, Pancakes, Sandwiches, Pizza",29.7275659,-95.385387
"Houston, TX",Smokey Rob Flatbread,"pesto sauce, smoked oyster shrooms & truffle oil (sf)",17.0,Mo' Better Brews,"Vegan, Wine, Beer, Waffles, Pancakes, Sandwiches, Pizza",29.7275659,-95.385387
"Houston, TX",The Boss Flatbread,"white sauce, cauliflower tossed in buffalo sauce, drizzled with ranch",15.0,Mo' Better Brews,"Vegan, Wine, Beer, Waffles, Pancakes, Sandwiches, Pizza",29.7275659,-95.385387
"Houston, TX",Regular Fries,,6.0,Mo' Better Brews,"Vegan, Wine, Beer, Waffles, Pancakes, Sandwiches, Pizza",29.7275659,-95.385387
"Houston, TX",Boudain Rice,,6.0,Mo' Better Brews,"Vegan, Wine, Beer, Waffles, Pancakes, Sandwiches, Pizza",29.7275659,-95.385387
"Houston, TX",Side of Swamp Sauce,,3.0,Mo' Better Brews,"Vegan, Wine, Beer, Waffles, Pancakes, Sandwiches, Pizza",29.7275659,-95.385387
"Houston, TX",Side of Pecan Sauce,,3.0,Mo' Better Brews,"Vegan, Wine, Beer, Waffles, Pancakes, Sandwiches, Pizza",29.7275659,-95.385387
"Houston, TX",Side Of Grits,,3.0,Mo' Better Brews,"Vegan, Wine, Beer, Waffles, Pancakes, Sandwiches, Pizza",29.7275659,-95.385387
"Houston, TX",Side of Ranch,,0.5,Mo' Better Brews,"Vegan, Wine, Beer, Waffles, Pancakes, Sandwiches, Pizza",29.7275659,-95.385387
"Houston, TX",Side Of Trill Sauce,,0.5,Mo' Better Brews,"Vegan, Wine, Beer, Waffles, Pancakes, Sandwiches, Pizza",29.7275659,-95.385387
"Houston, TX",Side Of Hot Honey Sauce,,0.5,Mo' Better Brews,"Vegan, Wine, Beer, Waffles, Pancakes, Sandwiches, Pizza",29.7275659,-95.385387
"Houston, TX",Wedge Fries,,7.0,Mo' Better Brews,"Vegan, Wine, Beer, Waffles, Pancakes, Sandwiches, Pizza",29.7275659,-95.385387
"Houston, TX",Side Of Tortilla Chips,,3.0,Mo' Better Brews,"Vegan, Wine, Beer, Waffles, Pancakes, Sandwiches, Pizza",29.7275659,-95.385387
"Houston, TX",Side of Avocado,,3.0,Mo' Better Brews,"Vegan, Wine, Beer, Waffles, Pancakes, Sandwiches, Pizza",29.7275659,-95.385387
"Houston, TX",Side of Herb Crusted Chikn,,7.0,Mo' Better Brews,"Vegan, Wine, Beer, Waffles, Pancakes, Sandwiches, Pizza",29.7275659,-95.385387
"Houston, TX",Side of Creamy Pesto,,4.0,Mo' Better Brews,"Vegan, Wine, Beer, Waffles, Pancakes, Sandwiches, Pizza",29.7275659,-95.385387
"Houston, TX",Side of Hoisin Sauce,,0.5,Mo' Better Brews,"Vegan, Wine, Beer, Waffles, Pancakes, Sandwiches, Pizza",29.7275659,-95.385387
"Houston, TX",Breakfast Quesadilla,"This Quesadilla is a gem! Filled with our delicious truffle hash, vegan eggs, vegan cheese & perfectly sauteed spinach. Topped with a drizzle of vegan sour cream & our famous Trill Sauce along with a sprinkle of fresh green onions.",13.0,Mo' Better Brews,"Vegan, Wine, Beer, Waffles, Pancakes, Sandwiches, Pizza",29.7275659,-95.385387
"Houston, TX",Mo' Better Breakfast Combo,"Our take on everything from the kitchen. Fill up on grits, truffle hash or tofu scramble, breakfast sausage, & sourdough toast.",16.0,Mo' Better Brews,"Vegan, Wine, Beer, Waffles, Pancakes, Sandwiches, Pizza",29.7275659,-95.385387
"Houston, TX",'Shrooms & Grits Flight,"Perfect for when you can't decide and great for sharing! Get creamy grits with 'Shrooms drizzled with Trill, Hot Honey and Swamp Sauce.",18.0,Mo' Better Brews,"Vegan, Wine, Beer, Waffles, Pancakes, Sandwiches, Pizza",29.7275659,-95.385387
"Houston, TX",Hot Honey 'Shrooms & Grits,"Crispy and perfectly seasoned Oyster Mushrooms, drizzled with Hot Honey Sauce (spiced agave) over a bed of smooth cooked-just-right grits.",17.0,Mo' Better Brews,"Vegan, Wine, Beer, Waffles, Pancakes, Sandwiches, Pizza",29.7275659,-95.385387
"Houston, TX",Chik'n Fried 'Shrooms & Grits,Crispy and perfectly seasoned Oyster Mushrooms over a bed of smooth cooked-just-right grits.,16.0,Mo' Better Brews,"Vegan, Wine, Beer, Waffles, Pancakes, Sandwiches, Pizza",29.7275659,-95.385387
"Houston, TX",Johnny Nash Sweet Potato Hash,"Get your fill with kale, quinoa, black beans and a cilantro lemon vinaigrette. (gf/sf)",13.0,Mo' Better Brews,"Vegan, Wine, Beer, Waffles, Pancakes, Sandwiches, Pizza",29.7275659,-95.385387
"Houston, TX",Pancake Flight,,18.0,Mo' Better Brews,"Vegan, Wine, Beer, Waffles, Pancakes, Sandwiches, Pizza",29.7275659,-95.385387
"Houston, TX",Hot Honey 'Shrooms & Waffles,,21.0,Mo' Better Brews,"Vegan, Wine, Beer, Waffles, Pancakes, Sandwiches, Pizza",29.7275659,-95.385387
"Houston, TX",Plain Waffle,,11.0,Mo' Better Brews,"Vegan, Wine, Beer, Waffles, Pancakes, Sandwiches, Pizza",29.7275659,-95.385387
"Houston, TX",Shrooms & Waffles,,21.0,Mo' Better Brews,"Vegan, Wine, Beer, Waffles, Pancakes, Sandwiches, Pizza",29.7275659,-95.385387
"Houston, TX",Coltrane Croissant Sandwich,"Breakfast sausage, eggs, tomato, sautéed spinach, cheddar cheeze on a croissant (can be made sf)**Currently served on Ciabatta bread, due to a shortage.",15.0,Mo' Better Brews,"Vegan, Wine, Beer, Waffles, Pancakes, Sandwiches, Pizza",29.7275659,-95.385387
"Houston, TX",Motown Monte,,17.0,Mo' Better Brews,"Vegan, Wine, Beer, Waffles, Pancakes, Sandwiches, Pizza",29.7275659,-95.385387
"Houston, TX",The Boss Flatbread,"white sauce, cauliflower tossed in buffalo sauce, drizzled with ranch",15.0,Mo' Better Brews,"Vegan, Wine, Beer, Waffles, Pancakes, Sandwiches, Pizza",29.7275659,-95.385387
"Houston, TX",Fela Feta Flatbread,"caramelized onion, fig demi glace & feta cheeze (sf)",16.0,Mo' Better Brews,"Vegan, Wine, Beer, Waffles, Pancakes, Sandwiches, Pizza",29.7275659,-95.385387
"Houston, TX",Smokey Rob Flatbread,"pesto sauce, smoked oyster shrooms & truffle oil (sf)",17.0,Mo' Better Brews,"Vegan, Wine, Beer, Waffles, Pancakes, Sandwiches, Pizza",29.7275659,-95.385387
"Houston, TX",Single Taco,,4.0,Mo' Better Brews,"Vegan, Wine, Beer, Waffles, Pancakes, Sandwiches, Pizza",29.7275659,-95.385387
"Houston, TX",Cauli Wings,"Fresh Cauli Wings lightly breaded , fried and tossed in one of our homemade signature Houston Sauce Co. sauces!!!!",10.0,Mo' Better Brews,"Vegan, Wine, Beer, Waffles, Pancakes, Sandwiches, Pizza",29.7275659,-95.385387
"Houston, TX",Naked Fried Brussels,Fresh and crispy tossed in a fig demi glace sauce. (gf/sf),9.0,Mo' Better Brews,"Vegan, Wine, Beer, Waffles, Pancakes, Sandwiches, Pizza",29.7275659,-95.385387
"Houston, TX",Buffalo Chik'n Dip,"Shredded chik'n, cream cheeze & buffalo sauce (gf)",11.0,Mo' Better Brews,"Vegan, Wine, Beer, Waffles, Pancakes, Sandwiches, Pizza",29.7275659,-95.385387
"Houston, TX",Crunchy Boudain Sushi Roll,Crunchy Boudain Sushi Roll Drizzled with Unagi & our famous Trill Sauce. Perfect for sharing or for a meal!,15.0,Mo' Better Brews,"Vegan, Wine, Beer, Waffles, Pancakes, Sandwiches, Pizza",29.7275659,-95.385387
"Houston, TX",Boudain Balls,"Crispy outside, seasoned boudain rice filling topped with a Mo' Better drizzle of our homemade Trill sauce. Great for sharing with your friends!",12.0,Mo' Better Brews,"Vegan, Wine, Beer, Waffles, Pancakes, Sandwiches, Pizza",29.7275659,-95.385387
"Houston, TX",Spinach Artichoke Dip,,11.0,Mo' Better Brews,"Vegan, Wine, Beer, Waffles, Pancakes, Sandwiches, Pizza",29.7275659,-95.385387
"Houston, TX",Truffle Fries,(gf/sf),13.0,Mo' Better Brews,"Vegan, Wine, Beer, Waffles, Pancakes, Sandwiches, Pizza",29.7275659,-95.385387
"Houston, TX",Almond Butter Croissant,"Dusted with powdered sugar, drizzled with chocolate (sf)",9.0,Mo' Better Brews,"Vegan, Wine, Beer, Waffles, Pancakes, Sandwiches, Pizza",29.7275659,-95.385387
"Houston, TX",Mo' Better Berry Smoothie,(gf/sf),8.0,Mo' Better Brews,"Vegan, Wine, Beer, Waffles, Pancakes, Sandwiches, Pizza",29.7275659,-95.385387
"Houston, TX",Acai Bowl,"acai, banana, blueberry & almond milk (gf/sf)",11.0,Mo' Better Brews,"Vegan, Wine, Beer, Waffles, Pancakes, Sandwiches, Pizza",29.7275659,-95.385387
"Houston, TX",Bootsy Bagels & Lox,"Carrot lox, herb cream cheeze, capers, everything bagel (sf)",13.0,Mo' Better Brews,"Vegan, Wine, Beer, Waffles, Pancakes, Sandwiches, Pizza",29.7275659,-95.385387
"Houston, TX",Kale Salad,,12.0,Mo' Better Brews,"Vegan, Wine, Beer, Waffles, Pancakes, Sandwiches, Pizza",29.7275659,-95.385387
"Houston, TX",Breakfast Sausage (2),(gf/sf),3.0,Mo' Better Brews,"Vegan, Wine, Beer, Waffles, Pancakes, Sandwiches, Pizza",29.7275659,-95.385387
"Houston, TX",Grits,(gf),6.0,Mo' Better Brews,"Vegan, Wine, Beer, Waffles, Pancakes, Sandwiches, Pizza",29.7275659,-95.385387
"Houston, TX",Truffle Hash,(gf/sf),6.0,Mo' Better Brews,"Vegan, Wine, Beer, Waffles, Pancakes, Sandwiches, Pizza",29.7275659,-95.385387
"Houston, TX",Side Of Chik'n Fried Shrooms,,8.0,Mo' Better Brews,"Vegan, Wine, Beer, Waffles, Pancakes, Sandwiches, Pizza",29.7275659,-95.385387
"Houston, TX",Scrambled Eggs,(gf/sf),6.0,Mo' Better Brews,"Vegan, Wine, Beer, Waffles, Pancakes, Sandwiches, Pizza",29.7275659,-95.385387
"Houston, TX",Side Of Trill Sauce,,0.5,Mo' Better Brews,"Vegan, Wine, Beer, Waffles, Pancakes, Sandwiches, Pizza",29.7275659,-95.385387
"Houston, TX",Sauteed Spinach,,2.0,Mo' Better Brews,"Vegan, Wine, Beer, Waffles, Pancakes, Sandwiches, Pizza",29.7275659,-95.385387
"Houston, TX",Side Of Hot Honey Sauce,,0.5,Mo' Better Brews,"Vegan, Wine, Beer, Waffles, Pancakes, Sandwiches, Pizza",29.7275659,-95.385387
"Houston, TX",Boudain Rice,,6.0,Mo' Better Brews,"Vegan, Wine, Beer, Waffles, Pancakes, Sandwiches, Pizza",29.7275659,-95.385387
"Houston, TX",Toast,(sf),2.0,Mo' Better Brews,"Vegan, Wine, Beer, Waffles, Pancakes, Sandwiches, Pizza",29.7275659,-95.385387
"Houston, TX",Regular Fries,,6.0,Mo' Better Brews,"Vegan, Wine, Beer, Waffles, Pancakes, Sandwiches, Pizza",29.7275659,-95.385387
"Houston, TX",Side of Sweet Potatoes,,2.0,Mo' Better Brews,"Vegan, Wine, Beer, Waffles, Pancakes, Sandwiches, Pizza",29.7275659,-95.385387
"Houston, TX",Side of Kale,,2.0,Mo' Better Brews,"Vegan, Wine, Beer, Waffles, Pancakes, Sandwiches, Pizza",29.7275659,-95.385387
"Houston, TX",Fruit Bowl,(gf/sf),5.0,Mo' Better Brews,"Vegan, Wine, Beer, Waffles, Pancakes, Sandwiches, Pizza",29.7275659,-95.385387
"Houston, TX",Tofu Scramble,(gf),5.0,Mo' Better Brews,"Vegan, Wine, Beer, Waffles, Pancakes, Sandwiches, Pizza",29.7275659,-95.385387
"Houston, TX",Side Of Avocado,,3.0,Mo' Better Brews,"Vegan, Wine, Beer, Waffles, Pancakes, Sandwiches, Pizza",29.7275659,-95.385387
"Houston, TX",Side of Pecan Sauce,,3.0,Mo' Better Brews,"Vegan, Wine, Beer, Waffles, Pancakes, Sandwiches, Pizza",29.7275659,-95.385387
"Houston, TX",Side Of Strawberry Cheesecake Sauce,,3.0,Mo' Better Brews,"Vegan, Wine, Beer, Waffles, Pancakes, Sandwiches, Pizza",29.7275659,-95.385387
"Houston, TX",Side Of Tortilla Chips,,3.0,Mo' Better Brews,"Vegan, Wine, Beer, Waffles, Pancakes, Sandwiches, Pizza",29.7275659,-95.385387
"Houston, TX",Side of Black Beans,,2.0,Mo' Better Brews,"Vegan, Wine, Beer, Waffles, Pancakes, Sandwiches, Pizza",29.7275659,-95.385387
"Houston, TX",Side of Quinoa,,2.0,Mo' Better Brews,"Vegan, Wine, Beer, Waffles, Pancakes, Sandwiches, Pizza",29.7275659,-95.385387
"Houston, TX",Side of Avocado,,3.0,Mo' Better Brews,"Vegan, Wine, Beer, Waffles, Pancakes, Sandwiches, Pizza",29.7275659,-95.385387
"Houston, TX",KIDS Chikn' Fried 'Shrooms,with fries or fresh fruit (sf),8.0,Mo' Better Brews,"Vegan, Wine, Beer, Waffles, Pancakes, Sandwiches, Pizza",29.7275659,-95.385387
"Houston, TX",Cheese Pizza,(sf),8.0,Mo' Better Brews,"Vegan, Wine, Beer, Waffles, Pancakes, Sandwiches, Pizza",29.7275659,-95.385387
"Houston, TX",Mo' Better Berry Smoothie,(gf/sf),8.0,Mo' Better Brews,"Vegan, Wine, Beer, Waffles, Pancakes, Sandwiches, Pizza",29.7275659,-95.385387
"Houston, TX",Acai Bowl,"acai, banana, blueberry & almond milk (gf/sf)",11.0,Mo' Better Brews,"Vegan, Wine, Beer, Waffles, Pancakes, Sandwiches, Pizza",29.7275659,-95.385387
"Houston, TX",Shrooms & Pancakes,Crispy fried Oyster Mushrooms over fluffy pancakes.,21.0,Mo' Better Brews,"Vegan, Wine, Beer, Waffles, Pancakes, Sandwiches, Pizza",29.7275659,-95.385387
"Houston, TX",Pancake Flight,,18.0,Mo' Better Brews,"Vegan, Wine, Beer, Waffles, Pancakes, Sandwiches, Pizza",29.7275659,-95.385387
"Houston, TX",Plain Pancakes,,11.0,Mo' Better Brews,"Vegan, Wine, Beer, Waffles, Pancakes, Sandwiches, Pizza",29.7275659,-95.385387
"Houston, TX",Strawberry Cheezecake Pancakes,,16.0,Mo' Better Brews,"Vegan, Wine, Beer, Waffles, Pancakes, Sandwiches, Pizza",29.7275659,-95.385387
"Houston, TX",Peach Cobbler Pancakes,,16.0,Mo' Better Brews,"Vegan, Wine, Beer, Waffles, Pancakes, Sandwiches, Pizza",29.7275659,-95.385387
"Houston, TX",Pancake (Single),,5.0,Mo' Better Brews,"Vegan, Wine, Beer, Waffles, Pancakes, Sandwiches, Pizza",29.7275659,-95.385387
"Houston, TX",Hot Honey 'Shrooms & Pancakes,,21.0,Mo' Better Brews,"Vegan, Wine, Beer, Waffles, Pancakes, Sandwiches, Pizza",29.7275659,-95.385387
"Houston, TX",Pecan Pie Pancakes,,16.0,Mo' Better Brews,"Vegan, Wine, Beer, Waffles, Pancakes, Sandwiches, Pizza",29.7275659,-95.385387
"Houston, TX",Lavender Lemonade,,3.99,Pacific Coast Tacos,"Mexican, Breakfast, Tacos, Fries, Dessert",29.7741242,-95.42601
"Houston, TX",Average Joe Bacon,"Bacon, egg, cheese.",3.39,Pacific Coast Tacos,"Mexican, Breakfast, Tacos, Fries, Dessert",29.7741242,-95.42601
"Houston, TX",Average Joe Potato,"Potato, egg, cheese.",3.39,Pacific Coast Tacos,"Mexican, Breakfast, Tacos, Fries, Dessert",29.7741242,-95.42601
"Houston, TX",Build Your Own,,1.69,Pacific Coast Tacos,"Mexican, Breakfast, Tacos, Fries, Dessert",29.7741242,-95.42601
"Houston, TX",Average Joe Sausage,"Sausage, egg, cheese.",3.39,Pacific Coast Tacos,"Mexican, Breakfast, Tacos, Fries, Dessert",29.7741242,-95.42601
"Houston, TX",El Jefe Taco,"Chorizo, bacon, sausage, egg and cheese.",4.09,Pacific Coast Tacos,"Mexican, Breakfast, Tacos, Fries, Dessert",29.7741242,-95.42601
"Houston, TX",Brody Taco,"Bacon, egg, bean, potato.",3.59,Pacific Coast Tacos,"Mexican, Breakfast, Tacos, Fries, Dessert",29.7741242,-95.42601
"Houston, TX",Chocoflan,,5.74,The Taco Stand,"Tacos, Local, Tex-Mex, Mexican, Mexican Food",29.8045625,-95.4099497
"Houston, TX",Santa Cruz Taco,"Egg, bean, potato, sautéed onion, cheese.",3.69,Pacific Coast Tacos,"Mexican, Breakfast, Tacos, Fries, Dessert",29.7741242,-95.42601
"Houston, TX",Cortez Taco,"Fajita beef, egg, bean, potato, sautéed onion.",4.39,Pacific Coast Tacos,"Mexican, Breakfast, Tacos, Fries, Dessert",29.7741242,-95.42601
"Houston, TX",Mavericks Taco,"Chorizo, egg, bean, cheese.",3.59,Pacific Coast Tacos,"Mexican, Breakfast, Tacos, Fries, Dessert",29.7741242,-95.42601
"Houston, TX",Del Rey Taco,"Potato, bean, cheese.",3.09,Pacific Coast Tacos,"Mexican, Breakfast, Tacos, Fries, Dessert",29.7741242,-95.42601
"Houston, TX",Average Joe Chorizo,"Chorizo, egg, cheese.",3.39,Pacific Coast Tacos,"Mexican, Breakfast, Tacos, Fries, Dessert",29.7741242,-95.42601
"Houston, TX",Cabo Taco,"Chorizo, potato, sautéed onion.",3.35,Pacific Coast Tacos,"Mexican, Breakfast, Tacos, Fries, Dessert",29.7741242,-95.42601
"Houston, TX",Jaco Taco,"Egg, pico, avocado.",3.59,Pacific Coast Tacos,"Mexican, Breakfast, Tacos, Fries, Dessert",29.7741242,-95.42601
"Houston, TX",Pacifica Taco,"Egg, bean, cheese.",3.39,Pacific Coast Tacos,"Mexican, Breakfast, Tacos, Fries, Dessert",29.7741242,-95.42601
"Houston, TX",Slater Taco,"Sausage, egg, pico, cheese.",3.59,Pacific Coast Tacos,"Mexican, Breakfast, Tacos, Fries, Dessert",29.7741242,-95.42601
"Houston, TX",The Average Joe - Dozen,,35.99,Pacific Coast Tacos,"Mexican, Breakfast, Tacos, Fries, Dessert",29.7741242,-95.42601
"Houston, TX",Migas,,4.01,The Taco Stand,"Tacos, Local, Tex-Mex, Mexican, Mexican Food",29.8045625,-95.4099497
"Houston, TX",Half dz flour tortillas,,3.29,The Taco Stand,"Tacos, Local, Tex-Mex, Mexican, Mexican Food",29.8045625,-95.4099497
"Houston, TX",Salsa Habanero,,0.15,The Taco Stand,"Tacos, Local, Tex-Mex, Mexican, Mexican Food",29.8045625,-95.4099497
"Houston, TX",Salsa Tomatillo,,0.15,The Taco Stand,"Tacos, Local, Tex-Mex, Mexican, Mexican Food",29.8045625,-95.4099497
"Houston, TX",Salsa Arbol,,0.15,The Taco Stand,"Tacos, Local, Tex-Mex, Mexican, Mexican Food",29.8045625,-95.4099497
"Houston, TX",Pickled onions,,0.25,The Taco Stand,"Tacos, Local, Tex-Mex, Mexican, Mexican Food",29.8045625,-95.4099497
"Houston, TX",Mexican Sprite,,4.61,The Taco Stand,"Tacos, Local, Tex-Mex, Mexican, Mexican Food",29.8045625,-95.4099497
"Houston, TX",Squirt,,4.61,The Taco Stand,"Tacos, Local, Tex-Mex, Mexican, Mexican Food",29.8045625,-95.4099497
"Houston, TX",Kids Apple Juice,,1.7,The Taco Stand,"Tacos, Local, Tex-Mex, Mexican, Mexican Food",29.8045625,-95.4099497
"Houston, TX",Concha Vanilla,,1.11,El Bolillo Bakery,"Dessert, Sweets, Bakery",29.8100072,-95.3825449
"Houston, TX",Vegan Cookies N Cream Cake,One slice of our moist made-from-scratch vegan cookies and cream cake and topped with delicious vegan vanilla buttercream frosting,8.0,Reaux of Sweets,Reaux of Sweets,29.7226889,-95.3704827
"Houston, TX",Lemon Blueberry Cake,One slice of our moist made-from-scratch lemon cake filled with homemade blueberry filling and topped with delicious lemon cream cheese frosting,7.0,Reaux of Sweets,Reaux of Sweets,29.7226889,-95.3704827
"Houston, TX",Vegan Strawberry Cake,One slice of our moist made-from-scratch vegan strawberry cake and topped with delicious vegan vanilla buttercream frosting,8.0,Reaux of Sweets,Reaux of Sweets,29.7226889,-95.3704827
"Houston, TX",Nutrient Rich Pumpkin Spice Latte,,6.38,Christo Mio,Christo Mio,29.7212829,-95.4178258
"Houston, TX",Blueberry Muffin,,5.8,Christo Mio,Christo Mio,29.7212829,-95.4178258
"Houston, TX",Paleo Chocolate Chunk,,6.96,Christo Mio,Christo Mio,29.7212829,-95.4178258
"Houston, TX",Heavenly Cacao Brownie,,7.54,Christo Mio,Christo Mio,29.7212829,-95.4178258
"Houston, TX",Garden Savory Biscuit,,5.22,Christo Mio,Christo Mio,29.7212829,-95.4178258
"Houston, TX",Bluebonnet Raspberry Pint (16oz),Our Bluebonnet Raspberry is a perfect blend of fresh raspberry flavor and a dash of tartness!,12.5,Phrostbite Italian Ice,"Ice, Dessert, Gluten-free, Grocery Items, Ice Cream, Late Night,  Kids Menu, American, Kosher",29.7226889,-95.3704827
"Houston, TX",Chocolate Freeze,"Water, dates, almonds, alkalized cocoa powder and sea salt.",7.5,Pressed,"Cold-Pressed, 100% Fruits & Vegetables, Non-GMO",29.78391,-95.39841
"Houston, TX",Snickerdoodle Freeze,"Craving a deliciously spiced snickerdoodle cookie but want a better-for-you snack? Our Supercharged Snickerdoodle Freeze pairs the flavors of the beloved sweet treat with nourishing leafy greens thanks to wholesome, plant-forward ingredients like coconut cream, spinach puree, coconut oil, almonds, cinnamon, vanilla extract, sea salt, and spirulina extract. Topped with snickerdoodle cookie crumble and a drizzle of chocolate for a decadent treat that doubles as feel-good fuel.",7.5,Pressed,"Cold-Pressed, 100% Fruits & Vegetables, Non-GMO",29.78391,-95.39841
"Houston, TX",Orange Turmeric Juice,"Orange Turmeric is a blend of orange, apple aloe vera, turmeric, lemon and black pepper. Our Orange Turmeric elevates everyday OJ with a vibrant blend of orange juice, black pepper and turmeric from Fiji.",7.25,Pressed,"Cold-Pressed, 100% Fruits & Vegetables, Non-GMO",29.78391,-95.39841
"Houston, TX",Herb Crusted Salmon with Roasted Broccoli & Feta,"This herby Mediterranean dish features salmon marinated in a lemon & olive oil sauce, then topped with a gluten-free ‘breading’ made with almonds, parsley, and oregano, all served with spiced feta-topped roasted broccoli and marinated olives on the side.",14.99,Snap Kitchen,"Breakfast, Breakfast and Lunch, Lunch, Healthy",29.7333304,-95.4194012
"Houston, TX",8oz Tres Leches,"One 8oz Jar. Vanilla cake soaked in three types of milk: whipped, evaporated, and condensed.",7.99,Heaven in a jar,Heaven in a jar,29.7226889,-95.3704827
"Houston, TX",8oz Brownie Delight,"One 8oz. Milk chocolate mousse, and brownie pieces.",7.99,Heaven in a jar,Heaven in a jar,29.7226889,-95.3704827
"Houston, TX",8oz Key Lime Pie,"One 8oz Jar. Graham Cracker crumbs, whipped cream, and Key Lime .",7.99,Heaven in a jar,Heaven in a jar,29.7226889,-95.3704827
"Houston, TX",8oz Tirimasu,"One 8oz Jar. Layers of Lady Finger Bisuits soaked in coffee, and mascaprone Cheese.",7.99,Heaven in a jar,Heaven in a jar,29.7226889,-95.3704827
"Houston, TX",8oz Oreo Cheesecake,"One 8oz Jar. Layers of Oreo cookie crumbs, milk chocolate, and cheesecake.",7.99,Heaven in a jar,Heaven in a jar,29.7226889,-95.3704827
"Houston, TX",Sweet Loren's Chocolate Chunk Edible Cookie Dough,"Creamy, smooth and scoop-able gluten-free cookie dough. Delicious taste from only clean ingredients. Spoon under lid (3.6 oz). (Gluten-free, vegan)",7.0,Zelda's Teriyaki,"Teriyaki, Chicken, Gluten-Free, Dessert",29.7226889,-95.3704827
"Houston, TX",Banana Chia Pudding,"Chia seeds soaked overnight in oat milk and sweetened with raw cane sugar. (Gluten-free, vegan)",6.0,Zelda's Teriyaki,"Teriyaki, Chicken, Gluten-Free, Dessert",29.7226889,-95.3704827
"Houston, TX","3.5\ Gingerbread Cookie""",Gourmet Seasonal Shaped Fresh Soft Gingerbread Cookie,4.0,Salt and Sugar Texas,Salt and Sugar Texas,29.7226889,-95.3704827
"Houston, TX","4\ Butterscotch Cookie""",Gourmet Butterscotch Cookie,5.25,Salt and Sugar Texas,Salt and Sugar Texas,29.7226889,-95.3704827
"Houston, TX",Chick-fil-A Waffle Potato Fries®,Waffle-cut potatoes cooked in canola oil until crispy outside and tender inside. Sprinkled with Sea Salt.,3.05,Chick-fil-A,Chicken. Sides. Desserts.,29.7550315,-95.3621224
"Houston, TX",Freshly-Brewed Iced Tea Sweetened,Freshly-brewed each day from a blend of tea leaves. Available sweetened with real cane sugar.,2.85,Chick-fil-A,Chicken. Sides. Desserts.,29.7550315,-95.3621224
"Houston, TX","Sunjoy® (1/2 Sweet Tea, 1/2 Lemonade)",A refreshing combination of our classic Chick-fil-A® Lemonade and freshly-brewed Sweetened Iced Tea. Also available with combinations of Chick-fil-A® Diet Lemonade or Unsweetened Iced Tea.,3.29,Chick-fil-A,Chicken. Sides. Desserts.,29.7550315,-95.3621224
"Houston, TX",Chick-fil-A® Diet Lemonade,"Classic lemonade using three simple ingredients: real lemon juice—not from concentrate, Splenda® No Calorie Sweetener, and water.",3.29,Chick-fil-A,Chicken. Sides. Desserts.,29.7550315,-95.3621224
"Houston, TX",Freshly-Brewed Iced Tea Unsweetened,Freshly-brewed each day from a blend of tea leaves unsweetened.,2.85,Chick-fil-A,Chicken. Sides. Desserts.,29.7550315,-95.3621224
"Houston, TX",Coca-Cola®,Fountain beverage. A product of The Coca-Cola Company.,2.85,Chick-fil-A,Chicken. Sides. Desserts.,29.7550315,-95.3621224
"Houston, TX",1/2 Sweet Tea 1/2 Unsweet Tea,,2.85,Chick-fil-A,Chicken. Sides. Desserts.,29.7550315,-95.3621224
"Houston, TX",Dr Pepper®,"Fountain beverage. Product of Keurig Dr Pepper, Inc.",2.85,Chick-fil-A,Chicken. Sides. Desserts.,29.7550315,-95.3621224
"Houston, TX","Sunjoy® (1/2 Unsweet Tea, 1/2 Lemonade)",A refreshing combination of our classic Chick-fil-A® Lemonade and freshly-brewed Unsweetened Iced Tea. Also available with combinations of Chick-fil-A® Diet Lemonade or Sweetened Iced Tea.,3.29,Chick-fil-A,Chicken. Sides. Desserts.,29.7550315,-95.3621224
"Houston, TX","Sunjoy® (1/2 Unsweet Tea, 1/2 Diet Lemonade)",A refreshing combination of our classic Chick-fil-A® Diet Lemonade and freshly-brewed Unsweetened Iced Tea. Also available with combinations of Chick-fil-A® Lemonade or Sweetened Iced Tea.,3.29,Chick-fil-A,Chicken. Sides. Desserts.,29.7550315,-95.3621224
"Houston, TX","Sunjoy® (1/2 Sweet Tea, 1/2 Diet Lemonade)",A refreshing combination of our classic Chick-fil-A® Diet Lemonade and freshly-brewed Sweetened Iced Tea. Also available with combinations of Chick-fil-A® Lemonade or Unsweetened Iced Tea.,3.29,Chick-fil-A,Chicken. Sides. Desserts.,29.7550315,-95.3621224
"Houston, TX",Diet Coke®,Fountain beverage. A product of The Coca-Cola Company.,2.85,Chick-fil-A,Chicken. Sides. Desserts.,29.7550315,-95.3621224
"Houston, TX",POWERADE®,Fountain beverage. A product of The Coca-Cola Company.,2.85,Chick-fil-A,Chicken. Sides. Desserts.,29.7550315,-95.3621224
"Houston, TX",Coke® Zero Sugar,Fountain beverage. A product of The Coca-Cola Company.,2.85,Chick-fil-A,Chicken. Sides. Desserts.,29.7550315,-95.3621224
"Houston, TX",Barq's® Root Beer,Fountain beverage. A product of The Coca-Cola Company.,2.85,Chick-fil-A,Chicken. Sides. Desserts.,29.7550315,-95.3621224
"Houston, TX",Coca-Cola® Cherry,Fountain beverage. A product of The Coca-Cola Company.,2.85,Chick-fil-A,Chicken. Sides. Desserts.,29.7550315,-95.3621224
"Houston, TX",Diet Dr Pepper®,"Fountain beverage. Product of Keurig Dr Pepper, Inc.",2.85,Chick-fil-A,Chicken. Sides. Desserts.,29.7550315,-95.3621224
"Houston, TX",10-Piece Boneless Wing Meal,Served with fries and a drink.,14.19,American Deli,"Deli, Takeout, Gyro, Chicken, Burgers, Fast Food, Chicken Wings, Cheesesteaks, Family Meals, Pickup",29.7000121,-95.3600172
"Houston, TX",8-Piece Boneless Wing Meal,Served with fries and a drink.,12.99,American Deli,"Deli, Takeout, Gyro, Chicken, Burgers, Fast Food, Chicken Wings, Cheesesteaks, Family Meals, Pickup",29.7000121,-95.3600172
"Houston, TX",Jalapeño Hummus,Fiery jalapeños blended with our deliciously creamy hummus.,4.99,The Halal Guys,"Takeout, Gyro, Sandwiches, Halal, Pickup, Dessert",29.7592796,-95.3624699
"Houston, TX",Savory Herb Beef & Chicken Platter,"Tender, seared sirloin marinated in a Savory spice blend with grilled chicken atop a bed of basmati rice and served with lettuce, tomato, and pita",14.49,The Halal Guys,"Takeout, Gyro, Sandwiches, Halal, Pickup, Dessert",29.7592796,-95.3624699
"Houston, TX",Savory Herb Beef & Gyro Platter,"Tender, seared sirloin marinated in a Savory spice blend with savory beef gyro atop a bed of basmati rice and served with lettuce, tomato, and pita",14.49,The Halal Guys,"Takeout, Gyro, Sandwiches, Halal, Pickup, Dessert",29.7592796,-95.3624699
"Houston, TX",Savory Herb Beef Platter,"Tender, seared sirloin marinated in a Savory spice blend atop a bed of basmati rice and served with lettuce, tomato, and pita.",14.49,The Halal Guys,"Takeout, Gyro, Sandwiches, Halal, Pickup, Dessert",29.7592796,-95.3624699
"Houston, TX",Savory Herb Beef & Falafel Platter,,14.49,The Halal Guys,"Takeout, Gyro, Sandwiches, Halal, Pickup, Dessert",29.7592796,-95.3624699
"Houston, TX",Chicken & Beef Gyro Platter,Platters served with combo of chicken and beef gyro. Small platters are served with one white sauce and one red sauce. Regular platters are served with two white sauces and one red sauce.,12.79,The Halal Guys,"Takeout, Gyro, Sandwiches, Halal, Pickup, Dessert",29.7592796,-95.3624699
"Houston, TX",Beef Gyro Platter,Platters are served with one white sauce and one red sauce. Regular platters are served with two white sauces and one red sauce.,12.79,The Halal Guys,"Takeout, Gyro, Sandwiches, Halal, Pickup, Dessert",29.7592796,-95.3624699
"Houston, TX",Chicken Platter,Platters are served with one white sauce and one red sauce. Regular platters are served with two white sauces and one red sauce.,12.79,The Halal Guys,"Takeout, Gyro, Sandwiches, Halal, Pickup, Dessert",29.7592796,-95.3624699
"Houston, TX",Falafel Platter,Platters are served with one white sauce and one red sauce. Regular platters are served with two white sauces and one red sauce.,12.79,The Halal Guys,"Takeout, Gyro, Sandwiches, Halal, Pickup, Dessert",29.7592796,-95.3624699
"Houston, TX",Beef Gyro & Falafel Platter,Platters served with combo of falafel and beef gyro. Small platters are served with one white sauce and one red sauce. Regular platters are served with two white sauces and one red sauce.,12.79,The Halal Guys,"Takeout, Gyro, Sandwiches, Halal, Pickup, Dessert",29.7592796,-95.3624699
"Houston, TX",Chicken & Falafel Platter,Platters served with combo of chicken and falafel. Small platters are served with one white sauce and one red sauce. Regular platters are served with two white sauces and one red sauce.,12.79,The Halal Guys,"Takeout, Gyro, Sandwiches, Halal, Pickup, Dessert",29.7592796,-95.3624699
"Houston, TX",Potato Hash,"Potatoes chopped, fried, and topped with some of our roasted corn medley.",3.0,Canary Cafe,Canary Cafe,29.8045399,-95.3683976
"Houston, TX",Berries & Granola,,4.0,Canary Cafe,Canary Cafe,29.8045399,-95.3683976
"Houston, TX",Egg Your Way,"any way you like it, within reason.",1.5,Canary Cafe,Canary Cafe,29.8045399,-95.3683976
"Houston, TX",Bacon Strips,,3.5,Canary Cafe,Canary Cafe,29.8045399,-95.3683976
"Houston, TX",Sausage Patties,2oz sausage patties x2.,3.5,Canary Cafe,Canary Cafe,29.8045399,-95.3683976
"Houston, TX",Equal Parts Loggerbier,,4.0,Canary Cafe,Canary Cafe,29.8045399,-95.3683976
"Houston, TX",Equal Parts Three Seashells,,4.0,Canary Cafe,Canary Cafe,29.8045399,-95.3683976
"Houston, TX",Sweet Loren's Chocolate Chunk Edible Cookie Dough,"Creamy, smooth and scoop-able gluten-free cookie dough. Delicious taste from only clean ingredients. Spoon under lid (3.6 oz). (Gluten-free, vegan)",7.0,moonbowls - Healthy Korean Bowls,Korean Restaurant,29.7226889,-95.3704827
"Houston, TX",Banana Chia Pudding,"Chia seeds soaked overnight in oat milk and sweetened with raw cane sugar. (Gluten-free, vegan)",6.0,moonbowls - Healthy Korean Bowls,Korean Restaurant,29.7226889,-95.3704827
"Houston, TX",Berry Smoothie,"Blueberries, raspberries, blackberries and strawberries blended with soy milk, homemade syrup and ice.",7.0,Nam Eatery,"Vietnamese, Pho, Banh Mi, Fried Rice",29.8038836,-95.3930201
"Houston, TX",Seafood Miso Soup,,12.0,Sapporo Japanese Sushi & Bar,"Japanese, Takeout, Pickup, Asian, Sushi Bars",29.7633057,-95.3620762
"Houston, TX",Grilled Pork Bowl,"Grilled pork, green onion with soy sauce, mayonnaise, and sesame oil. Consuming raw or undercooked seafood or eggs may increase your risk of foodborne illness.",9.35,Rakkan RAMEN,"Ramen, Poke, Japanese, Dumplings, Ramen Noodles, Sushi",29.7824121,-95.4080107
"Houston, TX",Shakshuka,"Spiced Tomato, Egg, Sourdough",18.25,Hamsa,"Israeli cuisine, Tapas/Small Plates, Shawarma, Falafel",29.7162019,-95.4146548
"Houston, TX",House Coffee,"Authentic Vietnamese Style Creamy Iced CoffeePerfected over the time span of a hundred years, Cafe Sua Da has become one of the world’s most refined and popular drinks. Using our secret brewing technique and the finest coffee beans in the world, our House Coffee is the culmination of authentic Vietnamese-style coffee, famous for its delicately nutty and smooth flavor along with a taste that is distinctly our own.Known Allergies: Dairy, Soy and HazelnutCalories: 330-390",5.76,7 Leaves Cafe,Tea and Coffee Beverages,29.7322206,-95.4393527
"Houston, TX",Vietnamese Coffee,"Traditional Vietnamese Iced CoffeeStrong coffee with sweetened condensed milk and chilled on ice makes an unbeatable Southeast Asian treat. Even those who only take their coffee black will like this. Serve it on hot summer days or as an evening treat. We learned this in Vietnam, and now drink almost all our espresso this way.Known Allergens: DairyCalories: 210-280",5.76,7 Leaves Cafe,Tea and Coffee Beverages,29.7322206,-95.4393527
"Houston, TX",Thai Tea,"A Blend of Black Teas, Vanilla Bean, Cardamom, and AniseThai Tea (also known as Thai Iced Tea) is a popular iced drink hailing from Thailand, commonly found in Thai restaurants across the U.S. Our Thai Iced Tea is a traditional blend of strong black tea, vanilla bean, cardamom, and anise. Known Allergens: DairyCalories: 290-370",5.76,7 Leaves Cafe,Tea and Coffee Beverages,29.7322206,-95.4393527
"Houston, TX",Strawberry Hibiscus Tea,"Brewed with Real Fruits, Hibiscus Flowers, and Rooibos TeasBorn from a deep and complex infusion of real strawberry slices, golden apples, sweet rose hips, hibiscus flowers, and passion fruit essence – the 7 Leaves Strawberry Hibiscus is a sweet and tangy thirst-quencher that is not only refreshing but also invigorating.Calories: 100-120",5.76,7 Leaves Cafe,Tea and Coffee Beverages,29.7322206,-95.4393527
"Houston, TX",Assam Milk Tea,"Full-Bodied and Creamy Milk TeasMilk Teas are widely available around every corner but what makes our milk teas different? Real milk, cane sugar, and loose leaf tea. Simplicity and authenticity - simply delicious, that is what makes our Oolong and Assam Milk Tea special. Known Allergen: DairyCalories: 240-310",5.76,7 Leaves Cafe,Tea and Coffee Beverages,29.7322206,-95.4393527
"Houston, TX",Mung Bean Milk Tea,"Jasmine Tea with Mung Bean and Pandan LeavesThat Mung bean flavor you are tasting? Yes, it’s real Mung bean. Cooked, strained, and blended Mung bean has a slightly sweet and unique earthy tone that is perfect for Milk Tea infusion. But the Mung bean is not the only thing that is real. So is the tea and pandan leaves. Brewed from loose leaf green tea using our 5-step brewing process, the extra care that goes into our Mung Bean Milk Tea creates a cup of Milk Tea unlike any other.Known Allergens: DairyCalories: 280-340",5.76,7 Leaves Cafe,Tea and Coffee Beverages,29.7322206,-95.4393527
"Houston, TX",Jasmine Milk Tea,"A Sweet Mix of Jasmine Green Tea and MilkThe Jasmine Milk Tea, perfectly curated and brewed to fit the taste of any individual, no matter the preference. Utilizing our award-winning Jasmine scented tea leaves, our unique recipe captures the nuance and the subtleties of how a pure Jasmine Milk Tea should taste — light and refreshing with every sip.No Known Allergens.Calories: 180-220",5.76,7 Leaves Cafe,Tea and Coffee Beverages,29.7322206,-95.4393527
"Houston, TX",Oolong Milk Tea,"Full-Bodied and Creamy Milk TeasMilk Teas are widely available around every corner but what makes our milk teas different? Real milk, cane sugar, and loose leaf tea. Simplicity and authenticity - simply delicious, that is what makes our Oolong and Assam Milk Tea special. Known Allergen: DairyCalories: 240-310",5.76,7 Leaves Cafe,Tea and Coffee Beverages,29.7322206,-95.4393527
"Houston, TX",Sea Cream Jasmine Tea,"Jasmine Green Tea Topped with Our Signature Whipped Sea CreamOur award-winning jasmine blended with jasmine petals is grown in the high mountains and harvested every spring in the early morning before they bloom to preserve their naturally subtle sweetness. With its alluring fragrance, jasmine is one of the world’s most desirable tea. Topped with a frothy foam of our signature whipped sea cream, made daily, our Sea Cream Jasmine tea is a light and refreshing twist to green tea.Known Allergen: DairyCalories: 180-200",5.76,7 Leaves Cafe,Tea and Coffee Beverages,29.7322206,-95.4393527
"Houston, TX",Green Thai Tea,A sweet and creamy milk tea made with a jasmine tea blend for a fresh floral taste.,5.76,7 Leaves Cafe,Tea and Coffee Beverages,29.7322206,-95.4393527
"Houston, TX",Japanese Matcha Tea,"The Healthiest Drink Nature Has to OfferMatcha is known today as the healthiest, rarest and most premium of all tea varieties from Japan. For over 800 years, Zen Buddhist monks have been using Matcha green for meditation purposes. It is extremely exquisite with only a few dozen farmers having the required knowledge to produce it, and we are proud to source our Matcha from such master tea farmers. There is no other fruit or vegetable in the world that provides more antioxidants than Matcha. It is literally the healthiest drink nature has to offer.Calories: 125 - 160",6.06,7 Leaves Cafe,Tea and Coffee Beverages,29.7322206,-95.4393527
"Houston, TX",Herbal Tea,"Brewed from Seven Types of Herbs and TeasFormulated to cool and refresh the mind and body, Herbal Tea is a quenching and balanced blend of seven distinct types of herbs and teas, consisting of natural and exotic ingredients such as pandan leaves, chrysanthemum, and raw cane. The end result is a truly refreshing coffee experience.Calories: 100-120",5.76,7 Leaves Cafe,Tea and Coffee Beverages,29.7322206,-95.4393527
"Houston, TX",Big House Margarita,"Gold tequila & triple sec with fresh citrus juices served frozen with salted rim.Must be 21 to order, have your ID ready. Must be ordered with food for ToGo.TENNESEE ONLY: No driver shall consume any alcoholic beverage or beer or possess an open container of alcoholic beverage or beer while operating a motor vehicle in this state.CALIFORNIA ONLY: Alcoholic beverages that are packaged by this establishment are open containers and may not be transported in a motor vehicle except in the vehicle’s trunk; or, if there is no trunk, the container may be kept in some other area of the vehicle that is not normally occupied by the driver or passengers (which does not include a utility compartment or glove compartment (Vehicle Code Section 23225)). Further, such beverages may not be consumed in public or in any other area where open containers are prohibited by law.",6.0,Hopdoddy Burger Bar,Burgers,29.8030174,-95.4050793
"Houston, TX",8 Fried Oysters,,23.75,Crawfish Cafe Heights,Seafood,29.7896319,-95.409561
"Houston, TX",Blue Crab,,17.5,Crawfish Cafe Heights,Seafood,29.7896319,-95.409561
"Houston, TX",Loaded Mac and Cheese,Waffle fries topped with chicken bites and mac&cheese,17.99,Yummy's Hot Chicken,Yummy's bite,29.7440869296789,-95.3919996156164
"Houston, TX",Blue Crab (Wok),,17.5,Crawfish Cafe Heights,Seafood,29.7896319,-95.409561
"Houston, TX",2 Fried Catfish,,21.5,Crawfish Cafe Heights,Seafood,29.7896319,-95.409561
"Houston, TX",50/50 Poboy,,20.5,Crawfish Cafe Heights,Seafood,29.7896319,-95.409561
"Houston, TX",Egg & Bacon Pancakes,Egg bacon pancakes,15.5,TruuLove Cafe,TruuLove Cafe,29.7322428,-95.3757366
"Houston, TX",Hand-Decorated Astros Butter Cookies,"Designs may vary, unless otherwise specified. Our Hand-Decorated Butter Cookies are truly one-of-a-kind. (no nuts)Price includes individual wrapping.",5.25,Dessert Gallery,"Cafes, Dessert, Takeout, Pickup",29.7333189,-95.4191919
"Houston, TX",Hand-Decorated Halloween Butter Cookies,"Designs may vary, unless otherwise specified. Our Hand-Decorated Butter Cookies are truly one-of-a-kind. (no nuts)Price includes individual wrapping.",5.25,Dessert Gallery,"Cafes, Dessert, Takeout, Pickup",29.7333189,-95.4191919
"Houston, TX",Hand-Decorated Day of the Dead Butter Cookies,"Designs may vary, unless otherwise specified. Our Hand-Decorated Butter Cookies are truly one-of-a-kind. (no nuts)Price includes individual wrapping.",5.25,Dessert Gallery,"Cafes, Dessert, Takeout, Pickup",29.7333189,-95.4191919
"Houston, TX","Banana Pudding, individual",Homemade and rich! Made with fresh bananas and Nilla® Wafers. More cookies are added on top for extra crunch! (no nuts),9.25,Dessert Gallery,"Cafes, Dessert, Takeout, Pickup",29.7333189,-95.4191919
"Houston, TX",The Nefertiti Pizza,"12\ Gluten-Free Cauliflower or 14\"" Gluten-Free Rice Flour Crust.""",17.99,Meek's Vegan Pizza,"Pizza, Vegan",29.7226889,-95.3704827
"Houston, TX",C18. Chili Chicken,Hot & Spicy.,15.8,Texas Super Chicken and Rice,"American, Chinese, Chicken, Seafood, Fried Rice",29.7442596,-95.3013272
"Houston, TX",Vegetable Delight,,10.46,Texas Super Chicken and Rice,"American, Chinese, Chicken, Seafood, Fried Rice",29.7442596,-95.3013272
"Houston, TX",Baby Back Ribs,BBQ Glazed.  Served with Two Sides.,19.99,Mia's Table,"Soup, Desserts, Burgers, Sandwich, Beverages, Kids, Milk Shakes, Salads, Seafood, Tacos, American, Shakes, Malts, and Desserts, Nachos",29.7370693,-95.4173144
"Houston, TX",Signature Crinkle Fries,"Crinkle fries seasoned with spicy red pepper, garlic, paprika, sugar, and a hint of lime.",3.99,MrBeast Burger,"Burgers, American, Fries, Sandwiches, Chicken Tenders",29.7226889,-95.3704827
"Houston, TX",Scone ,Bacon and Cheddar scone .,4.65,Roast And Brew Cafe,Roast And Brew Cafe,29.8030393,-95.41578
"Houston, TX",The 2 by 2 - Fam Bundle,,36.58,Original ChopShop,New American Restaurant,29.7376681,-95.4179768
"Houston, TX",The Quad - Fam Bundle,,48.98,Original ChopShop,New American Restaurant,29.7376681,-95.4179768
"Houston, TX",Sunrise Wrap [VEG],"egg white, tomato, onion, sweet potato, white cheddar, avocado pesto",9.92,Original ChopShop,New American Restaurant,29.7376681,-95.4179768
"Houston, TX",Balanced Bowl [GF],"grilled chicken or steak, scrambled egg, roasted vegetables, tomato, brown rice, avocado pesto** **avocado pesto contains cashew",12.4,Original ChopShop,New American Restaurant,29.7376681,-95.4179768
"Houston, TX",Zen Bowl [GF][VEG],"scrambled egg, spinach, mushroom, onion, white cheddar, arugula, brown rice",9.92,Original ChopShop,New American Restaurant,29.7376681,-95.4179768
"Houston, TX",ABC Toast,"two eggs over easy, smashed avocado, bacon, fontina, arugula, house bread",12.09,Original ChopShop,New American Restaurant,29.7376681,-95.4179768
"Houston, TX",The Brekkie,"scrambled eggs, provolone, avocado pesto**, choice of turkey, ham, prosciutto or bacon, arugula **avocado pesto contains cashew",11.16,Original ChopShop,New American Restaurant,29.7376681,-95.4179768
"Houston, TX",Cheat Day Wrap,"scrambled egg, bacon, white cheddar, avocado, tomato, choice of turkey or ham, brown rice",12.09,Original ChopShop,New American Restaurant,29.7376681,-95.4179768
"Houston, TX",Avocado Toast [VEG],"two eggs over easy, smashed avocado, red pepper flakes, tomato, house bread",9.61,Original ChopShop,New American Restaurant,29.7376681,-95.4179768
"Houston, TX",Egg + Veggie Hash [VEG],"two eggs over easy, sweet potato hash, smashed avocado, corn, onion, roasted red pepper, spinach, whole wheat tortilla on the side",9.92,Original ChopShop,New American Restaurant,29.7376681,-95.4179768
"Houston, TX",Flu Terminator,"Strawberries, blueberries, bananas and fresh squeezed orange juice.",8.0,Island Grill,An American Mediterranean Restaurant,29.7171594,-95.4143133
"Houston, TX",Strawberry Wave,"Strawberries, banana and apple juice.",8.0,Island Grill,An American Mediterranean Restaurant,29.7171594,-95.4143133
"Houston, TX",Paradise Cooler,"Pineapple, peaches, strawberries, coconut juice and apple juice",8.0,Island Grill,An American Mediterranean Restaurant,29.7171594,-95.4143133
"Houston, TX",Island Sunrise,"pineapple, peaches, strawberries, apple juice, papaya juice",8.0,Island Grill,An American Mediterranean Restaurant,29.7171594,-95.4143133
"Houston, TX",Berry Cool Berry,"strawberries, pineapple, blueberries, raspberries, apple juice",8.0,Island Grill,An American Mediterranean Restaurant,29.7171594,-95.4143133
"Houston, TX",Coco Colada,"Pineapple, bananas, coconut juice and apple juice",8.0,Island Grill,An American Mediterranean Restaurant,29.7171594,-95.4143133
"Houston, TX",Passion Dream,"banana, strawberries, soy milk",8.0,Island Grill,An American Mediterranean Restaurant,29.7171594,-95.4143133
"Houston, TX",Vita Rush,"peaches, banana, strawberries",8.0,Island Grill,An American Mediterranean Restaurant,29.7171594,-95.4143133
"Houston, TX",Island Oasis,"strawberries, pineapple, papaya juice, coconut juice",8.0,Island Grill,An American Mediterranean Restaurant,29.7171594,-95.4143133
"Houston, TX",Island Nectar,"Pineapples, apple juice and nonfat vanilla yogurt.",6.99,Island Grill,An American Mediterranean Restaurant,29.7171594,-95.4143133
"Houston, TX",Peanut Butter Buster,"banana, raspberries, peanut butter",9.0,Island Grill,An American Mediterranean Restaurant,29.7171594,-95.4143133
"Houston, TX",President George H.W. Bush,"Crafted by and for the man himself in 2000...strawberries, blueberries, banana",9.0,Island Grill,An American Mediterranean Restaurant,29.7171594,-95.4143133
"Houston, TX",Lance Berkman," banana, peanut butter",9.0,Island Grill,An American Mediterranean Restaurant,29.7171594,-95.4143133
"Houston, TX",Chocolate Dynamite,"chocolate nonfat yogurt, banana",9.0,Island Grill,An American Mediterranean Restaurant,29.7171594,-95.4143133
"Houston, TX",Muscle Beach,"strawberries, pineapple",9.0,Island Grill,An American Mediterranean Restaurant,29.7171594,-95.4143133
"Houston, TX",Java Jolt,"banana, coffee, whey protein, nonfat vanilla yogurt",8.5,Island Grill,An American Mediterranean Restaurant,29.7171594,-95.4143133
"Houston, TX",Ironman Rush,"strawberries, banana",9.0,Island Grill,An American Mediterranean Restaurant,29.7171594,-95.4143133
"Houston, TX",NRG,"banana, blueberries",9.0,Island Grill,An American Mediterranean Restaurant,29.7171594,-95.4143133
"Houston, TX",Liquid Sunshine,"apples, carrots, parsley, celery, strawberries, peaches",9.0,Island Grill,An American Mediterranean Restaurant,29.7171594,-95.4143133
"Houston, TX",Seaside Oasis,"carrots, ginger, apple, peaches",9.0,Island Grill,An American Mediterranean Restaurant,29.7171594,-95.4143133
"Houston, TX",Jamaican Jolt,"banana, carrots, ginger, papaya juice",9.0,Island Grill,An American Mediterranean Restaurant,29.7171594,-95.4143133
"Houston, TX",Smoog Sailing,"carrots, apple, strawberries, ginger",9.0,Island Grill,An American Mediterranean Restaurant,29.7171594,-95.4143133
"Houston, TX",Fresh Squeezed Orange Juice,,6.5,Island Grill,An American Mediterranean Restaurant,29.7171594,-95.4143133
"Houston, TX",Emerald Isle Cooler,"Carrots, celery, beets, spinach and parsley",8.29,Island Grill,An American Mediterranean Restaurant,29.7171594,-95.4143133
"Houston, TX",Fresh Squeezed Grapefruit Juice,,8.5,Island Grill,An American Mediterranean Restaurant,29.7171594,-95.4143133
"Houston, TX",Apple Rush ,,8.5,Island Grill,An American Mediterranean Restaurant,29.7171594,-95.4143133
"Houston, TX",Garden Quencher,"tomato, carrots, apple, beets, celery",9.0,Island Grill,An American Mediterranean Restaurant,29.7171594,-95.4143133
"Houston, TX",Cinnamon Toast Crunch Milkshake,,7.5,BunSlut,BunSlut,29.7426555,-95.4034414
"Houston, TX",Extra Meat,,1.99,Little New Orleans,Little New Orleans,29.760042,-95.362112
"Houston, TX",Mac N Cheese,,3.99,Little New Orleans,Little New Orleans,29.760042,-95.362112
"Houston, TX",Peach Cobbler,,5.99,Little New Orleans,Little New Orleans,29.760042,-95.362112
"Houston, TX",Meat Loaf Plate,Comes with three sides and two pieces of cornbread. ,16.95,This Is It Soul Food,"Soul Food, Dessert, Barbecue",29.7230362,-95.3697059
"Houston, TX",Prosciutto & Chicken Sandwich,"prosciutto & roasted chicken breast with fresh mozzarella, crushed honey roasted almonds, basil pesto, balsamic glaze drizzle, tomatoes (580 cal) on panini-pressed ciabatta (260 cal)can be requested gluten free by selecting the gf bread option",14.09,Mendocino Farms,Chef-driven menu of creative sandwiches & soulful salads,29.7565984,-95.370438
"Houston, TX",Peach Cobbler,,3.75,This Is It Soul Food,"Soul Food, Dessert, Barbecue",29.7230362,-95.3697059
"Houston, TX",Asian Tings Wings,,10.56,Sticky's Chicken,"Chicken, Chicken Wings",29.7701293,-95.3817043
"Houston, TX",Sweet Potato Pie,,3.5,This Is It Soul Food,"Soul Food, Dessert, Barbecue",29.7230362,-95.3697059
"Houston, TX",Nuggets,,9.24,Sticky's Chicken,"Chicken, Chicken Wings",29.7701293,-95.3817043
"Houston, TX",WS Special Fries,,30.0,Sticky's Chicken,"Chicken, Chicken Wings",29.7701293,-95.3817043
"Houston, TX",WS Special Rice,,30.0,Sticky's Chicken,"Chicken, Chicken Wings",29.7701293,-95.3817043
"Houston, TX",Banana Pudding,,2.5,This Is It Soul Food,"Soul Food, Dessert, Barbecue",29.7230362,-95.3697059
"Houston, TX",Karaage over Rice,,12.87,Sticky's Chicken,"Chicken, Chicken Wings",29.7701293,-95.3817043
"Houston, TX",Karaage Sliders & Fries,,11.55,Sticky's Chicken,"Chicken, Chicken Wings",29.7701293,-95.3817043
"Houston, TX",World Series Special,,30.0,Sticky's Chicken,"Chicken, Chicken Wings",29.7701293,-95.3817043
"Houston, TX",Kids PBJ,Yummy PB&J.  Served with fruit and chips.,7.0,Postino,"Italian, American (New), Lunch, Breakfast",29.7466712576973,-95.3903216249212
"Houston, TX",Diet Coke,,3.05,Pokeworks,Poke Restaurant,29.774612824,-95.398183152
"Houston, TX",Sprite,,3.05,Pokeworks,Poke Restaurant,29.774612824,-95.398183152
"Houston, TX",Bulgogi Bibimbap,"Beef bulgogi with white rice, kimchi, shredded carrots, cucumber, scallions, sesame seeds, fried egg, and gochujang.",11.99,PCC Markets (Demo),[DO NOT EDIT],29.7226889,-95.3704827
"Houston, TX",Spicy Pork Bibimbap,"Spicy pork with white rice, kimchi, shredded carrots, cucumber, scallions, sesame seeds, fried egg, and gochujang.",10.99,PCC Markets (Demo),[DO NOT EDIT],29.7226889,-95.3704827
"Houston, TX",Chicken Bibimbap,"Marinated chicken with white rice, kimchi, shredded carrots, cucumber, scallions, sesame seeds, fried egg, and gochujang.",10.99,PCC Markets (Demo),[DO NOT EDIT],29.7226889,-95.3704827
"Houston, TX",Tofu Bibimbap,"Tofu with white rice, kimchi, shredded carrots, cucumber, scallions, sesame seeds, fried egg, and gochujang.",9.99,PCC Markets (Demo),[DO NOT EDIT],29.7226889,-95.3704827
"Houston, TX",Pork Belly Bibimbap,"Pork belly with white rice, kimchi, shredded carrots, cucumber, scallions, sesame seeds, fried egg, and gochujang.",11.99,PCC Markets (Demo),[DO NOT EDIT],29.7226889,-95.3704827
"Houston, TX",Fried Chicken Bibimbap,"Fried chicken with white rice, kimchi, shredded carrots, cucumber, scallions, sesame seeds, fried egg, and gochujang.",10.99,PCC Markets (Demo),[DO NOT EDIT],29.7226889,-95.3704827
"Houston, TX",Seafood Bibimbap,"Shrimp and squid with white rice, kimchi, shredded carrots, cucumber, scallions, sesame seeds, fried egg, and gochujang.",12.99,PCC Markets (Demo),[DO NOT EDIT],29.7226889,-95.3704827
"Houston, TX",Vegetable Bibimbap,"Mushrooms with white rice, kimchi, shredded carrots, cucumber, scallions, sesame seeds, fried egg, and gochujang.",9.99,PCC Markets (Demo),[DO NOT EDIT],29.7226889,-95.3704827
"Houston, TX",Vegan Bibimbap,"Mushrooms with white rice, kimchi, shredded carrots, cucumber, scallions, sesame seeds, and gochujang.",9.99,PCC Markets (Demo),[DO NOT EDIT],29.7226889,-95.3704827
"Houston, TX",Shrimp Bibimbap,"Shrimp with white rice, kimchi, shredded carrots, cucumber, scallions, sesame seeds, fried egg, and gochujang.",12.99,PCC Markets (Demo),[DO NOT EDIT],29.7226889,-95.3704827
"Houston, TX",Beef Short Rib Bibimbap,"Beef short rib with white rice, kimchi, shredded carrots, cucumber, scallions, sesame seeds, fried egg, and gochujang.",11.99,PCC Markets (Demo),[DO NOT EDIT],29.7226889,-95.3704827
"Houston, TX",Surf and Turf Bibimbap,"Beef bulgogi and shrimp with white rice, kimchi, shredded carrots, cucumber, scallions, sesame seeds, fried egg, and gochujang.",13.99,PCC Markets (Demo),[DO NOT EDIT],29.7226889,-95.3704827
"Houston, TX",Korean BBQ Bibimbap,"Beef bulgogi, spicy pork, and short rib with white rice, kimchi, shredded carrots, cucumber, scallions, sesame seeds, fried egg, and gochujang.",14.99,PCC Markets (Demo),[DO NOT EDIT],29.7226889,-95.3704827
"Houston, TX",Double Meat Bibimbap,"Your choice of 2 proteins with white rice, kimchi, shredded carrots, cucumber, scallions, sesame seeds, fried egg, and gochujang.",13.99,PCC Markets (Demo),[DO NOT EDIT],29.7226889,-95.3704827
"Houston, TX",Triple Meat Bibimbap,"Your choice of 3 proteins with white rice, kimchi, shredded carrots, cucumber, scallions, sesame seeds, fried egg, and gochujang.",14.99,PCC Markets (Demo),[DO NOT EDIT],29.7226889,-95.3704827
"Houston, TX",Fried Pork Dumplings,Pork filled dumplings fried to perfection.,6.99,PCC Markets (Demo),[DO NOT EDIT],29.7226889,-95.3704827
"Houston, TX",Fried Vegetable Dumplings,Vegetable filled dumplings fried to perfection.,5.99,PCC Markets (Demo),[DO NOT EDIT],29.7226889,-95.3704827
"Houston, TX",White Rice,,1.99,PCC Markets (Demo),[DO NOT EDIT],29.7226889,-95.3704827
"Houston, TX",Kimchi,,3.99,PCC Markets (Demo),[DO NOT EDIT],29.7226889,-95.3704827
"Houston, TX",Water (Bottle),,2.0,PCC Markets (Demo),[DO NOT EDIT],29.7226889,-95.3704827
"Houston, TX",Perrier Sparkling Water (Bottle),,3.0,PCC Markets (Demo),[DO NOT EDIT],29.7226889,-95.3704827
"Houston, TX",San Pellegrino Sparkling Water (Bottle),,3.0,PCC Markets (Demo),[DO NOT EDIT],29.7226889,-95.3704827
"Houston, TX",Coke (bottle),,2.5,PCC Markets (Demo),[DO NOT EDIT],29.7226889,-95.3704827
"Houston, TX",Diet Coke (bottle),,2.5,PCC Markets (Demo),[DO NOT EDIT],29.7226889,-95.3704827
"Houston, TX",Pepsi (bottle),,2.5,PCC Markets (Demo),[DO NOT EDIT],29.7226889,-95.3704827
"Houston, TX",Diet Pepsi (bottle),,2.5,PCC Markets (Demo),[DO NOT EDIT],29.7226889,-95.3704827
"Houston, TX",Sprite (bottle),,2.5,PCC Markets (Demo),[DO NOT EDIT],29.7226889,-95.3704827
"Houston, TX",Ginger Ale (bottle),,2.5,PCC Markets (Demo),[DO NOT EDIT],29.7226889,-95.3704827
"Houston, TX",Coke (can),,2.0,PCC Markets (Demo),[DO NOT EDIT],29.7226889,-95.3704827
"Houston, TX",Diet Coke (can),,2.0,PCC Markets (Demo),[DO NOT EDIT],29.7226889,-95.3704827
"Houston, TX",Sprite (can),,2.0,PCC Markets (Demo),[DO NOT EDIT],29.7226889,-95.3704827
"Houston, TX",Pepsi (can),,2.0,PCC Markets (Demo),[DO NOT EDIT],29.7226889,-95.3704827
"Houston, TX",Diet Pepsi (can),,2.0,PCC Markets (Demo),[DO NOT EDIT],29.7226889,-95.3704827
"Houston, TX",Ginger Ale (can),,2.0,PCC Markets (Demo),[DO NOT EDIT],29.7226889,-95.3704827
"Houston, TX",Red Bull - 8oz,,2.0,PCC Markets (Demo),[DO NOT EDIT],29.7226889,-95.3704827
"Houston, TX",Red Bull - 12oz,,2.5,PCC Markets (Demo),[DO NOT EDIT],29.7226889,-95.3704827
"Houston, TX",Lemonade,,2.0,PCC Markets (Demo),[DO NOT EDIT],29.7226889,-95.3704827
"Houston, TX",Iced Tea,,2.0,PCC Markets (Demo),[DO NOT EDIT],29.7226889,-95.3704827
"Houston, TX",Sweet Corn,"Mini ear corn-on-the-cob that are just so plump, sweet and ever so delicious! Let our special sauces fill the tight spaces between those juicy kernels for some of the most flavor blasting bites of corn you’ll ever eat guaranteed!",1.11,LA Crawfish,"Pickup, Pho, Takeout, Seafood",29.7322253,-95.4408877
"Houston, TX",Buffalo Chicken,"Served with Lettuce, Tomato & Blue Cheese",10.87,Wings 87,"Wings, American, Chicken, Takeout, KWB",29.7378921,-95.4378774
"Houston, TX",Crispy Chicken,,10.87,Wings 87,"Wings, American, Chicken, Takeout, KWB",29.7378921,-95.4378774
"Houston, TX",Buffalo  Chicken (Grinder),"Boneless Chicken Tenders Tossed in Buffalo Hot Sauce and Served with Blue Cheese, Lettuce & Tomato",15.87,Wings 87,"Wings, American, Chicken, Takeout, KWB",29.7378921,-95.4378774
"Houston, TX",Shrimp (Grinder),"Served with lettuce, tomatoes, cheese & tartar sauce.",15.87,Wings 87,"Wings, American, Chicken, Takeout, KWB",29.7378921,-95.4378774
"Houston, TX",Regular (Boneless),14 pieces.,16.87,Wings 87,"Wings, American, Chicken, Takeout, KWB",29.7378921,-95.4378774
"Houston, TX",Regular Combo (Boneless),14 pieces with 1 side order.,20.87,Wings 87,"Wings, American, Chicken, Takeout, KWB",29.7378921,-95.4378774
"Houston, TX",Jumbo (Boneless),20 pieces.,23.87,Wings 87,"Wings, American, Chicken, Takeout, KWB",29.7378921,-95.4378774
"Houston, TX",Jumbo Combo (Boneless),20 pieces with 1 side order.,26.87,Wings 87,"Wings, American, Chicken, Takeout, KWB",29.7378921,-95.4378774
"Houston, TX",Mega (Boneless),38 pieces.,46.87,Wings 87,"Wings, American, Chicken, Takeout, KWB",29.7378921,-95.4378774
"Houston, TX",Family Size (Boneless),54+ pieces.,66.87,Wings 87,"Wings, American, Chicken, Takeout, KWB",29.7378921,-95.4378774
"Houston, TX",Family Size Combo (Boneless),54+ pieces with 3 side orders.,75.87,Wings 87,"Wings, American, Chicken, Takeout, KWB",29.7378921,-95.4378774
"Houston, TX",Wings'87 BLP I (Boneless),100 Pieces.,122.87,Wings 87,"Wings, American, Chicken, Takeout, KWB",29.7378921,-95.4378774
"Houston, TX",Wings'87 BLP II (Boneless),150 Pieces.,183.87,Wings 87,"Wings, American, Chicken, Takeout, KWB",29.7378921,-95.4378774
"Houston, TX",Wing'87 BLP III (Boneless),200 pieces.,247.87,Wings 87,"Wings, American, Chicken, Takeout, KWB",29.7378921,-95.4378774
"Houston, TX",Superstar,Boneless Chicken with Fries.,8.87,Wings 87,"Wings, American, Chicken, Takeout, KWB",29.7378921,-95.4378774
"Houston, TX",Crispy Chicken Burger,Consuming raw or undercooked meat poultry shellfish or eggs may increase the risk of foodborne illness.,10.87,Wings 87,"Wings, American, Chicken, Takeout, KWB",29.7378921,-95.4378774
"Houston, TX",Buffalo Salad,"Hot Boneless Tenders with Lettuce, Tomato & Cucumber",13.87,Wings 87,"Wings, American, Chicken, Takeout, KWB",29.7378921,-95.4378774
"Houston, TX",Seafood Basket,"2 Pieces of fish, 8 oz of shrimp & fries. Served with Tartar & Cocktail sauce & Can of Soda",16.87,Wings 87,"Wings, American, Chicken, Takeout, KWB",29.7378921,-95.4378774
"Houston, TX",Shrimp Basket,16oz of shrimps & fries served with Cocktail sauce & Can of Soda,16.87,Wings 87,"Wings, American, Chicken, Takeout, KWB",29.7378921,-95.4378774
"Houston, TX",#2 Rotisserie Chicken ,"Rotisserie chicken, queso blanco, roasted corn pico, charred tomato poblano salsa, cilantro, corn tortilla",6.3,Velvet Taco,Taco Restaurant,29.7444041,-95.3906218
"Houston, TX",#3.5 Picnic Chicken,"Picnic chicken, rotisserie chicken, avocado crema, warm honey-dijon potato salad, crispy chicken skin, cilantro, flour tortilla",6.3,Velvet Taco,Taco Restaurant,29.7444041,-95.3906218
"Houston, TX",#12 Slow-Roasted Angus Brisket,"Slow-roasted angus brisket, barbacoa style, red chile mayo, avocado corn pico, queso blanco, micro cilantro, comté cheese encrusted flour tortilla",7.5,Velvet Taco,Taco Restaurant,29.7444041,-95.3906218
"Houston, TX",Barbacoa Brisket Nachos,"blue corn chips, barbacoa-style brisket, white queso blanco, roasted corn pico, mayo crema, salsa verde, queso fresco, micro cilantro",7.15,Velvet Taco,Taco Restaurant,29.7444041,-95.3906218
"Houston, TX",Large Frozen Margarita,"Lunazul premium blanco tequila, orange liqueur, fresh limejuice, agave nectar",13.8,Velvet Taco,Taco Restaurant,29.7444041,-95.3906218
"Houston, TX",Large Rocks Margarita,"Lunazul premium blanco tequila, orange liqueur, fresh limejuice, agave nectar",13.8,Velvet Taco,Taco Restaurant,29.7444041,-95.3906218
"Houston, TX",Regular Frozen Margarita,"Lunazul premium blanco tequila, orange liqueur, fresh limejuice, agave nectar",10.2,Velvet Taco,Taco Restaurant,29.7444041,-95.3906218
"Houston, TX",Regular Rocks Margarita,"Lunazul premium blanco tequila, orange liqueur, fresh limejuice, agave nectar",10.2,Velvet Taco,Taco Restaurant,29.7444041,-95.3906218
"Houston, TX",Ranch Water,"Lunazul premium blanco tequila, lime juice, agave nectarSELECT YOUR FLAVOR: Topo Chico regular, lime or grapefruit",10.2,Velvet Taco,Taco Restaurant,29.7444041,-95.3906218
"Houston, TX",Topo Chico,,4.5,Velvet Taco,Taco Restaurant,29.7444041,-95.3906218
"Houston, TX",Bottled Water,,1.8,Velvet Taco,Taco Restaurant,29.7444041,-95.3906218
"Houston, TX",Kid's Chicken Quesadilla,rotisserie chicken quesadilla served with lime crema | 570 cal.,5.1,Velvet Taco,Taco Restaurant,29.7444041,-95.3906218
"Houston, TX",Kid's Chicken Taco,"rotisserie chicken, white queso, flour tortilla | 280 cal.",5.1,Velvet Taco,Taco Restaurant,29.7444041,-95.3906218
"Houston, TX",GF #3 Roasted Tikka Chicken,"rotisserie chicken, spicy tikka sauce, buttered cilantro basmati rice, raita crema, Thai basil, corn tortilla",5.95,Velvet Taco,Taco Restaurant,29.7444041,-95.3906218
"Houston, TX",GF #2 Rotisserie Chicken,"rotisserie chicken, queso blanco, roasted corn pico, charred tomato poblano salsa, cilantro, corn tortilla",6.3,Velvet Taco,Taco Restaurant,29.7444041,-95.3906218
"Houston, TX",Homemade White Bread Loaf,,5.4,Goode Company BBQ,Barbecue Restaurant,29.7269913,-95.4182615
"Houston, TX",Sweet Loren's Chocolate Chunk Edible Cookie Dough,"Creamy, smooth and scoop-able gluten-free cookie dough. Delicious taste from only clean ingredients. Spoon under lid (3.6 oz). (Gluten-free, vegan)",7.75,F#ck Carbs,"Salads, Healthy, Gluten-Free, Pizza",29.7226889,-95.3704827
"Houston, TX",Banana Chia Pudding,"Chia seeds soaked overnight in oat milk and sweetened with raw cane sugar. (Gluten-free, vegan)",6.5,F#ck Carbs,"Salads, Healthy, Gluten-Free, Pizza",29.7226889,-95.3704827
"Houston, TX",Dripped Nachos,"Nacho chips topped with cheese sauce, birria de res meat, jalapenos, chopped onions, and cilantro",9.5,Dripped Birria,"Halal, Birria, Quesadillas, Fries, Tacos, Nachos, Mexican, Fast Food",29.7426555,-95.4034414
"Houston, TX",Quesadillas,"House Cheese Blend, Guacamole, Sour Cream, Pico De Gallo, Jalapeños.",14.3,Cyclone Anaya's,"Pickup, Bar and Grill, Mexican, Tex-Mex, Takeout",29.7522488,-95.3768201
"Houston, TX",Campechana,"Citrus-poached Shrimp, Lime-infused Mango Salsa, Crispy Plantains.",15.0,Cyclone Anaya's,"Pickup, Bar and Grill, Mexican, Tex-Mex, Takeout",29.7522488,-95.3768201
"Houston, TX",Cyclone’s Salad,"Romaine, Iceberg, Bibb Lettuce, Avocado, Tomatoes, House Cheese Blend, Sour Cream, Tortilla Strips, Jalapeño Ranch.",8.0,Cyclone Anaya's,"Pickup, Bar and Grill, Mexican, Tex-Mex, Takeout",29.7522488,-95.3768201
"Houston, TX",Chopped Salad,"Chopped Mixed Field Greens, Bacon, House Cheese Blend, Tomatoes, Cilantro Lime Vinaigrette.",7.0,Cyclone Anaya's,"Pickup, Bar and Grill, Mexican, Tex-Mex, Takeout",29.7522488,-95.3768201
"Houston, TX",Del Rio,"Beef Taco, Homemade Tamale, Beef Enchilada, Guacamole, Rice and Beans.",18.0,Cyclone Anaya's,"Pickup, Bar and Grill, Mexican, Tex-Mex, Takeout",29.7522488,-95.3768201
"Houston, TX",Summer Special,"Beef Enchilada, Crispy Beef Taco, Beef Chalupa, Guacamole.",16.0,Cyclone Anaya's,"Pickup, Bar and Grill, Mexican, Tex-Mex, Takeout",29.7522488,-95.3768201
"Houston, TX",Fajita Al Carbon (Combo),"Caramelized Onions, Seared Bell Peppers, Pico De Gallo, Sour Cream, Guacamole, House Cheese Blend.",29.0,Cyclone Anaya's,"Pickup, Bar and Grill, Mexican, Tex-Mex, Takeout",29.7522488,-95.3768201
"Houston, TX",Fajita Al Carbon (Chicken),"Caramelized Onions, Seared Bell Peppers, Pico De Gallo, Sour Cream, Guacamole, House Cheese Blend.",24.0,Cyclone Anaya's,"Pickup, Bar and Grill, Mexican, Tex-Mex, Takeout",29.7522488,-95.3768201
"Houston, TX",Fajita Al Carbon (Beef),"Caramelized Onions, Seared Bell Peppers, Pico De Gallo, Sour Cream, Guacamole, House Cheese Blend.",35.0,Cyclone Anaya's,"Pickup, Bar and Grill, Mexican, Tex-Mex, Takeout",29.7522488,-95.3768201
"Houston, TX",Carne Asada,"Grilled Marinated Steak, Pasilla and Chipotle Compound Butter, Caramelized Onions, Grilled Jalapeño and Lime.",30.0,Cyclone Anaya's,"Pickup, Bar and Grill, Mexican, Tex-Mex, Takeout",29.7522488,-95.3768201
"Houston, TX",Vegetable Fajitas ,"Grilled zucchini, yellow squash, bell peppers, spinach, mushrooms and onions. Served with pico de gallo, sour cream, guacamole, shredded cheese and refried black beans.",16.0,Cyclone Anaya's,"Pickup, Bar and Grill, Mexican, Tex-Mex, Takeout",29.7522488,-95.3768201
"Houston, TX",Carne Asada A La Tampiqueña,"Grilled Marinated Steak, Caramelized Onions and Mushrooms, Peppers, Pasilla and Chipotle Compound Butter, Cheese Enchilada with Poblano Cream Sauce, Chipotle-dusted Tortilla Strips, Grilled Jalapeño and Lime.",32.0,Cyclone Anaya's,"Pickup, Bar and Grill, Mexican, Tex-Mex, Takeout",29.7522488,-95.3768201
"Houston, TX",Beef Shawarma Sandwich,"Beef shawarma, tomatoes, pickles, onions, parsley and tahini sauce wrapped in markook bread.",7.5,Abu Omar Halal,Mediterranean Restaurant,29.760042,-95.362112
"Houston, TX",Beef Shawarma Arabi,"Beef shawarma, pickles, tomatoes, and tahini sauce. Served with pickles and tahini sauce.",10.5,Abu Omar Halal,Mediterranean Restaurant,29.760042,-95.362112
"Houston, TX",Tacos Al Carbon,"Chicken or Beef Fajita, Flour Tortillas, House Queso, Sour Cream, Guacamole, Pico De Gallo",20.0,Cyclone Anaya's,"Pickup, Bar and Grill, Mexican, Tex-Mex, Takeout",29.7522488,-95.3768201
"Houston, TX",Betsy’s Tamales,"Homemade Tamales, Chile Con Carne, Melted Cheese, Onions.",16.0,Cyclone Anaya's,"Pickup, Bar and Grill, Mexican, Tex-Mex, Takeout",29.7522488,-95.3768201
"Houston, TX",Pollo Anaya,"Marinated Grilled Chicken Breast, Lemon Garlic Butter, Sautéed Seasonal Vegetables, Avocado, Tomatoes.",20.0,Cyclone Anaya's,"Pickup, Bar and Grill, Mexican, Tex-Mex, Takeout",29.7522488,-95.3768201
"Houston, TX",Spicy Salmon,"Seared Norwegian Salmon, Habanero Mango Salsa, Sautéed Seasonal Vegetables.",25.0,Cyclone Anaya's,"Pickup, Bar and Grill, Mexican, Tex-Mex, Takeout",29.7522488,-95.3768201
"Houston, TX",Signature Margaritas,,8.8,Cyclone Anaya's,"Pickup, Bar and Grill, Mexican, Tex-Mex, Takeout",29.7522488,-95.3768201
"Houston, TX",Juanitos Superior,"Taco Al Carbon, Cheese Enchilada, Guacamole, Pico De Gallo, Rice and Beans.",18.0,Cyclone Anaya's,"Pickup, Bar and Grill, Mexican, Tex-Mex, Takeout",29.7522488,-95.3768201
"Houston, TX",Miss Piggie,"Freshly Ground Bacon and Beef Patty (Will Always be Pink), House Candied Bacon, Hash Brown, Cheddar, Lettuce, and Tomatoes.",12.5,Stanton's City Bites,"Burgers, Dinner, Bar and Grill",29.7709432,-95.3720701
"Houston, TX",Philly Grilled Cheese Surprise,"Grilled Fresh Jalapenos, Cheddar, and Philadelphia Cream Cheese on Texas Toast.",7.0,Stanton's City Bites,"Burgers, Dinner, Bar and Grill",29.7709432,-95.3720701
"Houston, TX",Chicken Tinga Quesadilla,"Whole wheat tortilla filled with jack cheese, mild green chilis & seasoned chicken. Topped with guacamole, pico de gallo, queso fresco, sour cream and cilantro.",11.0,Barnaby's Cafe,"American (New), Breakfast & Brunch, Salad",29.7633057,-95.3620762
"Houston, TX",Homemade Mac & Cheese,Pasta baked in our four cheese recipe. Topped with bread crumbs,7.0,Barnaby's Cafe,"American (New), Breakfast & Brunch, Salad",29.7633057,-95.3620762
"Houston, TX",Waffle Fries,"Waffle style french fries covered in bleu cheese crumbles, fondue sauce, chopped bacon, scallions, and black pepper.",11.0,Barnaby's Cafe,"American (New), Breakfast & Brunch, Salad",29.7633057,-95.3620762
"Houston, TX",Falafel Salad,"Our salad mix tossed in yogurt & cucumber, tomato, onion, Kalamata olives, and feta cheese on whole wheat tortilla. Topped with falafel pieces, red bell peppers, and herb mix (mint, cilantro, parsley, and sumac).*Dressing is served on the side for to go orders, unless otherwise requested.",14.5,Barnaby's Cafe,"American (New), Breakfast & Brunch, Salad",29.7633057,-95.3620762
"Houston, TX",Luna's Meat Lasagna,"Traditional meat lasagna, topped with chunky, homemade marinara, Parmesan cheese & basil.",17.0,Barnaby's Cafe,"American (New), Breakfast & Brunch, Salad",29.7633057,-95.3620762
"Houston, TX",Spinach & Cheese Lasagna,"Fresh pasta sheets layered with spinach, ricotta, mozzarella, Monterey jack cheese, and Parmesan cheese. Topped with rosa marinara sauce (our homemade marinara mixed with cream), parmesan, and basil.",17.0,Barnaby's Cafe,"American (New), Breakfast & Brunch, Salad",29.7633057,-95.3620762
"Houston, TX",Doctor Gale's Meatloaf,"3/4lb lean ground beef and pork sausage, seasoned with fennel and Italian spices. Topped with sweet marinara. Served with mashed potatoes & the vegetable of the day.",18.5,Barnaby's Cafe,"American (New), Breakfast & Brunch, Salad",29.7633057,-95.3620762
"Houston, TX","Hickory Smoked \Pink\"" Chicken""",With honey barbecue sauce.,19.5,Barnaby's Cafe,"American (New), Breakfast & Brunch, Salad",29.7633057,-95.3620762
"Houston, TX",Chicken Tinga Torta,"Pulled chicken stewed in tomato and Mexican spiced broth. Served open faced with shredded lettuce, tomato, onions, cilantro, sliced avocado, queso fresco, chaloula mayo on a sweet, sourdough hoagie bun.",17.0,Barnaby's Cafe,"American (New), Breakfast & Brunch, Salad",29.7633057,-95.3620762
"Houston, TX",Mexican Carnitas Torta,"Marinated, pulled smoked pork. Served open faced with shredded lettuce, tomato, onions, cilantro, sliced avocado, queso fresco, and Chaloula mayo on a sweet, sourdough hoagie bun.",17.0,Barnaby's Cafe,"American (New), Breakfast & Brunch, Salad",29.7633057,-95.3620762
"Houston, TX",Rainbow Cake,A multi-colored marvel of five moist sponge layers and dreamy vanilla frosting.,8.5,Barnaby's Cafe,"American (New), Breakfast & Brunch, Salad",29.7633057,-95.3620762
"Houston, TX",Soda Bottle, ,3.85,Jersey Mike's Subs,"Sandwiches, Cheesesteaks, Deli, Fast Food",29.7720069,-95.3989044
"Houston, TX",Triple Choco-Chunk Cookie,,3.09,Cheba Hut,Toasted Subs,29.770854,-95.3798034
"Houston, TX",Local Brussels,"Atkinson Farms Brussels, Oyster Mushrooms, Pomegranate Seeds, Butternut Squash, Shallots, Garlic, Toasted Hazelnuts, Honey Whipped Goat Cheese, Banyul's Vinaigrette",14.0,Local Foods,"Sandwiches, Gluten-Free, American (Traditional)",29.7836433,-95.3984864
"Houston, TX",Vegan Power Bowl,"Black Lentils, rice and quinoa pilaf, arugula, roasted root vegetables, apple-cranberry relish, pecans,  smoked harissa",17.25,Local Foods,"Sandwiches, Gluten-Free, American (Traditional)",29.7836433,-95.3984864
"Houston, TX",Tandoori Salmon,"Tandoori Spiced Salmon, Farro Pilaf, Mushrooms, Shallots, Spinach, Roasted Carrots, Tzatziki, Macadamia Nuts",26.5,Local Foods,"Sandwiches, Gluten-Free, American (Traditional)",29.7836433,-95.3984864
"Houston, TX",Local Gumbo,"Gulf Coast Shrimp, Falcon Lake Farms Chicken Sausage, Local Peppers, Okra, Red Beans, Green Onions, Brown Rice",24.25,Local Foods,"Sandwiches, Gluten-Free, American (Traditional)",29.7836433,-95.3984864
"Houston, TX",Beef Stroganoff,"Wagyu Beef, Parmesan,Flying Saucer Cream Sauce, Butternut Squash, Truffle Oil, Pappardelle. Served with Garlic Bread",25.5,Local Foods,"Sandwiches, Gluten-Free, American (Traditional)",29.7836433,-95.3984864
"Houston, TX",Togarashi Crusted Tuna,"Carrot Ginger Sauce, Pioppini Mushrooms, Stir Fried Local Veggies, Sesame Seeds, Green Onion",32.2,Local Foods,"Sandwiches, Gluten-Free, American (Traditional)",29.7836433,-95.3984864
"Houston, TX","Prosecco, Carmina, \Loggia\""""","100% Glera (Prosecco). Sparkling, pale bright lemon. Intense fruit fragrance of peach, pear, green apple and a sensation of citrus fruit that fades into floral with notes of wisteria and acacia. Balanced and smooth with fresh acidity. A “classic” Prosecco. Perfect as an apertif with savory snacks.  Pairs with Seafood, Pasta, Meat Sauces, Fresh Cheeses and white meat.",22.0,Local Foods,"Sandwiches, Gluten-Free, American (Traditional)",29.7836433,-95.3984864
"Houston, TX",77. Beef with Asparagus,,14.95,888 Chinese Restaurant,"Wings, Soup, Chinese, Seafood, Spring Rolls, Asian, Beef, Szechuan, Chow Mein, Fried Rice, Dumplings, Chicken",29.7143389,-95.3162341
"Houston, TX",St. Arnold Oktoberfest,"A full bodied, malty, slightly sweet beer celebrating the Autumn harvest.  6.6% ABV",5.75,Local Foods,"Sandwiches, Gluten-Free, American (Traditional)",29.7836433,-95.3984864
"Houston, TX","Chablis, Jean Collet","Roman Collet is considered a top 5 producer in Chablis and this elegant and expressive wine is a quintessential example of what the chardonnay grape is capable of in the region of Chablis. This is a complex, yet easy-drinking wine that showcases beautiful notes of pear, red apple, white flowers, hazelnuts, all underlined by a fresh backbone of minerality. White burgundy is all about balance, this ain't your bottle of supermarket\ buttery\"" chard!!""",39.25,Local Foods,"Sandwiches, Gluten-Free, American (Traditional)",29.7836433,-95.3984864
"Houston, TX","Chardonnay, Rombauer","Ripe peach, citrus fruits, spice, and pie crust aromas all mingle and lift from the glass. The citrus supported by notes of apricot continues onto the palate which is concentrated with a rich, creamy middle palate, and strong supporting acidity. The finish is long and marked with hints of vanilla. This wine will continue to build richness as it ages in the bottle.",45.0,Local Foods,"Sandwiches, Gluten-Free, American (Traditional)",29.7836433,-95.3984864
"Houston, TX","Prosecco, Le Colture \Fagher\""""","Dry, elegant, well-balanced D.O.C.G. Spumante Brut by Le Colture, one of the most prestigious wineries in Valdobbiadene. Fragrant white spring flowers, yellow peach and citrus aromas lead the nose. The racy palate offers abundant notes of pineapple, juicy green grapes, and a hint of nut alongside invigorating bubbles and bright acidity. Delicate but not shy, this sparkling wine has enough finesse to be pretty and enough personality to be the star of the show. It will pair well with a variety of foods and will please even the most discriminating Champagne drinker.",24.25,Local Foods,"Sandwiches, Gluten-Free, American (Traditional)",29.7836433,-95.3984864
"Houston, TX","Rosé, Beaujolais Rosé, Kermit Lynch","A simple Beaujolais in name and in price, Dupeuble’s rosé (and red . . . and white, for that matter) should not be mistaken for a basic bottle of wine. Sure, it is supremely thirst-quenching, as any self-respecting rosé should be, and it is darn fun to drink—we are talking about Beaujolais, after all. But consider that the Gamay vines here are up to seventy years old, and they grow in an intricate mix of granite, clay, and sandy soils. The outcome is a wine of real substance, with an extra dimension of depth along with an array of delightful flavors and textures.",23.0,Local Foods,"Sandwiches, Gluten-Free, American (Traditional)",29.7836433,-95.3984864
"Houston, TX","Sparkling, Azimut Brut Cava Nature","This organic sparkling wine hails from the Catalonia region of Spain. Fresh citrus and stone fruit aromas layered with hints of bergamot and chamomile. On the palate, more citrus and white flowers, but with nutty notes. Despite the natural style, and minimal intervention, these are some clean, refreshing, and crushable bubbles.",26.5,Local Foods,"Sandwiches, Gluten-Free, American (Traditional)",29.7836433,-95.3984864
"Houston, TX",SALLY RIDE,"Vegan Turkey, Avocado, Provolone Cheese, and Ike's DirtySecret Sauce",14.41,Ike's Love & Sandwiches,"Ike's Love & Sandwiches has over 800 sandwiches for everyone, whether you're a carnivore, vegetarian, or vegan.",29.790485,-95.3980772
"Houston, TX",Hollywood's Houston Steak,"Pinkertons Brisket (Non Halal), Steak, Grilled Mushrooms,Provolone Cheese, and Ike's Dirty Secret Sauce",18.81,Ike's Love & Sandwiches,"Ike's Love & Sandwiches has over 800 sandwiches for everyone, whether you're a carnivore, vegetarian, or vegan.",29.790485,-95.3980772
"Houston, TX",Grant Pinkerton,"Non-Halal Pinkerton Brisket, Pastrami, Pinkertons BBQAioli, Provolone Cheese, and Ike's Dirty Secret Sauce",18.81,Ike's Love & Sandwiches,"Ike's Love & Sandwiches has over 800 sandwiches for everyone, whether you're a carnivore, vegetarian, or vegan.",29.790485,-95.3980772
"Houston, TX",9. Monster Preparado (Large Only),,7.0,Refresqueria El Caribeño,"Smoothies, Ice Cream, Fruit",29.7118789,-95.316327
"Houston, TX",Mango and Sticky Rice,,6.95,Asia Market Restaurant,"Thai, Appetizers, Noodles, Curry, Salads",29.80393,-95.36825
"Houston, TX",Cookie Butter Pudding,,10.99,Howdy Hot Chicken,Howdy Hot Chicken,29.7343856,-95.4109825
"Houston, TX",Whole Milk,Looking for whole milk and nothing but the milk? We've got you covered with an icy-cold bottle of whole milk.,4.25,Insomnia Cookies,"Cookies, Dessert, Chocolate chip cookie, Snacks, Snacks & Sweets, Fast Food, Sweets",29.7177358,-95.417969
"Houston, TX",White Chocolate Macadamia,This snack operates on island time. A coconut-y cookie with bits of macadamia nut and creamy white chocolate chips.,2.75,Insomnia Cookies,"Cookies, Dessert, Chocolate chip cookie, Snacks, Snacks & Sweets, Fast Food, Sweets",29.7177358,-95.417969
"Houston, TX",Double Chocolate Chunk,"Our dark chocolate cookie is taken to its drool-worthy peak with chunks of smooth, melty milk chocolate.",2.75,Insomnia Cookies,"Cookies, Dessert, Chocolate chip cookie, Snacks, Snacks & Sweets, Fast Food, Sweets",29.7177358,-95.417969
"Houston, TX",Ocean Trout CUT,"ocean trout*, radish sprouts, micro-cilantro, fried shallots, yuzu soy (8pcs)*Eating raw or undercooked foods may increase the risk of foodborne illness.",10.0,Hando,"Sushi Bars, Asian Fusion, Asian, Sushi, Japanese",29.7903602,-95.4030538
"Houston, TX",Pork Belly Skewers,"sous vide pork, pineapple (2 pcs)",7.0,Hando,"Sushi Bars, Asian Fusion, Asian, Sushi, Japanese",29.7903602,-95.4030538
"Houston, TX",Platanos Maduros,,4.0,Plant Rebelde LLC,"Vegan, Pie, Cupcakes, Bakery, Cookies, Empanadas, Sandwich, Fries",29.7226889,-95.3704827
"Houston, TX",Pumpkin Spice Tres Leches,Pumpkin Spice sponge cake soaked in our tres leches mixture topped with vegan whipped cream and a dash of cinnamon,8.0,Plant Rebelde LLC,"Vegan, Pie, Cupcakes, Bakery, Cookies, Empanadas, Sandwich, Fries",29.7226889,-95.3704827
"Houston, TX",Buckaroo,"Shredded beef barbacoa topped with fresh avocado queso fresco, cilantro, and onions served with a lime wedge",5.15,Lone Star Taco,"Tex-Mex, Sandwich, Takeout, Pickup, Lunch, Breakfast, Mexican, Tacos",29.760042,-95.362112
"Houston, TX",Mexican Coke,,3.35,Lone Star Taco,"Tex-Mex, Sandwich, Takeout, Pickup, Lunch, Breakfast, Mexican, Tacos",29.760042,-95.362112
"Houston, TX",Mac & Cheese Balls ,3 delicious hand-breaded mac & cheese balls.,8.49,Twisted Grilled Cheese,Twisted Grilled Cheese,29.7703302,-95.4179692
"Houston, TX",Sweet Tea,,2.1,Sichuan Pepper Express,"Chinese, Fried Rice, Party Platers, Soup, Salads",29.8161538,-95.4109316
"Houston, TX",Party Tray,"Mei fun, fried rice, chow mein, mixed vegetable.",32.0,Sichuan Pepper Express,"Chinese, Fried Rice, Party Platers, Soup, Salads",29.8161538,-95.4109316
"Houston, TX",Tekka Maki,Fresh Tuna Roll with Sushi Rice. (8 Pcs),9.0,Cafe Ginger,"Chinese, Takeout, Seafood, Pickup, Sushi Bars",29.754336,-95.402018
"Houston, TX",Khao Piak Sen,Laos style noodle with chicken.,16.0,Street Food Thai Market,"Asian, Thai, Takeout, Pickup, Laotian",29.8042275,-95.3851559
"Houston, TX",Sweet Sticky Rice with Mango,,14.0,Street Food Thai Market,"Asian, Thai, Takeout, Pickup, Laotian",29.8042275,-95.3851559
"Houston, TX",Sweet Sticky Rice w/Mango,,14.0,Street Food Thai Market,"Asian, Thai, Takeout, Pickup, Laotian",29.8042275,-95.3851559
"Houston, TX",Pla Som Tod,Deep fried sour fish topped with crispy fried garlic and onion.,26.0,Street Food Thai Market,"Asian, Thai, Takeout, Pickup, Laotian",29.8042275,-95.3851559
"Houston, TX",Pad Woon Sen with Chicken,"Stir Fried Clear Noodle w/ Cabbage, Carrot, Tomato and Onion.",18.0,Street Food Thai Market,"Asian, Thai, Takeout, Pickup, Laotian",29.8042275,-95.3851559
"Houston, TX",Pad Woon Sen with Shrimp,"Stir Fried Clear Noodle w/ Cabbage, Carrot, Tomato and Onion.",20.0,Street Food Thai Market,"Asian, Thai, Takeout, Pickup, Laotian",29.8042275,-95.3851559
"Houston, TX",Pad Woon Sen with Vegetable & Tofu,"Stir Fried Clear Noodle w/ Cabbage, Carrot, Tomato and Onion.",18.0,Street Food Thai Market,"Asian, Thai, Takeout, Pickup, Laotian",29.8042275,-95.3851559
"Houston, TX",Pad Woon Sen with Beef,"Stir Fried Clear Noodle w/ Cabbage, Carrot, Tomato and Onion.",18.0,Street Food Thai Market,"Asian, Thai, Takeout, Pickup, Laotian",29.8042275,-95.3851559
"Houston, TX",Pad Woon Sen with Pork,"Stir Fried Clear Noodle w/ Cabbage, Carrot, Tomato and Onion.",18.0,Street Food Thai Market,"Asian, Thai, Takeout, Pickup, Laotian",29.8042275,-95.3851559
"Houston, TX",Pad Woon Sen with Nam,,25.0,Street Food Thai Market,"Asian, Thai, Takeout, Pickup, Laotian",29.8042275,-95.3851559
"Houston, TX",Pad Woon Sen with Crabmeat,,25.0,Street Food Thai Market,"Asian, Thai, Takeout, Pickup, Laotian",29.8042275,-95.3851559
"Houston, TX",DS-6 Sticky Rice with ice-cream,,10.95,Thai Pepper,Exquisite Thai Cuisine,29.7383305,-95.4101747
"Houston, TX",N-4 Bangkok Chicken Noodle,"Finely chopped chicken breast sautéed with yellow curry powder, fresh garlic, yellow onions, green onions and tomatoes; served over pan-fried flat rice noodles and lettuce.",16.95,Thai Pepper,Exquisite Thai Cuisine,29.7383305,-95.4101747
"Houston, TX",CARROT CAKE,THICK 2-LAYER CARROT CAKE,7.2,Jenni's Noodle House,"Vietnamese, Thai, Asian Fusion, htownathlete",29.7381472,-95.4103748
"Houston, TX",Shrimp Po'Boy,"Comes with 6 pieces jumbo shrimp, and Da Chicken Lab coleslaw.",14.0,Da Chicken Lab LLC -,"Seafood, Chicken Wings",29.7404489,-95.3607298
"Houston, TX",Dash Famous Nachos,"Comes with cheese, beef, sour cream lettuce and tomatoes.",8.0,Da Chicken Lab LLC -,"Seafood, Chicken Wings",29.7404489,-95.3607298
"Houston, TX",French Fries,,6.0,Max's Wine Dive,"American (New), Breakfast & Brunch",29.7708299,-95.4090042
"Houston, TX",Hot Boiled Shrimp (1lb.),,19.95,Flying Fish,"Seafood, Cajun/Creole, Fish & Chips",29.8023816,-95.4125681
"Houston, TX",Jala-Pena Roll,,12.0,The Fish,"Seafood, Nigiri, Sashimi, Salads",29.7521219,-95.3766822
"Houston, TX",Space City roll,,15.0,The Fish,"Seafood, Nigiri, Sashimi, Salads",29.7521219,-95.3766822
"Houston, TX",Chicken Wings with 2 Sides,,16.0,Black Pulse,Black Pulse,29.7440596,-95.3921252
"Houston, TX",Surf N Turf Fries,,16.0,Black Pulse,Black Pulse,29.7440596,-95.3921252
"Houston, TX",Catfish Seafod Pasta,,20.0,Black Pulse,Black Pulse,29.7440596,-95.3921252
"Houston, TX",Collard Greens,,3.5,Black Pulse,Black Pulse,29.7440596,-95.3921252
"Houston, TX",Soda,"Pepsi, Sprite, A&W, Dr. Pepper",1.0,Black Pulse,Black Pulse,29.7440596,-95.3921252
"Houston, TX",Kool-Aid,"Cherry, Grape, and Blue Raspberry mix together.16oz Cup.",3.0,Black Pulse,Black Pulse,29.7440596,-95.3921252
"Houston, TX",Cherry Lemonade,16oz cup.,4.0,Black Pulse,Black Pulse,29.7440596,-95.3921252
"Houston, TX",Brownies,,3.75,Star Pizza 2,"Pizza, Salad, Italian",29.7700571,-95.3961846
"Houston, TX",Cupcake,,2.5,Star Pizza 2,"Pizza, Salad, Italian",29.7700571,-95.3961846
"Houston, TX",The Impossible Potsticker ,"Gluten-free potstickers filled with Impossible Beef, fresh garlic, and fresh ginger. Pan fried. 5 per order. (Gluten-Free & Vegan)",12.0,lulubowls (Hawaiian-Inspired Bowls),Hawaiian-inspired bowls concept.,29.7226889,-95.3704827
"Houston, TX",Sweet Loren's Chocolate Chunk Edible Cookie Dough,"Creamy, smooth and scoop-able gluten-free cookie dough. Delicious taste from only clean ingredients. Spoon under lid (3.6 oz). (Gluten-free, vegan)",7.75,lulubowls (Hawaiian-Inspired Bowls),Hawaiian-inspired bowls concept.,29.7226889,-95.3704827
"Houston, TX",Banana Chia Pudding,"Chia seeds soaked overnight in oat milk and sweetened with raw cane sugar. (Gluten-free, vegan)",6.5,lulubowls (Hawaiian-Inspired Bowls),Hawaiian-inspired bowls concept.,29.7226889,-95.3704827
"Houston, TX",Arugula Salad,"arugula, cherry tomatoes, with a gorgonzola walnut dressing",7.0,Luigi's Cucina Italiana,Italian,29.7375984,-95.4265245
"Houston, TX",Caesar Salad,romaine lettuce with a homemade dressing,7.0,Luigi's Cucina Italiana,Italian,29.7375984,-95.4265245
"Houston, TX",Butter/Sugar Cookie,Made with smooth and creamy butter blended with the right amount of sugar. It checks the box for the simple things in life. ,3.03,Lucy Pearl's,"Dessert, Cakes, Pie, Organic Cakes, Pancakes, Desserts, Cupcakes",29.7662149,-95.3648839
"Houston, TX",Macadamia White Choc Chip,"We mixed  white chocolate with roasted macadamia nuts to make a a soft, sweet and salty cookie that will sure to be a crowd pleaser.",3.03,Lucy Pearl's,"Dessert, Cakes, Pie, Organic Cakes, Pancakes, Desserts, Cupcakes",29.7662149,-95.3648839
"Houston, TX",Turtle Cheesecake-Slice,"Creamy vanilla cheesecake sits on a chocolate cookie crumb base and is topped with toasted pecans, gooey caramel and chocolate.",9.9,Lucy Pearl's,"Dessert, Cakes, Pie, Organic Cakes, Pancakes, Desserts, Cupcakes",29.7662149,-95.3648839
"Houston, TX",Red Velvet Cheesecake-Slice,"A red velvet cake is a fluffy, cocoa-scented cake that's layered with a cream.                                                                                             Ingredients: Butter, Sugar, Cream Cheese, Sour Cream, Milk, Baking Cocoa, Vanilla Extract, Eggs and Red Food Coloring.",9.9,Lucy Pearl's,"Dessert, Cakes, Pie, Organic Cakes, Pancakes, Desserts, Cupcakes",29.7662149,-95.3648839
"Houston, TX",Peanut Butter,"The flavor of a peanut butter cookie is just hard to beat. They’re perfectly sweet and buttery rich, and they’re sure to satisfy that peanut butter craving.                                                                Ingredients: All-purpose Flour, Baking Soda, Baking Powder, Salt, Unsalted Butter, Granulated Sugar, Brown sugar, Creamy Peanut Butter, Egg and Vanilla Extract.",3.03,Lucy Pearl's,"Dessert, Cakes, Pie, Organic Cakes, Pancakes, Desserts, Cupcakes",29.7662149,-95.3648839
"Houston, TX",Chocolate Chip w/Pecans,Delicious Brown Butter Pecan Chocolate chip cookies loaded with pecans and cinnamon are the ultimate chewy & gooey cookies.,3.03,Lucy Pearl's,"Dessert, Cakes, Pie, Organic Cakes, Pancakes, Desserts, Cupcakes",29.7662149,-95.3648839
"Houston, TX",Sweet Loren's Chocolate Chunk Edible Cookie Dough,"Creamy, smooth and scoop-able gluten-free cookie dough. Delicious taste from only clean ingredients. Spoon under lid (3.6 oz). (Gluten-free, vegan)",7.75,The Picky Vegan,Vegan Bowls and Salads,29.7226889,-95.3704827
"Houston, TX",Banana Chia Pudding,"Chia seeds soaked overnight in oat milk and sweetened with raw cane sugar. (Gluten-free, vegan)",6.5,The Picky Vegan,Vegan Bowls and Salads,29.7226889,-95.3704827
"Houston, TX",Sweet Loren's Chocolate Chunk Edible Cookie Dough,"Creamy, smooth and scoop-able gluten-free cookie dough. Delicious taste from only clean ingredients. Spoon under lid (3.6 oz). (Gluten-free, vegan)",7.75,Malibu Wings (Plant Based Wing Shop),"Wings, Chicken Wings, Fries, Vegan, Vegetarian",29.7226889,-95.3704827
"Houston, TX",Banana Chia Pudding,"Chia seeds soaked overnight in oat milk and sweetened with raw cane sugar. (Gluten-free, vegan)",6.5,Malibu Wings (Plant Based Wing Shop),"Wings, Chicken Wings, Fries, Vegan, Vegetarian",29.7226889,-95.3704827
"Houston, TX",The Medium Bobbie,"A Thanksgiving classic. Whole turkeys are slow-roasted in house to make a turkey masterpiece with cranberry sauce, handmade stuffing, and mayo.",12.59,Capriotti's,"Wagyu, Cheesesteaks, American, Sandwiches",29.7893196,-95.4111361
"Houston, TX",The Large Bobbie,"A Thanksgiving classic. Whole turkeys are slow-roasted in house to make a turkey masterpiece with cranberry sauce, handmade stuffing, and mayo.",20.99,Capriotti's,"Wagyu, Cheesesteaks, American, Sandwiches",29.7893196,-95.4111361
"Houston, TX",Hot Bobbie,"A Thanksgiving classic served warm. Whole turkeys are slow-roasted in house, to make a turkey masterpiece with cranberry sauce, handmade stuffing, and mayo.",7.29,Capriotti's,"Wagyu, Cheesesteaks, American, Sandwiches",29.7893196,-95.4111361
"Houston, TX",The Small Bobbie,"A Thanksgiving classic. Whole turkeys are slow-roasted in house to make a turkey masterpiece with cranberry sauce, handmade stuffing, and mayo.",10.99,Capriotti's,"Wagyu, Cheesesteaks, American, Sandwiches",29.7893196,-95.4111361
"Houston, TX",(3) Pork & Green Chile Empanada,Served with avocado crema.,6.75,Goode Co Armadillo Palace,"Salads, Sandwiches, Dessert, Iced Teas",29.727393,-95.418325
"Houston, TX",Fried Okra,Served with spicy mayo.,6.75,Goode Co Armadillo Palace,"Salads, Sandwiches, Dessert, Iced Teas",29.727393,-95.418325
"Houston, TX",The Half Bobbie,"A Thanksgiving classic. Whole turkeys are slow-roasted in house to make a turkey masterpiece with cranberry sauce, handmade stuffing, and mayo.",7.29,Capriotti's,"Wagyu, Cheesesteaks, American, Sandwiches",29.7893196,-95.4111361
"Houston, TX",Butter Biscuits (4),"hand rolled and punched, fresh baked",5.0,Goode Co Armadillo Palace,"Salads, Sandwiches, Dessert, Iced Teas",29.727393,-95.418325
"Houston, TX",The Half Bobbie Combo,"A Thanksgiving classic. Whole turkeys are slow-roasted in house to make a turkey masterpiece with cranberry sauce, handmade stuffing, and mayo. Comes with chips, cookie, and your choice of drink.",11.79,Capriotti's,"Wagyu, Cheesesteaks, American, Sandwiches",29.7893196,-95.4111361
"Houston, TX",Taquitos Dorados,Served with avocado crema.,11.0,Goode Co Armadillo Palace,"Salads, Sandwiches, Dessert, Iced Teas",29.727393,-95.418325
"Houston, TX",The Small Bobbie Combo,"A Thanksgiving classic. Whole turkeys are slow-roasted in house to make a turkey masterpiece with cranberry sauce, handmade stuffing, and mayo. Comes with chips, cookie, and your choice of drink.",15.49,Capriotti's,"Wagyu, Cheesesteaks, American, Sandwiches",29.7893196,-95.4111361
"Houston, TX",Deer Camp Quail Runners,Bacon-wrapped and roasted over mesquite on a bed of bacon cheddar grits.,17.5,Goode Co Armadillo Palace,"Salads, Sandwiches, Dessert, Iced Teas",29.727393,-95.418325
"Houston, TX",The Medium Bobbie Combo,"A Thanksgiving classic. Whole turkeys are slow-roasted in house to make a turkey masterpiece with cranberry sauce, handmade stuffing, and mayo. Comes with chips, cookie, and your choice of drink.",17.09,Capriotti's,"Wagyu, Cheesesteaks, American, Sandwiches",29.7893196,-95.4111361
"Houston, TX",Cantina Queso,Melted American and sharp cheddar cheeses with pickled jalapenos.,9.0,Goode Co Armadillo Palace,"Salads, Sandwiches, Dessert, Iced Teas",29.727393,-95.418325
"Houston, TX",The Large Bobbie Combo,"A Thanksgiving classic. Whole turkeys are slow-roasted in house to make a turkey masterpiece with cranberry sauce, handmade stuffing, and mayo. Comes with chips, cookie, and your choice of drink.",25.49,Capriotti's,"Wagyu, Cheesesteaks, American, Sandwiches",29.7893196,-95.4111361
"Houston, TX",Kenedy Ranch Carne Discada,"South Texas vaquero-inspired stew with tender skirt steak, salsa ranchera, cerveza and handmade corn tortillas.",15.5,Goode Co Armadillo Palace,"Salads, Sandwiches, Dessert, Iced Teas",29.727393,-95.418325
"Houston, TX",Hot Bobbie Combo,"A Thanksgiving classic served warm. Whole turkeys are slow-roasted in house, to make a turkey masterpiece with cranberry sauce, handmade stuffing, and mayo.",11.79,Capriotti's,"Wagyu, Cheesesteaks, American, Sandwiches",29.7893196,-95.4111361
"Houston, TX",Grilled Chicken Skewers,Served with white BBQ sauce.,13.25,Goode Co Armadillo Palace,"Salads, Sandwiches, Dessert, Iced Teas",29.727393,-95.418325
"Houston, TX",Redfish Taco,"Crispy beer-battered fish with pineapple habanero salsa, cabbage slaw, pico de gallo and crema.",7.75,Goode Co Armadillo Palace,"Salads, Sandwiches, Dessert, Iced Teas",29.727393,-95.418325
"Houston, TX",Fried Pork Skins,White cheddar dust.,4.5,Goode Co Armadillo Palace,"Salads, Sandwiches, Dessert, Iced Teas",29.727393,-95.418325
"Houston, TX",BLT Chopped,"Thick-cut bacon, heirloom tomato, crumbled blue cheese, buttermilk dressing, and croutons.",13.25,Goode Co Armadillo Palace,"Salads, Sandwiches, Dessert, Iced Teas",29.727393,-95.418325
"Houston, TX",The Bartlett,"Wood-roasted chicken, romaine, spinach, Texas goat cheese, strawberries, candied pecans, white balsamic vinaigrette.",15.5,Goode Co Armadillo Palace,"Salads, Sandwiches, Dessert, Iced Teas",29.727393,-95.418325
"Houston, TX",Tomato Salad,"Heirloom tomatoes, cucumber, onion, fresh herbs, sea salt and vinaigrette.",11.0,Goode Co Armadillo Palace,"Salads, Sandwiches, Dessert, Iced Teas",29.727393,-95.418325
"Houston, TX",Simple House Salad,"Tomatoes, cucumber, onion, radishes, carrots, croutons and your choice of dressing.",6.75,Goode Co Armadillo Palace,"Salads, Sandwiches, Dessert, Iced Teas",29.727393,-95.418325
"Houston, TX",Damn Goode Burger,,14.5,Goode Co Armadillo Palace,"Salads, Sandwiches, Dessert, Iced Teas",29.727393,-95.418325
"Houston, TX",The Yardbird,"Mesquite-grilled chicken breast, Swiss cheese, bacon, mayo, lettuce and avocado on a buttered and toasted homemade bun.",15.5,Goode Co Armadillo Palace,"Salads, Sandwiches, Dessert, Iced Teas",29.727393,-95.418325
"Houston, TX","Carne Asada, 10oz","Skirt steak grilled over mesquite with toreados, cebollitas, salsa and homemade tortillas.",33.0,Goode Co Armadillo Palace,"Salads, Sandwiches, Dessert, Iced Teas",29.727393,-95.418325
"Houston, TX",Chicken Tenders (5),"Hand-breaded and crispy-fried, served with French fries.",16.5,Goode Co Armadillo Palace,"Salads, Sandwiches, Dessert, Iced Teas",29.727393,-95.418325
"Houston, TX",Spit-Roasted Chicken,"Slow-roasted over mesquite and basted with garlic, lemon and thyme.",18.75,Goode Co Armadillo Palace,"Salads, Sandwiches, Dessert, Iced Teas",29.727393,-95.418325
"Houston, TX",Chile Con Carne - Bowl,"Our signature chile served with cheddar, jalapenos, onion and Fritos.",12.0,Goode Co Armadillo Palace,"Salads, Sandwiches, Dessert, Iced Teas",29.727393,-95.418325
"Houston, TX","Heritage Pork Chop, 12oz",House cured and slow-roasted over mesquite coals with tomato-bacon jam.,30.0,Goode Co Armadillo Palace,"Salads, Sandwiches, Dessert, Iced Teas",29.727393,-95.418325
"Houston, TX",Redfish on the Half Shell,Served fish camp style - it'll save you the sunburn!,37.0,Goode Co Armadillo Palace,"Salads, Sandwiches, Dessert, Iced Teas",29.727393,-95.418325
"Houston, TX",Chile Con Carne - Cup,"Our signature chile served with cheddar, jalapenos, onion and Fritos.",8.0,Goode Co Armadillo Palace,"Salads, Sandwiches, Dessert, Iced Teas",29.727393,-95.418325
"Houston, TX",White Cheddar Mac & Cheese,,6.75,Goode Co Armadillo Palace,"Salads, Sandwiches, Dessert, Iced Teas",29.727393,-95.418325
"Houston, TX",Elote-Style Creamed Corn,,6.75,Goode Co Armadillo Palace,"Salads, Sandwiches, Dessert, Iced Teas",29.727393,-95.418325
"Houston, TX",Hand Cut French Fries,,5.5,Goode Co Armadillo Palace,"Salads, Sandwiches, Dessert, Iced Teas",29.727393,-95.418325
"Houston, TX",Creamy Red Beans & Rice,,6.75,Goode Co Armadillo Palace,"Salads, Sandwiches, Dessert, Iced Teas",29.727393,-95.418325
"Houston, TX",Grilled Broccolini,Served with Pecorino Romano and lemon.,6.75,Goode Co Armadillo Palace,"Salads, Sandwiches, Dessert, Iced Teas",29.727393,-95.418325
"Houston, TX",Collard Greens,Smoked chicken & pot likker.,6.75,Goode Co Armadillo Palace,"Salads, Sandwiches, Dessert, Iced Teas",29.727393,-95.418325
"Houston, TX",Bacon Cheddar Grits,,6.75,Goode Co Armadillo Palace,"Salads, Sandwiches, Dessert, Iced Teas",29.727393,-95.418325
"Houston, TX",Side Queso,,3.0,Goode Co Armadillo Palace,"Salads, Sandwiches, Dessert, Iced Teas",29.727393,-95.418325
"Houston, TX",Side Guacamole,,3.5,Goode Co Armadillo Palace,"Salads, Sandwiches, Dessert, Iced Teas",29.727393,-95.418325
"Houston, TX",Texas Chocolate Sheet Cake,Contains nuts.,6.75,Goode Co Armadillo Palace,"Salads, Sandwiches, Dessert, Iced Teas",29.727393,-95.418325
"Houston, TX",Brazos Bottom Pecan Pie - Slice,Fresh baked in our kitchen daily. Contains nuts.,6.0,Goode Co Armadillo Palace,"Salads, Sandwiches, Dessert, Iced Teas",29.727393,-95.418325
"Houston, TX",Chocolate Chip Cookies,,6.75,Goode Co Armadillo Palace,"Salads, Sandwiches, Dessert, Iced Teas",29.727393,-95.418325
"Houston, TX",Pecan Pie - Whole,fresh baked in our kitchen daily,22.0,Goode Co Armadillo Palace,"Salads, Sandwiches, Dessert, Iced Teas",29.727393,-95.418325
"Houston, TX",Pecan Pie in Wooden Box,,45.0,Goode Co Armadillo Palace,"Salads, Sandwiches, Dessert, Iced Teas",29.727393,-95.418325
"Houston, TX",Iced Tea - Sweet - One Gallon,,13.0,Goode Co Armadillo Palace,"Salads, Sandwiches, Dessert, Iced Teas",29.727393,-95.418325
"Houston, TX",Fresh-Squeezed Lemonade - One Gallon,,16.95,Goode Co Armadillo Palace,"Salads, Sandwiches, Dessert, Iced Teas",29.727393,-95.418325
"Houston, TX",Iced Tea - Regular - One Gallon,,13.0,Goode Co Armadillo Palace,"Salads, Sandwiches, Dessert, Iced Teas",29.727393,-95.418325
"Houston, TX",Avocado Roll,,5.45,Poke Fresh,"Asian, Poke, Japanese, Sushi Bars",29.7581013,-95.3699503
"Houston, TX",Peanut Avocado Roll,,5.45,Poke Fresh,"Asian, Poke, Japanese, Sushi Bars",29.7581013,-95.3699503
"Houston, TX",Pure Leaf,"Real brewed tea, sweet tea.",3.0,Poke Fresh,"Asian, Poke, Japanese, Sushi Bars",29.7581013,-95.3699503
"Houston, TX",Mini Bun,"Minced pork, scallion and ginger wrapped and steamed in its own aromatic broth.",10.0,Mint Thai Kitchen,"Thai, Asian",29.7601874,-95.3986191
"Houston, TX",Queso Flameado,"Chorizo, chicken fajita, vegetable, mixed fajita, beef fajita, shrimp.",17.25,Fiesta En Guadalajara,"Salads, Enchiladas, Fajitas",29.7930411,-95.3606304
"Houston, TX",Nachos Palenque,"Bean and cheese, ground beef, chicken fajita, beef fajita, mixed fajita.",12.75,Fiesta En Guadalajara,"Salads, Enchiladas, Fajitas",29.7930411,-95.3606304
"Houston, TX",Chile Con Queso,,10.25,Fiesta En Guadalajara,"Salads, Enchiladas, Fajitas",29.7930411,-95.3606304
"Houston, TX",Quesadillas,"Vegetable, chicken fajita, mix fajita, beef fajita, shrimp fajita.",17.25,Fiesta En Guadalajara,"Salads, Enchiladas, Fajitas",29.7930411,-95.3606304
"Houston, TX",Mini Chimis,(6) ground beef mini chimichangas and a small side of queso.,12.75,Fiesta En Guadalajara,"Salads, Enchiladas, Fajitas",29.7930411,-95.3606304
"Houston, TX",Chicken Diablos,"(4) grilled chicken strips paired with mild jalapeño slice and fresco cheese, wrapped in bacon, served with a small side of queso.",17.25,Fiesta En Guadalajara,"Salads, Enchiladas, Fajitas",29.7930411,-95.3606304
"Houston, TX",Camaron Brocheta,"(4) jumbo grilled shrimp paired with a jalapeño, monterey cheese and wrapped in bacon, served with rice, charro beans and a small side of queso.",22.95,Fiesta En Guadalajara,"Salads, Enchiladas, Fajitas",29.7930411,-95.3606304
"Houston, TX",Nachos Picantes,"Nachos topped with spicy chorizo, pico de gallo and cheese.",14.5,Fiesta En Guadalajara,"Salads, Enchiladas, Fajitas",29.7930411,-95.3606304
"Houston, TX",Buffalo Wings,"(12) wings in buffalo sauce, served with celery, carrots and ranch dressing.",16.25,Fiesta En Guadalajara,"Salads, Enchiladas, Fajitas",29.7930411,-95.3606304
"Houston, TX",Botanas Fiesta,"1/2 order of mixed fajita quesadillas, (4) mix fajita nachos, (4) small shredded chicken flautas and (2) camaron brochetas.",25.25,Fiesta En Guadalajara,"Salads, Enchiladas, Fajitas",29.7930411,-95.3606304
"Houston, TX",Camaron Aguachiles **,"**Items may be cooked to order, are served raw or undercooked, or may contain raw or uncooked ingredients. Consuming raw or undercooked meats, poultry, seafood, shellfish, or eggs may increase your risk of foodborne illness, especially if you have certain medical conditions. Gulf shrimp sautéed in aguachile salsa, served with sliced cucumbers, red onions and sprinkled with tajin.",22.95,Fiesta En Guadalajara,"Salads, Enchiladas, Fajitas",29.7930411,-95.3606304
"Houston, TX",Camaron Botana,"Gulf shrimp boiled in our special mexican cajun fusion broth, served with boiled corn and potatoes.",16.25,Fiesta En Guadalajara,"Salads, Enchiladas, Fajitas",29.7930411,-95.3606304
"Houston, TX",Mexican Ceviche**,"**Items may be cooked to order, are served raw or undercooked, or may contain raw or uncooked ingredients. Consuming raw or undercooked meats, poultry, seafood, shellfish, or eggs may increase your risk of foodborne illness, especially if you have certain medical conditions.",16.25,Fiesta En Guadalajara,"Salads, Enchiladas, Fajitas",29.7930411,-95.3606304
"Houston, TX",Fresh Ginger Beef,,15.35,Auntie Chang's Dumpling House,"Chinese, Asian, Dumplings, Noodles, Takeout",29.7409587,-95.410312
"Houston, TX",Strawberry,Strawberry cake studded with fresh strawberries and topped with strawberry frosting.,5.25,Crave Cupcakes,"Dessert, Takeout, Pickup, Cupcakes",29.7214356,-95.4189031
"Houston, TX",Coconut,Vanilla cake with Coconut cream cheese frosting.	,5.25,Crave Cupcakes,"Dessert, Takeout, Pickup, Cupcakes",29.7214356,-95.4189031
"Houston, TX",BYO Peanut Satay Bowl,"Build your own bowl with our housemade peanut satay sauce. Pick your own veggies, protein, base, and toppings!",13.0,Bangkok Bowls,"Thai, Vegan, Healthy",29.7226889,-95.3704827
"Houston, TX",Peanut Satay Bowl,"Marinated chicken with peanut sauce, peppers & onions, roasted mushrooms, chili-dusted pineapple, marinated cucumbers, basil, sesame seeds, and chopped peanuts. Served with a lime wedge and a base of your choice. (Gluten-Free)",13.0,Bangkok Bowls,"Thai, Vegan, Healthy",29.7226889,-95.3704827
"Houston, TX",The Impossible Potsticker,"Gluten-free potstickers filled with Impossible Beef, fresh garlic, and fresh ginger. Pan fried and served with our house-made ginger garlic sauce. 5 per order. (Gluten-Free & Vegan)",12.0,Bangkok Bowls,"Thai, Vegan, Healthy",29.7226889,-95.3704827
"Houston, TX",Thai Peanut Salad,"Mixed greens,sauteed mushrooms, peppers, basil,roasted peanuts, sesame seeds, peanut dressing, lemon wedge. Served with a base of your choice and either roasted antibiotic-free chicken or roasted sesame tofu. (Gluten-Free & Vegan)",14.0,Bangkok Bowls,"Thai, Vegan, Healthy",29.7226889,-95.3704827
"Houston, TX",Sweet Loren's Chocolate Chunk Edible Cookie Dough,"Creamy, smooth and scoop-able gluten-free cookie dough. Delicious taste from only clean ingredients. Spoon under lid (3.6 oz). (Gluten-free, vegan)",7.75,Bangkok Bowls,"Thai, Vegan, Healthy",29.7226889,-95.3704827
"Houston, TX",Banana Chia Pudding,"Chia seeds soaked overnight in oat milk and sweetened with raw cane sugar. (Gluten-free, vegan)",6.5,Bangkok Bowls,"Thai, Vegan, Healthy",29.7226889,-95.3704827
"Houston, TX",The Impossible Potsticker,"Gluten-free potstickers filled with Impossible Beef, fresh garlic, and fresh ginger. Pan fried and served with our house-made ginger garlic sauce. 5 per order. (Gluten-Free & Vegan)",12.0,Summer Shop (Healthy Thai Bowls),"Feel-good bowls, inspired by Southeast Asia with a focus on creative plant-based, gluten-free, and flavor-packed ingredients",29.7226889,-95.3704827
"Houston, TX",Veggie Spring Roll (2),,8.28,Kim Son Cafe,"Asian, Vietnamese, Dim Sum, Takeout, Catering, Sushi, Pickup, Japanese",29.71763415,-95.41731318
"Houston, TX",Veggie Egg Roll (5),,11.4,Kim Son Cafe,"Asian, Vietnamese, Dim Sum, Takeout, Catering, Sushi, Pickup, Japanese",29.71763415,-95.41731318
"Houston, TX",Cherry Limeade,,3.0,Chi'lantro,"Eggs, Side Vegetables, Spicy Chicken, Guacamole, Korean BBQ, Barbecue",29.7226889,-95.3704827
"Houston, TX",Korean Corn Dog,,6.99,K's Wings,K's Wings,29.7226889,-95.3704827
"Houston, TX",Hot Chicken Sandwich,"Double fried chicken thigh, chili oil, Korean spice blend, yogurt ranch slaw, pickles, brioche bun, and side of fries. ***SPICY***",12.99,K's Wings,K's Wings,29.7226889,-95.3704827
"Houston, TX",Sweet Loren's Chocolate Chunk Edible Cookie Dough,"Creamy, smooth and scoop-able gluten-free cookie dough. Delicious taste from only clean ingredients. Spoon under lid (3.6 oz). (Gluten-free, vegan)",7.75,Grateful Greens,"Healthy, Salads, Bowls, Drinks, Dessert, Pickup, Takeout",29.7226889,-95.3704827
"Houston, TX",Banana Chia Pudding,"Chia seeds soaked overnight in oat milk and sweetened with raw cane sugar. (Gluten-free, vegan)",6.5,Grateful Greens,"Healthy, Salads, Bowls, Drinks, Dessert, Pickup, Takeout",29.7226889,-95.3704827
"Houston, TX",Tater Tots,"roasted corn, jalapeño, herbed crema fresca, aged smoked cheddar, fresh cut chives",13.0,The Nash,"American, Dessert, Snacks, Pizza",29.75797,-95.3625108
"Houston, TX",Forbidden Eggs,"crunchy, sweet & spicy eggs, sweet chili sauce, cilantro, thai basil, crispy shallots",15.6,The Nash,"American, Dessert, Snacks, Pizza",29.75797,-95.3625108
"Houston, TX",Bacon Mac & Cheese,"three cheese blend, breadcrumbs",15.6,The Nash,"American, Dessert, Snacks, Pizza",29.75797,-95.3625108
"Houston, TX",Graze,"spanish chorizo, garlic, chardonnay, blistered tomatoes, herbed butter, capers, country bread",32.5,The Nash,"American, Dessert, Snacks, Pizza",29.75797,-95.3625108
"Houston, TX",Yellowfin Tuna Crudo,"black garlic vinaigrette, ginger, cucumber, jicama, puffed wild rice, avocado",26.0,The Nash,"American, Dessert, Snacks, Pizza",29.75797,-95.3625108
"Houston, TX","Hot \Wings\""""","tempura cauliflower, blue cheese dressing, blue cheese crumbles, roasted baby carrot, celery leaf",15.6,The Nash,"American, Dessert, Snacks, Pizza",29.75797,-95.3625108
"Houston, TX",Korean Bacon,"gochujang bbq sauce, bao buns, cucumber, pickled onion, peanuts, cilantro",26.0,The Nash,"American, Dessert, Snacks, Pizza",29.75797,-95.3625108
"Houston, TX",Daily Soup - Cup,,13.0,The Nash,"American, Dessert, Snacks, Pizza",29.75797,-95.3625108
"Houston, TX",Daily Soup - Bowl,,16.9,The Nash,"American, Dessert, Snacks, Pizza",29.75797,-95.3625108
"Houston, TX",Roasted Beets,"herbed labneh, mandarin vinaigrette, arugula salad",15.6,The Nash,"American, Dessert, Snacks, Pizza",29.75797,-95.3625108
"Houston, TX",Iberian Wedge,"iceberg, crispy Serrano ham, red pepper vinaigrette, blue cheese dressing, Valdeon blue cheese, blistered tomatoes",19.5,The Nash,"American, Dessert, Snacks, Pizza",29.75797,-95.3625108
"Houston, TX",Green Goddess,"romaine lettuce, lacinato kale, roasted asparagus, cucumber, parmesan crisp, green goddess dressing",15.6,The Nash,"American, Dessert, Snacks, Pizza",29.75797,-95.3625108
"Houston, TX",The Star Salad,"field greens, smoked cherry, cucumber, pickled onion, radish, fennel, parmesan, lemon-oregano vinaigrette",15.6,The Nash,"American, Dessert, Snacks, Pizza",29.75797,-95.3625108
"Houston, TX",Small Roasted Beets,"herbed labneh, mandarin vinaigrette, arugula salad, dill pecan shortbread",11.0,The Nash,"American, Dessert, Snacks, Pizza",29.75797,-95.3625108
"Houston, TX",Small Wedge,"iceberg, crispy Serrano ham, red pepper vinaigrette, blue cheese dressing, Valdeon blue cheese, blistered tomatoes",11.0,The Nash,"American, Dessert, Snacks, Pizza",29.75797,-95.3625108
"Houston, TX",Small Green Goddess,"romaine lettuce, lacinato kale, roasted asparagus, cucumber, parmesan crisp, green goddess dressing",9.0,The Nash,"American, Dessert, Snacks, Pizza",29.75797,-95.3625108
"Houston, TX",Small Star Salad,"field greens, smoked cherry, cucumber, pickled onion, radish, fennel, parmesan, lemon-oregano vinaigrette",9.0,The Nash,"American, Dessert, Snacks, Pizza",29.75797,-95.3625108
"Houston, TX",Margherita,"italian plum tomato sauce, fresh mozzarella, basil, olive oil, black pepper",26.0,The Nash,"American, Dessert, Snacks, Pizza",29.75797,-95.3625108
"Houston, TX",House Pizza,"italian plum tomato sauce, house cheese blend, pepperoni, bacon, corn, jalapeño",26.0,The Nash,"American, Dessert, Snacks, Pizza",29.75797,-95.3625108
"Houston, TX",Prosciutto Pizza,"arugula pesto, grilled fennel, yellow squash, red onion, tomato, goat cheese",26.0,The Nash,"American, Dessert, Snacks, Pizza",29.75797,-95.3625108
"Houston, TX",Short Rib Pappardelle,"12-hour ragu, mornay sauce, caramelized shallots, garden herbs, parmigiano reggiano",37.7,The Nash,"American, Dessert, Snacks, Pizza",29.75797,-95.3625108
"Houston, TX",Shrimp Linguini,"grilled shrimp, tomato cream, charred tomato, basil",41.6,The Nash,"American, Dessert, Snacks, Pizza",29.75797,-95.3625108
"Houston, TX",Crawfish fra Diavolo,"seafood ravioli, crawfish tails, tomato confit, roasted fennel, red pepper",39.0,The Nash,"American, Dessert, Snacks, Pizza",29.75797,-95.3625108
"Houston, TX",Four Cheese,"four cheese ravioli, vegetable broth, parmesan, braised asparagus",32.5,The Nash,"American, Dessert, Snacks, Pizza",29.75797,-95.3625108
"Houston, TX",Miso Salmon,"miso glazed salmon, stir fry veggies, soy mushroom broth, toasted sesame seeds",45.5,The Nash,"American, Dessert, Snacks, Pizza",29.75797,-95.3625108
"Houston, TX",Daily Fish,"Pan Seared filet, spring vegetable ragu, sweet pea puree, lemon oil",46.8,The Nash,"American, Dessert, Snacks, Pizza",29.75797,-95.3625108
"Houston, TX",Pan-Seared Snapper,"parsnip purée, braised leeks, vadouvan roasted baby carrots, garlic mojo",45.5,The Nash,"American, Dessert, Snacks, Pizza",29.75797,-95.3625108
"Houston, TX",Herb Roasted Chicken,"wild mushroom & potato hash, spinach, herb jus",36.4,The Nash,"American, Dessert, Snacks, Pizza",29.75797,-95.3625108
"Houston, TX",The Nash Burger,"pecan wood smoked bacon, aged cheddar, spicy dijonnaise, all the way, brioche bun, chef’s fries",26.0,The Nash,"American, Dessert, Snacks, Pizza",29.75797,-95.3625108
"Houston, TX",The Nash Hot Chicken,"Crispy chicken, pickles, whole grain honey mustard, brioche bun, chef's fries",26.0,The Nash,"American, Dessert, Snacks, Pizza",29.75797,-95.3625108
"Houston, TX",Flat Iron,"6oz, chimichurri, parmesan truffle fries, truffle aioli",46.8,The Nash,"American, Dessert, Snacks, Pizza",29.75797,-95.3625108
"Houston, TX",Filet Mignon,"8 oz, roasted potato, spinach, sweet corn fondue",63.7,The Nash,"American, Dessert, Snacks, Pizza",29.75797,-95.3625108
"Houston, TX",Prime Ribeye,"16 oz, grilled asparagus, Tuscan potatoes",84.5,The Nash,"American, Dessert, Snacks, Pizza",29.75797,-95.3625108
"Houston, TX",Lamb Curry,"spiced rack of lamb, roasted tomato gravy, green rice cake, curried vegetables",62.4,The Nash,"American, Dessert, Snacks, Pizza",29.75797,-95.3625108
"Houston, TX",Chef's Fries,,9.1,The Nash,"American, Dessert, Snacks, Pizza",29.75797,-95.3625108
"Houston, TX",Green Rice Cakes,,9.1,The Nash,"American, Dessert, Snacks, Pizza",29.75797,-95.3625108
"Houston, TX",Grilled Asparagus,,9.1,The Nash,"American, Dessert, Snacks, Pizza",29.75797,-95.3625108
"Houston, TX",House Garlic Bread,,9.1,The Nash,"American, Dessert, Snacks, Pizza",29.75797,-95.3625108
"Houston, TX",Mashed Potatoes,,9.1,The Nash,"American, Dessert, Snacks, Pizza",29.75797,-95.3625108
"Houston, TX",Plain Tater Tots,,9.1,The Nash,"American, Dessert, Snacks, Pizza",29.75797,-95.3625108
"Houston, TX",Roasted Garden Vegetables,,9.1,The Nash,"American, Dessert, Snacks, Pizza",29.75797,-95.3625108
"Houston, TX",Sauteed Mushrooms,,10.4,The Nash,"American, Dessert, Snacks, Pizza",29.75797,-95.3625108
"Houston, TX",Sauteed Spinach,,9.1,The Nash,"American, Dessert, Snacks, Pizza",29.75797,-95.3625108
"Houston, TX",Truffle Fries,,10.4,The Nash,"American, Dessert, Snacks, Pizza",29.75797,-95.3625108
"Houston, TX",Tuscan Potatoes,,9.1,The Nash,"American, Dessert, Snacks, Pizza",29.75797,-95.3625108
"Houston, TX",Lemon Basil Cheesecake,"Lemon Basil NY cheesecake, pistachio crust, chantilly cream, basil sauce",13.0,The Nash,"American, Dessert, Snacks, Pizza",29.75797,-95.3625108
"Houston, TX",Chocolate Banana Cake,"banana curd, milk chocolate namelaka, caramelized banana, chocolate rice crisp",13.0,The Nash,"American, Dessert, Snacks, Pizza",29.75797,-95.3625108
"Houston, TX",Creme Brulee,"brandied Orange Creme Brule, whip cream, orange segments, orange zest",13.0,The Nash,"American, Dessert, Snacks, Pizza",29.75797,-95.3625108
"Houston, TX",Italian Tiramisu,"Vanilla Panna Cotta, mango coulis, dried mango curls",13.0,The Nash,"American, Dessert, Snacks, Pizza",29.75797,-95.3625108
"Houston, TX",Rice Pudding,,5.0,Arabella Mediterranean Kitchen + Grill,Mediterranean,29.7662149,-95.3648839
"Houston, TX",Queso Flameado Fajita,Beef or chicken fajita covered in spicy ranchero sauce and smothered with melted Monterey jack.,19.9,La fiesta resturant & cantina,La fiesta resturant & cantina,29.7763934,-95.387658
"Houston, TX",Sweet Loren's Chocolate Chunk Edible Cookie Dough,"Creamy, smooth and scoopable gluten-free cookie dough. Delicious taste from only clean ingredients. Spoon under lid (3.6 oz). (Gluten-free, vegan)",7.0,Thrive Lettuce Wraps,"Salads, Wraps, Dessert, Vegan, Vegetarian",29.7226889,-95.3704827
"Houston, TX",Banana Chia Pudding,"Chia seeds soaked overnight in oat milk and sweetened with raw cane sugar. (Gluten-free, vegan)",6.0,Thrive Lettuce Wraps,"Salads, Wraps, Dessert, Vegan, Vegetarian",29.7226889,-95.3704827
"Houston, TX",Sweet Loren's Chocolate Chunk Edible Cookie Dough,"Creamy, smooth and scoop-able gluten-free cookie dough. Delicious taste from only clean ingredients. Spoon under lid (3.6 oz). (Gluten-free, vegan)",7.75,Thrive Kitchen,Low Cal Bowls & Pizzas,29.7226889,-95.3704827
"Houston, TX",Thrive Banana Chia Pudding,"Chia seeds soaked overnight in oat milk and sweetened with raw cane sugar. (Gluten-free, vegan)",6.5,Thrive Kitchen,Low Cal Bowls & Pizzas,29.7226889,-95.3704827
"Houston, TX",Jalapeño Cheese,"Jalapeño, corn, 2 cheeses and spices.",8.5,Samosa Haus,Samosa Haus,29.7829772,-95.4360986
"Houston, TX",Masala Tots,"We wanted to bring classic Indian street potatoes to the masses, and found that tater tots were the perfect vessel to carry the special seasoning and masala blend. Served with diced onions, cilantro, lime and yogurt chutney.",8.25,Samosa Haus,Samosa Haus,29.7829772,-95.4360986
"Houston, TX",Pork and Vegetable Bun (Banh Bao),,4.5,T's Time,T's Time,29.7226889,-95.3704827
"Houston, TX",Mango Sweet Rice (Seasonal),,7.95,Thai Cafe (Franklin St),"Noodles, Lunch, Asian, Takeout, Pickup, Thai",29.7633403,-95.3602408
"Houston, TX",Make It A Meal!b*,,3.89,High Tower Deli,"Pickup, Sandwich, Takeout, Breakfast, Lunch, Sandwiches, Deli",29.7607456,-95.3974727
"Houston, TX",Low Rise Taco,Egg & Cheese,2.95,High Tower Deli,"Pickup, Sandwich, Takeout, Breakfast, Lunch, Sandwiches, Deli",29.7607456,-95.3974727
"Houston, TX",Mid Rise Taco,"Egg & Cheese: Choice Bacon, Sausage, Potatoe",3.85,High Tower Deli,"Pickup, Sandwich, Takeout, Breakfast, Lunch, Sandwiches, Deli",29.7607456,-95.3974727
"Houston, TX",High Rise Taco,"Egg, Potato, Cheese: Choice Bacon or Sausage.",4.25,High Tower Deli,"Pickup, Sandwich, Takeout, Breakfast, Lunch, Sandwiches, Deli",29.7607456,-95.3974727
"Houston, TX",Make It A Meal!b*,,3.89,High Tower Deli,"Pickup, Sandwich, Takeout, Breakfast, Lunch, Sandwiches, Deli",29.7607456,-95.3974727
"Houston, TX",Breakfast BLT,"Egg, Bacon, Lettuce, Toast",8.45,High Tower Deli,"Pickup, Sandwich, Takeout, Breakfast, Lunch, Sandwiches, Deli",29.7607456,-95.3974727
"Houston, TX",Smothered Biscuit,"Eggs, Sausage or Bacon, Cheese, Gravy, Biscuit",7.15,High Tower Deli,"Pickup, Sandwich, Takeout, Breakfast, Lunch, Sandwiches, Deli",29.7607456,-95.3974727
"Houston, TX",Genoa Salami Ciabatta,"Egg, Salami, Provolone, Ciabatta",7.15,High Tower Deli,"Pickup, Sandwich, Takeout, Breakfast, Lunch, Sandwiches, Deli",29.7607456,-95.3974727
"Houston, TX",Ham & Swiss Croissant,"Egg, Ham, Swiss, Croissant",7.15,High Tower Deli,"Pickup, Sandwich, Takeout, Breakfast, Lunch, Sandwiches, Deli",29.7607456,-95.3974727
"Houston, TX",All American,"Eggs, Sausage or Bacon, Cheese, Toast",7.15,High Tower Deli,"Pickup, Sandwich, Takeout, Breakfast, Lunch, Sandwiches, Deli",29.7607456,-95.3974727
"Houston, TX",Breakfast Sandwich,"Biscuit/Bun/Croissant/Bafgel/ - Egg, Cheese, Bacon/Sausage/Ham/Potatoe",6.49,High Tower Deli,"Pickup, Sandwich, Takeout, Breakfast, Lunch, Sandwiches, Deli",29.7607456,-95.3974727
"Houston, TX",Sausage Biscuit,Sausage & Biscuit,3.89,High Tower Deli,"Pickup, Sandwich, Takeout, Breakfast, Lunch, Sandwiches, Deli",29.7607456,-95.3974727
"Houston, TX",Make It A Meal!b*,,3.89,High Tower Deli,"Pickup, Sandwich, Takeout, Breakfast, Lunch, Sandwiches, Deli",29.7607456,-95.3974727
"Houston, TX",Hightower Original,"Eggs, Refried Beans, Cheese, Potatoes",6.49,High Tower Deli,"Pickup, Sandwich, Takeout, Breakfast, Lunch, Sandwiches, Deli",29.7607456,-95.3974727
"Houston, TX",Southwest Breakfast,"Eggs, Black Bean Corn Relish, Cheese, Avocado",6.49,High Tower Deli,"Pickup, Sandwich, Takeout, Breakfast, Lunch, Sandwiches, Deli",29.7607456,-95.3974727
"Houston, TX",Creamy Pesto & Mozzarella,"Eggs, Tomatoes, Mozzarella, Pesto",5.85,High Tower Deli,"Pickup, Sandwich, Takeout, Breakfast, Lunch, Sandwiches, Deli",29.7607456,-95.3974727
"Houston, TX",Big Country,"Egg, Sausage, Cheese, Potatoes",7.15,High Tower Deli,"Pickup, Sandwich, Takeout, Breakfast, Lunch, Sandwiches, Deli",29.7607456,-95.3974727
"Houston, TX",The Texican,"Egg, Bacon, Refried Beans, Pepper Jack, Avocado",7.79,High Tower Deli,"Pickup, Sandwich, Takeout, Breakfast, Lunch, Sandwiches, Deli",29.7607456,-95.3974727
"Houston, TX",The Western,"Eggs, Ham, Onions & Peppers, Cheese",7.15,High Tower Deli,"Pickup, Sandwich, Takeout, Breakfast, Lunch, Sandwiches, Deli",29.7607456,-95.3974727
"Houston, TX",Veggie Greek,"Eggs, Spinach, Feta, Tomatoes",5.85,High Tower Deli,"Pickup, Sandwich, Takeout, Breakfast, Lunch, Sandwiches, Deli",29.7607456,-95.3974727
"Houston, TX",Make It A Meal!b*,,3.89,High Tower Deli,"Pickup, Sandwich, Takeout, Breakfast, Lunch, Sandwiches, Deli",29.7607456,-95.3974727
"Houston, TX",Build Your Own Omelette,,9.09,High Tower Deli,"Pickup, Sandwich, Takeout, Breakfast, Lunch, Sandwiches, Deli",29.7607456,-95.3974727
"Houston, TX",Potatoes,,2.95,High Tower Deli,"Pickup, Sandwich, Takeout, Breakfast, Lunch, Sandwiches, Deli",29.7607456,-95.3974727
"Houston, TX",One Egg,Scramble,2.2,High Tower Deli,"Pickup, Sandwich, Takeout, Breakfast, Lunch, Sandwiches, Deli",29.7607456,-95.3974727
"Houston, TX",Bacon (2 Strips),,2.59,High Tower Deli,"Pickup, Sandwich, Takeout, Breakfast, Lunch, Sandwiches, Deli",29.7607456,-95.3974727
"Houston, TX",Sausage (1 Patty),,2.35,High Tower Deli,"Pickup, Sandwich, Takeout, Breakfast, Lunch, Sandwiches, Deli",29.7607456,-95.3974727
"Houston, TX",Biscuit (1),,2.2,High Tower Deli,"Pickup, Sandwich, Takeout, Breakfast, Lunch, Sandwiches, Deli",29.7607456,-95.3974727
"Houston, TX",Biscuit & Gravy,,2.95,High Tower Deli,"Pickup, Sandwich, Takeout, Breakfast, Lunch, Sandwiches, Deli",29.7607456,-95.3974727
"Houston, TX",Toast (2 Pieces),,2.2,High Tower Deli,"Pickup, Sandwich, Takeout, Breakfast, Lunch, Sandwiches, Deli",29.7607456,-95.3974727
"Houston, TX",Croissant,,2.95,High Tower Deli,"Pickup, Sandwich, Takeout, Breakfast, Lunch, Sandwiches, Deli",29.7607456,-95.3974727
"Houston, TX",Seasonal Fruit Cup,,5.19,High Tower Deli,"Pickup, Sandwich, Takeout, Breakfast, Lunch, Sandwiches, Deli",29.7607456,-95.3974727
"Houston, TX",Yogurt Parfait & Granola,,6.49,High Tower Deli,"Pickup, Sandwich, Takeout, Breakfast, Lunch, Sandwiches, Deli",29.7607456,-95.3974727
"Houston, TX",Make Meal!l*,,3.89,High Tower Deli,"Pickup, Sandwich, Takeout, Breakfast, Lunch, Sandwiches, Deli",29.7607456,-95.3974727
"Houston, TX",Classic Italian,"Ham, Salami, Provolone, Romaine, Tomato, Red Onion, Pepperocini, Italian Oil & Vinegar, Ciabatta Roll",11.45,High Tower Deli,"Pickup, Sandwich, Takeout, Breakfast, Lunch, Sandwiches, Deli",29.7607456,-95.3974727
"Houston, TX",Asian Spicy Tuna Salad,"Sriracha Albacore White Tuna Salad, Mixed Greens, Cucumber, Avocado, Wasabi Drizzle, Sourdough Bread. (spicy)",11.69,High Tower Deli,"Pickup, Sandwich, Takeout, Breakfast, Lunch, Sandwiches, Deli",29.7607456,-95.3974727
"Houston, TX",French Dip,"Roast Beef, Swiss, Fried Onions, Horseradish Dijon, Hoagie Roll, AuJus Sauce",12.09,High Tower Deli,"Pickup, Sandwich, Takeout, Breakfast, Lunch, Sandwiches, Deli",29.7607456,-95.3974727
"Houston, TX",Greek Chicken,"Chicken, Greek Vinaigrette, Romaine, Tomato, Cucumber, Feta, Olive Spread, Ciabatta Roll.",11.45,High Tower Deli,"Pickup, Sandwich, Takeout, Breakfast, Lunch, Sandwiches, Deli",29.7607456,-95.3974727
"Houston, TX",The Empire State,"Roast beef, Turkey, Russian Dressing, Muenster, Lettuce, Roasted Red pepper, Marble Rye Bread.",11.69,High Tower Deli,"Pickup, Sandwich, Takeout, Breakfast, Lunch, Sandwiches, Deli",29.7607456,-95.3974727
"Houston, TX",Chicken Caesar,"Chicken, Garlic Aioli, Parmesan, Romaine, Tomato, Red Onion, Focaccia Bread",11.45,High Tower Deli,"Pickup, Sandwich, Takeout, Breakfast, Lunch, Sandwiches, Deli",29.7607456,-95.3974727
"Houston, TX",Southwest Turkey,"Turkey, Chipotle Mayo, Lettuce, Black bean corn Relish, Cheddar, Avocado, Tomato, Sourdough Bread.",11.69,High Tower Deli,"Pickup, Sandwich, Takeout, Breakfast, Lunch, Sandwiches, Deli",29.7607456,-95.3974727
"Houston, TX",New Yorker,"Corned Beef, Pastrami, Swiss, Spicy Mustard, Coleslaw, Marble Rye Bread.",11.45,High Tower Deli,"Pickup, Sandwich, Takeout, Breakfast, Lunch, Sandwiches, Deli",29.7607456,-95.3974727
"Houston, TX",Portobello Mushroom,"Marinated Portobello Mushroom, Swiss, Avocado, Mixed Greens, Roasted Red Pepper, Hummus, Pesto, Focaccia bread.",12.09,High Tower Deli,"Pickup, Sandwich, Takeout, Breakfast, Lunch, Sandwiches, Deli",29.7607456,-95.3974727
"Houston, TX",BLT-A,"Bacon, Lettuce, Tomato, Avocado, Garlic Ailoi, Sourdough Bread",12.09,High Tower Deli,"Pickup, Sandwich, Takeout, Breakfast, Lunch, Sandwiches, Deli",29.7607456,-95.3974727
"Houston, TX",Chicken Salad Club,"All White Chicken, Bacon, Muenster, Lettuce, Tomato, Avocado, Garlic Aioli",12.09,High Tower Deli,"Pickup, Sandwich, Takeout, Breakfast, Lunch, Sandwiches, Deli",29.7607456,-95.3974727
"Houston, TX",Make Meal!l*,,3.89,High Tower Deli,"Pickup, Sandwich, Takeout, Breakfast, Lunch, Sandwiches, Deli",29.7607456,-95.3974727
"Houston, TX",Chicken Fajita Wrap,"Fajita Chicken, Rice, Black Bean Corn Relish, Grilled Onions Bell Pepper, Avocado, Lettuce, Cheddar, Sour Cream, Salsa",12.09,High Tower Deli,"Pickup, Sandwich, Takeout, Breakfast, Lunch, Sandwiches, Deli",29.7607456,-95.3974727
"Houston, TX",Greek Chicken Wrap,"Chicken, Rice, Lettuce, Feta, Cucumber, Tomato, Greek Vinaigrette, Olive Spread",11.45,High Tower Deli,"Pickup, Sandwich, Takeout, Breakfast, Lunch, Sandwiches, Deli",29.7607456,-95.3974727
"Houston, TX",Veggie Wrap,"Marinated Mushroom, Spinach, Hummus, Feta, Roasted Red Pepper, Avocado, Rice, Grilled Onions, Pesto",11.69,High Tower Deli,"Pickup, Sandwich, Takeout, Breakfast, Lunch, Sandwiches, Deli",29.7607456,-95.3974727
"Houston, TX","Bacon, Egg, Salad Wrap","Egg Salad, Bacon, Muenster, Lettuce, Tomato",11.45,High Tower Deli,"Pickup, Sandwich, Takeout, Breakfast, Lunch, Sandwiches, Deli",29.7607456,-95.3974727
"Houston, TX",Baked Salmon Wrap,"Baked Salmon, Raspberry Chipotle, Rice, Spinach, Black Bean Corn Relish.",12.6,High Tower Deli,"Pickup, Sandwich, Takeout, Breakfast, Lunch, Sandwiches, Deli",29.7607456,-95.3974727
"Houston, TX",Make Meal!l*,,3.89,High Tower Deli,"Pickup, Sandwich, Takeout, Breakfast, Lunch, Sandwiches, Deli",29.7607456,-95.3974727
"Houston, TX",Cubano,"Ham, Turkey, Swiss, Sweet Pickle Relish, Chipotle Mayo, Hoagie Roll",11.45,High Tower Deli,"Pickup, Sandwich, Takeout, Breakfast, Lunch, Sandwiches, Deli",29.7607456,-95.3974727
"Houston, TX",Reuben,"Corned Beef, Sauerkraut, Swiss, Russian Dressing, Marble Rye Bread",11.45,High Tower Deli,"Pickup, Sandwich, Takeout, Breakfast, Lunch, Sandwiches, Deli",29.7607456,-95.3974727
"Houston, TX",Rachel,"Turkey, Sauerkraut, Swiss, Russian Dressing, Marble Rye Bread",11.45,High Tower Deli,"Pickup, Sandwich, Takeout, Breakfast, Lunch, Sandwiches, Deli",29.7607456,-95.3974727
"Houston, TX",Caprese Panini,"Mozzarella Slices, Tomato, Spinach, Pesto, Focaccia Bread",11.05,High Tower Deli,"Pickup, Sandwich, Takeout, Breakfast, Lunch, Sandwiches, Deli",29.7607456,-95.3974727
"Houston, TX",Three Cheese Panini,"Melted Cheddar, Pepper Jack, Provolone, Tomato, Avocado, Horseradish Dijon, Sourdough Bread.",10.39,High Tower Deli,"Pickup, Sandwich, Takeout, Breakfast, Lunch, Sandwiches, Deli",29.7607456,-95.3974727
"Houston, TX",Grill Chicken Parmesan,"Chicken, Tomato-Basil Marinara, Provolone, Mozzarella, Ciabatta Roll",11.05,High Tower Deli,"Pickup, Sandwich, Takeout, Breakfast, Lunch, Sandwiches, Deli",29.7607456,-95.3974727
"Houston, TX",The Big Tuna Melt,"Albacore White Tuna Salad, Swiss, Roasted Red Pepper, Sourdough Bread",11.05,High Tower Deli,"Pickup, Sandwich, Takeout, Breakfast, Lunch, Sandwiches, Deli",29.7607456,-95.3974727
"Houston, TX",Make It A Meal!b,,3.89,High Tower Deli,"Pickup, Sandwich, Takeout, Breakfast, Lunch, Sandwiches, Deli",29.7607456,-95.3974727
"Houston, TX",BYO Sandwich Low Rise,Half Sandwich,7.15,High Tower Deli,"Pickup, Sandwich, Takeout, Breakfast, Lunch, Sandwiches, Deli",29.7607456,-95.3974727
"Houston, TX",BYO Sandwich High Rise,Full Sandwich,10.79,High Tower Deli,"Pickup, Sandwich, Takeout, Breakfast, Lunch, Sandwiches, Deli",29.7607456,-95.3974727
"Houston, TX",South by Southwest Caesar,"Romaine, Black Bean Corn Relish, Parmesan, Tortilla Strips, Chipotle Caesar Dressing",12.35,High Tower Deli,"Pickup, Sandwich, Takeout, Breakfast, Lunch, Sandwiches, Deli",29.7607456,-95.3974727
"Houston, TX",Club Salad,"Romaine, Iceberg, Tomato, Avocado, Bacon, Roast Beef, Turkey, Ham, Swiss.",15.59,High Tower Deli,"Pickup, Sandwich, Takeout, Breakfast, Lunch, Sandwiches, Deli",29.7607456,-95.3974727
"Houston, TX",Cobb Salad,"Iceberg, Romaine, Egg, Bacon, Avocado, Tomato, Cheddar, Blue Cheese Crumbles.",14.95,High Tower Deli,"Pickup, Sandwich, Takeout, Breakfast, Lunch, Sandwiches, Deli",29.7607456,-95.3974727
"Houston, TX",Chef's Salad,"Romaine, Iceberg, Tomato, Cheddar, Mozzarella, Ham, turkey, Egg, Croutons.",14.95,High Tower Deli,"Pickup, Sandwich, Takeout, Breakfast, Lunch, Sandwiches, Deli",29.7607456,-95.3974727
"Houston, TX",Greek Salad,"Romaine, Red Onions, Feta, Pepperoncinis, Cucumbers, Capers, Kalamata Olives, Tomato, Greek Dressing.",12.99,High Tower Deli,"Pickup, Sandwich, Takeout, Breakfast, Lunch, Sandwiches, Deli",29.7607456,-95.3974727
"Houston, TX",Fuji Licious,"Mixed Greens, Bleu Cheese Crumbles, Apples, Craisins, Candied Walnuts, Raspberry Vinaigrette.",12.99,High Tower Deli,"Pickup, Sandwich, Takeout, Breakfast, Lunch, Sandwiches, Deli",29.7607456,-95.3974727
"Houston, TX",Caprese Salad,"Mixed Greens, Mozzarella, Tomato, Croutons, Balsamic Vinaigrette.",12.99,High Tower Deli,"Pickup, Sandwich, Takeout, Breakfast, Lunch, Sandwiches, Deli",29.7607456,-95.3974727
"Houston, TX",The Hightower House,"Mixed Greens, Tomato, Red Onions, Cucumber, Croutons, Balsamic Vinaigrette.",11.69,High Tower Deli,"Pickup, Sandwich, Takeout, Breakfast, Lunch, Sandwiches, Deli",29.7607456,-95.3974727
"Houston, TX",BUILD YOUR SALAD,,11.69,High Tower Deli,"Pickup, Sandwich, Takeout, Breakfast, Lunch, Sandwiches, Deli",29.7607456,-95.3974727
"Houston, TX",Side House Salad,"Mixed Greens, Tomato, Red Onions, Cucumber, Croutons, Balsamic Vinaigrette.",7.79,High Tower Deli,"Pickup, Sandwich, Takeout, Breakfast, Lunch, Sandwiches, Deli",29.7607456,-95.3974727
"Houston, TX",Make Meal!l*,,3.89,High Tower Deli,"Pickup, Sandwich, Takeout, Breakfast, Lunch, Sandwiches, Deli",29.7607456,-95.3974727
"Houston, TX",Grill Chicken Sandwich1,"Grilled Chicken Breast, Mayo, Lettuce, Tomato, Wheat Bun",12.35,High Tower Deli,"Pickup, Sandwich, Takeout, Breakfast, Lunch, Sandwiches, Deli",29.7607456,-95.3974727
"Houston, TX",Philly Cheese -,"Seared Steak, Provolone, Onions & Bell Peppers, Hoagie Roll",12.49,High Tower Deli,"Pickup, Sandwich, Takeout, Breakfast, Lunch, Sandwiches, Deli",29.7607456,-95.3974727
"Houston, TX",Chicken Mushroom Swiss1,"Grilled Chicken Breast, Sauteed Mushroom, Swiss, Mayo, Lettuce, Tomato, Wheat Bun",12.99,High Tower Deli,"Pickup, Sandwich, Takeout, Breakfast, Lunch, Sandwiches, Deli",29.7607456,-95.3974727
"Houston, TX",GYRO1,"Beef and Lamb Strips, Tzatski, Tomato, Onions, Pita",11.3,High Tower Deli,"Pickup, Sandwich, Takeout, Breakfast, Lunch, Sandwiches, Deli",29.7607456,-95.3974727
"Houston, TX",Buffalo Chicken Po'Boy1,"All White Chicken Tenders, Spicy Wing Sauce, Blue Cheese, Lettuce, Tomato, Hoagie Roll",11.45,High Tower Deli,"Pickup, Sandwich, Takeout, Breakfast, Lunch, Sandwiches, Deli",29.7607456,-95.3974727
"Houston, TX",Chicken Mushroom Pita1,"Chicken, Sauteed Mushroom & Onions, Provolone, Pita",11.45,High Tower Deli,"Pickup, Sandwich, Takeout, Breakfast, Lunch, Sandwiches, Deli",29.7607456,-95.3974727
"Houston, TX",BYOP (Build your own Potato),Baked Potato w/ Butter-- ADD toppings,6.85,High Tower Deli,"Pickup, Sandwich, Takeout, Breakfast, Lunch, Sandwiches, Deli",29.7607456,-95.3974727
"Houston, TX",Full Loaded Potato,"Baked Potato With  1 of each itemSour Cream, Cheese, Jalapeno, Bacon, Butter, Green Onions,",9.45,High Tower Deli,"Pickup, Sandwich, Takeout, Breakfast, Lunch, Sandwiches, Deli",29.7607456,-95.3974727
"Houston, TX",Make Meal!l,,3.89,High Tower Deli,"Pickup, Sandwich, Takeout, Breakfast, Lunch, Sandwiches, Deli",29.7607456,-95.3974727
"Houston, TX",Korean Beef Bowl,"Beef Sirloin, Rice, Sunny Side up Egg, Carrots, Green Onions, Sesame Seeds",13.65,High Tower Deli,"Pickup, Sandwich, Takeout, Breakfast, Lunch, Sandwiches, Deli",29.7607456,-95.3974727
"Houston, TX",Teriyaki Bowl,"Sirloin Beef, Rice, Baby Corn, Carrots, Green Onion, Teriyaki Sauce",13.65,High Tower Deli,"Pickup, Sandwich, Takeout, Breakfast, Lunch, Sandwiches, Deli",29.7607456,-95.3974727
"Houston, TX",Yellow Curry Chicken Bowl,"Grilled Chicken, Rice, Curry Sauce, Peas, Carrots, Flat Bread",13.65,High Tower Deli,"Pickup, Sandwich, Takeout, Breakfast, Lunch, Sandwiches, Deli",29.7607456,-95.3974727
"Houston, TX",Greek Bowl,"Lamb or Chicken, Rice, Romaine, Iceberg, Kalamata, Cucumber, Red Onions, Tzatziki, Pita Bread",12.35,High Tower Deli,"Pickup, Sandwich, Takeout, Breakfast, Lunch, Sandwiches, Deli",29.7607456,-95.3974727
"Houston, TX",Mediterranean Shrimp Bowl,"Grilled Shrimp, Quinoa, Spring Mix, Kalamata Olive, Tomato, Cucumber, Greek Dressing,  Olive Oil.",15.59,High Tower Deli,"Pickup, Sandwich, Takeout, Breakfast, Lunch, Sandwiches, Deli",29.7607456,-95.3974727
"Houston, TX",Falafel Bowl,"Falafel, Rice, Spring Mix, Tomato, Red Onion, Hummus, Kalamata, Feta, Cucumber, Red wine Vinaigrette, Pita Bread",13.65,High Tower Deli,"Pickup, Sandwich, Takeout, Breakfast, Lunch, Sandwiches, Deli",29.7607456,-95.3974727
"Houston, TX",Red Thai Chicken Bowl,"Grill Chicken, Red Thai Coconut Curry, RIce",13.65,High Tower Deli,"Pickup, Sandwich, Takeout, Breakfast, Lunch, Sandwiches, Deli",29.7607456,-95.3974727
"Houston, TX",Thai Chili Salmon Bowl,"Grilled Salmon, Quinoa, Avocado, Roasted Red Pepper Spring Mix, Green Onion, Thai Chili Glaze",15.59,High Tower Deli,"Pickup, Sandwich, Takeout, Breakfast, Lunch, Sandwiches, Deli",29.7607456,-95.3974727
"Houston, TX",Tex -Mex Bowl,"Fajita Chicken, Rice, Black Bean Corn Relish, Grilled Onions & Pepper, Avocado, Iceberg, Shred Cheddar, Sour Cream, Smokey Salsa",14.29,High Tower Deli,"Pickup, Sandwich, Takeout, Breakfast, Lunch, Sandwiches, Deli",29.7607456,-95.3974727
"Houston, TX",Southwest Chicken Bowl,"Grilled Chicken, Quinoa, Spring Mix, Parmesan, Black Bean Corn Relish, Tortilla strip, Chipotle Caesar Dressing.",14.29,High Tower Deli,"Pickup, Sandwich, Takeout, Breakfast, Lunch, Sandwiches, Deli",29.7607456,-95.3974727
"Houston, TX",Build A Bowl,,11.69,High Tower Deli,"Pickup, Sandwich, Takeout, Breakfast, Lunch, Sandwiches, Deli",29.7607456,-95.3974727
"Houston, TX",6 pc Buffalo Wings -,"With celery or carrot sticks and choice of Buffalo sauce, teryaki, Thai chili, BBQ, or Korean BBQ served with homestyle ranch",16.89,High Tower Deli,"Pickup, Sandwich, Takeout, Breakfast, Lunch, Sandwiches, Deli",29.7607456,-95.3974727
"Houston, TX",12 pc Buffalo Wings -,"12 pc Wings, With celery or carrot sticks and choice of Buffalo sauce, teryaki, Thai chili, BBQ, or Korean BBQ served with homestyle ranch",24.69,High Tower Deli,"Pickup, Sandwich, Takeout, Breakfast, Lunch, Sandwiches, Deli",29.7607456,-95.3974727
"Houston, TX",Strawberry Blast Smoothie,"Strawberry, Banana, Honey, Protein, Turbinado",7.79,High Tower Deli,"Pickup, Sandwich, Takeout, Breakfast, Lunch, Sandwiches, Deli",29.7607456,-95.3974727
"Houston, TX",Tropical Breeze Smoothie,"Strawberry, Banana, Orange, Pineapple, Honey, Protein, Turbinado",7.79,High Tower Deli,"Pickup, Sandwich, Takeout, Breakfast, Lunch, Sandwiches, Deli",29.7607456,-95.3974727
"Houston, TX",Lite & Trim Smoothie,"Strawberry, Banana, Honey, Diet Formula, Turbinado",7.79,High Tower Deli,"Pickup, Sandwich, Takeout, Breakfast, Lunch, Sandwiches, Deli",29.7607456,-95.3974727
"Houston, TX",Energizer Smoothie,"Orange, Pineapple, Honey, Protein, Turbinado",7.79,High Tower Deli,"Pickup, Sandwich, Takeout, Breakfast, Lunch, Sandwiches, Deli",29.7607456,-95.3974727
"Houston, TX",PB&J1,"Strawberry, Banana, Peanut Butter, Protien",7.79,High Tower Deli,"Pickup, Sandwich, Takeout, Breakfast, Lunch, Sandwiches, Deli",29.7607456,-95.3974727
"Houston, TX",Whats Up Doc,"Pineapple, Spinach, Apple, Carrots",9.09,High Tower Deli,"Pickup, Sandwich, Takeout, Breakfast, Lunch, Sandwiches, Deli",29.7607456,-95.3974727
"Houston, TX",The Beet Goes On,"Beets, Apple, Carrot, Celery",9.09,High Tower Deli,"Pickup, Sandwich, Takeout, Breakfast, Lunch, Sandwiches, Deli",29.7607456,-95.3974727
"Houston, TX",Green Machine,"Spinach, Celery, Cucumber, Apple, Ginger Root, Lemon",9.09,High Tower Deli,"Pickup, Sandwich, Takeout, Breakfast, Lunch, Sandwiches, Deli",29.7607456,-95.3974727
"Houston, TX",Golden Juice,"Apple, Carrot, Celery, Cucumber, Beets, Ginger Root",9.09,High Tower Deli,"Pickup, Sandwich, Takeout, Breakfast, Lunch, Sandwiches, Deli",29.7607456,-95.3974727
"Houston, TX",Kick-Start,"Spinach, Carrot, Pineapple, Cucumber, Jalapeno, Lemon",9.09,High Tower Deli,"Pickup, Sandwich, Takeout, Breakfast, Lunch, Sandwiches, Deli",29.7607456,-95.3974727
"Houston, TX",Cajeta Pot de Creme,"creme fraiche, sea salt ",12.1,FLORA,FLORA,29.761197,-95.4016998
"Houston, TX",Charred Veggies,Wood grilled veggies/ pistachio romesco sauce/ basil seeds/ potato crisps/ aged goat cheese/ chili oil,10.0,Oporto House Fooding and Wine,Portuguese,29.75329,-95.3797632
"Houston, TX",Pizzette Do Mar,Spicy tomato sauce/ shaved spinach/ shrimp/ calamari/ mozzarella cheese,13.0,Oporto House Fooding and Wine,Portuguese,29.75329,-95.3797632
"Houston, TX",Salada Atlantico,House mixed greens/ avocado/ hearts of palm tomato/ red onion/ artichoke/ lemon honey vinaigrette (GF) (V),14.0,Oporto House Fooding and Wine,Portuguese,29.75329,-95.3797632
"Houston, TX",Salada Marocaine,House mixed greens/ pear/ gruyere/ candied walnuts/ olives/ mint/ tomato dijon vinaigrette (GF) (V),14.0,Oporto House Fooding and Wine,Portuguese,29.75329,-95.3797632
"Houston, TX",Four Cheeses or Charcuterie,,15.0,Oporto House Fooding and Wine,Portuguese,29.75329,-95.3797632
"Houston, TX",Two Cheeses or Charcuterie,,4.0,Oporto House Fooding and Wine,Portuguese,29.75329,-95.3797632
"Houston, TX",Pork Vindalho,Goan spiced pork/ red curry/ potato/ mustard seed raita/ house naan (GF),12.0,Oporto House Fooding and Wine,Portuguese,29.75329,-95.3797632
"Houston, TX",Cataplana Mussels,Black mediterranean mussels/ soffrito/ vinho verde/ garlic butter (GF),14.0,Oporto House Fooding and Wine,Portuguese,29.75329,-95.3797632
"Houston, TX",Scallop Farrotto,Plancha scallops / cauliflower/ caraway/ turmeric root/ farro-'risotto'/ green peas,14.0,Oporto House Fooding and Wine,Portuguese,29.75329,-95.3797632
"Houston, TX",Tex-Mex Bowl,"Very popular bowl. Our brussel salad is the base of this yummy meal. Then its topped with our pesto quinoa, holy frijoles (black beans), sweet potato salad, sweet corn relish,and sprouted lentils. A side of chipotle ranch to finish it off.",14.0,Pat Greer's Kitchen,Raw vegan cuisine from the chef’s own kitchen.,29.7557126,-95.3870433
"Houston, TX",Pad Thai,"Fresh veggies galore, a little sea veggie (kelp), sesame seeds, and cashewed Asian sauce mixed all together with a giant hug.",13.0,Pat Greer's Kitchen,Raw vegan cuisine from the chef’s own kitchen.,29.7557126,-95.3870433
"Houston, TX",Go Phish Taco,Our very own phish sticks with veggies galore wrapped in a yummy green collard leaf.,13.0,Pat Greer's Kitchen,Raw vegan cuisine from the chef’s own kitchen.,29.7557126,-95.3870433
"Houston, TX",Spinach Quinoa Sweet Potato Bowl,"Quinoa, spinach, sweet potatoes, pumpkin seeds, bell pepper, onion, sea salt, herbs and spices, including garlic and chili powder and yaya dressing",14.0,Pat Greer's Kitchen,Raw vegan cuisine from the chef’s own kitchen.,29.7557126,-95.3870433
"Houston, TX",Culture Wrap,"A kick of culture! Cultured veggies with a special \geez\"" on these wraps with a side of our sun-dried tomato sauce.""",13.0,Pat Greer's Kitchen,Raw vegan cuisine from the chef’s own kitchen.,29.7557126,-95.3870433
"Houston, TX",Veggie Fajita Salad ,"This entree is a special here at Pat Greer's Kitchen. A fresh base of organic spring mix salad topped with marinated sliced mushrooms, red onion, bell pepper, cherry tomatoes and cilantro. We pair this up with our house made mole sauce and herb dressing. ",13.0,Pat Greer's Kitchen,Raw vegan cuisine from the chef’s own kitchen.,29.7557126,-95.3870433
"Houston, TX",Texas Tea,,8.0,City Cellars HTX,City Cellars HTX,29.7216851,-95.3820697
"Houston, TX",Black Basil Margarita,,8.0,City Cellars HTX,City Cellars HTX,29.7216851,-95.3820697
"Houston, TX",The Centennial Garden,,8.0,City Cellars HTX,City Cellars HTX,29.7216851,-95.3820697
"Houston, TX",Purple Haze,,8.0,City Cellars HTX,City Cellars HTX,29.7216851,-95.3820697
"Houston, TX",Summer Nights,,8.0,City Cellars HTX,City Cellars HTX,29.7216851,-95.3820697
"Houston, TX",HH GLS SR 262 Cabernet,,6.0,City Cellars HTX,City Cellars HTX,29.7216851,-95.3820697
"Houston, TX",HH GLS SR 262 Rose,,6.0,City Cellars HTX,City Cellars HTX,29.7216851,-95.3820697
"Houston, TX",HH GLS SR 262 Chardonnay,,6.0,City Cellars HTX,City Cellars HTX,29.7216851,-95.3820697
"Houston, TX",Red Wine Flight,,12.0,City Cellars HTX,City Cellars HTX,29.7216851,-95.3820697
"Houston, TX",French Wine Flight,,12.0,City Cellars HTX,City Cellars HTX,29.7216851,-95.3820697
"Houston, TX",Interesting White Flight,,12.0,City Cellars HTX,City Cellars HTX,29.7216851,-95.3820697
"Houston, TX",Mimosa Flight,,12.0,City Cellars HTX,City Cellars HTX,29.7216851,-95.3820697
"Houston, TX",California Wine Flight,,12.0,City Cellars HTX,City Cellars HTX,29.7216851,-95.3820697
"Houston, TX",Crawford Bock,,4.0,City Cellars HTX,City Cellars HTX,29.7216851,-95.3820697
"Houston, TX",Lovestreet,,4.0,City Cellars HTX,City Cellars HTX,29.7216851,-95.3820697
"Houston, TX",Mich Ultra Pure Gold,,4.0,City Cellars HTX,City Cellars HTX,29.7216851,-95.3820697
"Houston, TX",Modelo,,4.0,City Cellars HTX,City Cellars HTX,29.7216851,-95.3820697
"Houston, TX",Saint Arnold Seasonal Selection,,4.0,City Cellars HTX,City Cellars HTX,29.7216851,-95.3820697
"Houston, TX",Bucket of Beers (6),,20.0,City Cellars HTX,City Cellars HTX,29.7216851,-95.3820697
"Houston, TX",Frosé Carafe,,20.0,City Cellars HTX,City Cellars HTX,29.7216851,-95.3820697
"Houston, TX",Gluten-Free Nutella Chia Pudding,Chia seeds soaked overnight in oat milk and sweetened with raw cane sugar. (Gluten-free),6.5,F#ck Gluten,"Gluten-free pizzas, gluten-free salads, gluten-free bowls",29.7226889,-95.3704827
"Houston, TX",Sweet Loren's Chocolate Chunk Edible Cookie Dough,"Creamy, smooth and scoop-able gluten-free cookie dough. Delicious taste from only clean ingredients. Spoon under lid (3.6 oz). (Gluten-free, vegan)",7.75,F#ck Gluten,"Gluten-free pizzas, gluten-free salads, gluten-free bowls",29.7226889,-95.3704827
"Houston, TX",Gluten-Free and Vegan Banana Chia Pudding,"Chia seeds soaked overnight in oat milk and sweetened with raw cane sugar. (Gluten-free, vegan)",6.5,F#ck Gluten,"Gluten-free pizzas, gluten-free salads, gluten-free bowls",29.7226889,-95.3704827
"Houston, TX",Chicken Parmesan - available 3pm-9pm,"all natural cage free chicken, peppercorn cream sauce, fresh mozzarella",24.0,Pinstripes,American,29.7355813,-95.4187619
"Houston, TX",Chicago Style Baby Back Ribs - Half Order - available 3pm-9pm,"balsamic bbq sauce, parmesan fries, pickle",20.0,Pinstripes,American,29.7355813,-95.4187619
"Houston, TX",Chicago Style Baby Back Ribs - Full Order - available 3pm-9pm,"balsamic bbq sauce, parmesan fries, pickle",27.0,Pinstripes,American,29.7355813,-95.4187619
"Houston, TX",Italian 'Jambalaya' - available 3pm-9pm,"spicy chicken, grilled shrimp, risotto, sausage, roasted pepper",27.0,Pinstripes,American,29.7355813,-95.4187619
"Houston, TX",Maple Glazed Salmon - available 3pm-9pm,"ancient grains, cucumber, grape tomato, pesto, calabrese",29.0,Pinstripes,American,29.7355813,-95.4187619
"Houston, TX",Famous Prime Rib Dip,"pretzel bun, provolone cheese, horseradish cream, au jus. served with parmesan fries.",19.0,Pinstripes,American,29.7355813,-95.4187619
"Houston, TX",Spicy Crispy Chicken Sandwich,"calabrese sauce, housemade pickles, jalapeno slaw - available grilled",16.0,Pinstripes,American,29.7355813,-95.4187619
"Houston, TX",Grilled Chicken Club Sandwich,"applewood smoked bacon, tomato, avocado, provolone, shallot",16.0,Pinstripes,American,29.7355813,-95.4187619
"Houston, TX",Famous Prime Rib Dip,"pretzel bun, provolone cheese, horseradish cream, au jus",19.0,Pinstripes,American,29.7355813,-95.4187619
"Houston, TX",Pintastic Breakfast - available Sat until 3pm,"two eggs any style, crispy potatoes, toast, choice of bacon or sausage",14.0,Pinstripes,American,29.7355813,-95.4187619
"Houston, TX",Prosciutto Fig,"balsamic marinated figs, gorgonzola-mascarpone spread, fontinella ",19.0,Pinstripes,American,29.7355813,-95.4187619
"Houston, TX",Chicken & Avocado Club,"applewood smoked bacon, ranch, roasted onion, tomato, mozzarella",18.0,Pinstripes,American,29.7355813,-95.4187619
"Houston, TX",Margherita,"san marzano tomatoes, fontinella, fresh mozzarella, basil",16.0,Pinstripes,American,29.7355813,-95.4187619
"Houston, TX",Signature Chop Salad,"tomato, gorgonzola, dates, corn, olive, burrata, white balsamic",16.0,Pinstripes,American,29.7355813,-95.4187619
"Houston, TX",Roasted Turkey Cobb Salad,"applewood smoked bacon, avocado, egg, tomato, gorgonzola",18.0,Pinstripes,American,29.7355813,-95.4187619
"Houston, TX",Caesar Salad,"romaine hearts, baby kale, parmesan, black sesame crostini",15.0,Pinstripes,American,29.7355813,-95.4187619
"Houston, TX",Applewood Smoked Bacon - available Sat until 3pm,,5.0,Pinstripes,American,29.7355813,-95.4187619
"Houston, TX",Breakfast Sausage Links - available Sat until 3pm,,5.0,Pinstripes,American,29.7355813,-95.4187619
"Houston, TX",Crispy Potatoes - available Sat until 3pm,,8.0,Pinstripes,American,29.7355813,-95.4187619
"Houston, TX",Triple Chocolate Brownie Gelato,,8.0,Pinstripes,American,29.7355813,-95.4187619
"Houston, TX",Warm Brownie & Vanilla Gelato,"triple chocolate brownie, housemade vanilla gelato, whipped cream ",9.0,Pinstripes,American,29.7355813,-95.4187619
"Houston, TX",Chocolate Chip Cookies,three housemade cookies,4.0,Pinstripes,American,29.7355813,-95.4187619
"Houston, TX",Banana Chia Pudding,Chia seeds soaked overnight in oat milk and sweetened with raw cane sugar. Gluten-Free. Vegan.,6.5,ponobox,"Hawaiian, Gluten-Free, Wings, Vegan, Vegetarian",29.7226889,-95.3704827
"Houston, TX",Mapo Tofu ,tofu with spicy peppercorn sauce  ,13.5,hi trendy dumpling,"Dumplings, Noodles, Chicken",29.7724154,-95.3988938
"Houston, TX",Cheese Tart,"Homemade, Famous Hokkaido Style Baked Cheese Tart, It Takes 15 Mins to Prepare",7.0,Spicy Girl,"Chinese, Chicken, Seafood, Fried Rice, Noodles",29.7388727,-95.3801341
"Houston, TX",Egg Roll,"4 pcs, Fried, Vegetarian Diet with Sweet Chilly Sauce",5.5,Spicy Girl,"Chinese, Chicken, Seafood, Fried Rice, Noodles",29.7388727,-95.3801341
"Houston, TX",Pan-Fried Dumpling,"6 pcs, Pan-Fried, Chicken & Celery Cabbage with Dumpling Sauce",6.5,Spicy Girl,"Chinese, Chicken, Seafood, Fried Rice, Noodles",29.7388727,-95.3801341
"Houston, TX",Hot & Spicy Dumpling,"6 pcs, Steamed, Pork, with Hot Spicy Garlic Sauce",9.0,Spicy Girl,"Chinese, Chicken, Seafood, Fried Rice, Noodles",29.7388727,-95.3801341
"Houston, TX",Dan Dan Noodle,"Homemade Noodle, Vegetarian Diet, with Hot Spicy Sauce, Peanut",9.0,Spicy Girl,"Chinese, Chicken, Seafood, Fried Rice, Noodles",29.7388727,-95.3801341
"Houston, TX",Spicy Garlic Edamame,Steamed with Spicy Garlic Sauce,5.5,Spicy Girl,"Chinese, Chicken, Seafood, Fried Rice, Noodles",29.7388727,-95.3801341
"Houston, TX",Cheese Puff,"6 pcs, Traditional American Snacks with Powder Sugar",9.0,Spicy Girl,"Chinese, Chicken, Seafood, Fried Rice, Noodles",29.7388727,-95.3801341
"Houston, TX",Hot & Spicy Noodle,"Jelly Noodle, Vegetarian Diet, with Sour Spicy Soup",9.0,Spicy Girl,"Chinese, Chicken, Seafood, Fried Rice, Noodles",29.7388727,-95.3801341
"Houston, TX",Salt Edamame,Steamed  Salt,5.5,Spicy Girl,"Chinese, Chicken, Seafood, Fried Rice, Noodles",29.7388727,-95.3801341
"Houston, TX",Fried Shrimp," 4 pcs, with Sweet Chilly Sauce & Sriracha",9.0,Spicy Girl,"Chinese, Chicken, Seafood, Fried Rice, Noodles",29.7388727,-95.3801341
"Houston, TX",Cucumber Salad,"Cold, Vegetarian Diet, with Spicy & Garlic Sauce",8.0,Spicy Girl,"Chinese, Chicken, Seafood, Fried Rice, Noodles",29.7388727,-95.3801341
"Houston, TX",Spicy Beef Stomach,"Cold, Ox Tripe, with Hot & Spicy Sauce",10.0,Spicy Girl,"Chinese, Chicken, Seafood, Fried Rice, Noodles",29.7388727,-95.3801341
"Houston, TX",Couple’s Tendon,"Cold, Beef Tendon, Ox Tripe, with Hot & Spicy Sauce Peanut（Mr. and Mrs. Smith）",10.0,Spicy Girl,"Chinese, Chicken, Seafood, Fried Rice, Noodles",29.7388727,-95.3801341
"Houston, TX",Wonton Soup,"6 pcs, Pork",10.0,Spicy Girl,"Chinese, Chicken, Seafood, Fried Rice, Noodles",29.7388727,-95.3801341
"Houston, TX",Hot & Sour Soup,"2 pers, Sour Spicy, Egg, Tofu, Black Ear Mushroom, Seafood Mushroom, Bamboo Shoot",10.0,Spicy Girl,"Chinese, Chicken, Seafood, Fried Rice, Noodles",29.7388727,-95.3801341
"Houston, TX",Spicy Seafood Soup,"2 pers, Sour  Spicy, Shrimp, Fish, Tofu, Egg, Pickle",14.0,Spicy Girl,"Chinese, Chicken, Seafood, Fried Rice, Noodles",29.7388727,-95.3801341
"Houston, TX",3 Flavor Pepper Chicken,"Pungent and Spicy, Fried, Dark Meat Cube, Red Pepper, Sichuan Pepper(Pungent), Jalapeno Pepper",15.0,Spicy Girl,"Chinese, Chicken, Seafood, Fried Rice, Noodles",29.7388727,-95.3801341
"Houston, TX",General Tso's Chicken,"Sour and Sweet, Mild Spicy, Dark Meat Cube, Bell Pepper, Broccoli, General Tso’s Sauce",15.0,Spicy Girl,"Chinese, Chicken, Seafood, Fried Rice, Noodles",29.7388727,-95.3801341
"Houston, TX",Orange Chicken,"Sour and Sweet, Mild Spicy, Dark Meat Cube, Orange Peel, Bell Pepper, Broccoli",15.0,Spicy Girl,"Chinese, Chicken, Seafood, Fried Rice, Noodles",29.7388727,-95.3801341
"Houston, TX",Chicken Broccoli,White Meat Slice Broccoli,15.0,Spicy Girl,"Chinese, Chicken, Seafood, Fried Rice, Noodles",29.7388727,-95.3801341
"Houston, TX",Green Bean Chicken,"Mild Spicy, White Meat Slice, Green Bean",15.0,Spicy Girl,"Chinese, Chicken, Seafood, Fried Rice, Noodles",29.7388727,-95.3801341
"Houston, TX",Spicy Chicken Cube,"Spicy, Dark Meat, Bell Pepper, Onion",15.0,Spicy Girl,"Chinese, Chicken, Seafood, Fried Rice, Noodles",29.7388727,-95.3801341
"Houston, TX",Chili Chicken,"Spicy, White Meat Slice, Leak, Jalapeno Pepper",15.0,Spicy Girl,"Chinese, Chicken, Seafood, Fried Rice, Noodles",29.7388727,-95.3801341
"Houston, TX",KungBao Chicken,"Mild Spicy & Sweat, Dark Meat, Bell Pepper, Onion, Peanuts, Kung Pao Sauce",15.0,Spicy Girl,"Chinese, Chicken, Seafood, Fried Rice, Noodles",29.7388727,-95.3801341
"Houston, TX",Mango Chicken,White Meat Slice Mango Bell Pepper Broccoli,15.0,Spicy Girl,"Chinese, Chicken, Seafood, Fried Rice, Noodles",29.7388727,-95.3801341
"Houston, TX",Beijing(Peking) Duck 2 Dishes,"1st Dish: Roast Duck Meat with Crispy Skin, with Pancake(Bao)2nd Dish: Sauteed Duck Slice with Soybean SproutsThe skin is so crispy, the meat is soft and juicy. Beijing Roast Duck is thought to be one of the most delicious dishes all over the world; most costumes coming to our restaurant will never forget to have a try.",46.0,Spicy Girl,"Chinese, Chicken, Seafood, Fried Rice, Noodles",29.7388727,-95.3801341
"Houston, TX",Basil Chicken,"Salt, Mild Sour & Sweet, White Meat Slice, Fresh Basil, Bell Pepper, Onion",15.0,Spicy Girl,"Chinese, Chicken, Seafood, Fried Rice, Noodles",29.7388727,-95.3801341
"Houston, TX",Spicy Girl Duck,"Pungent and Spicy, Half a Roast Duck, Meat with Bone, Sichuan Pepper",28.0,Spicy Girl,"Chinese, Chicken, Seafood, Fried Rice, Noodles",29.7388727,-95.3801341
"Houston, TX",Chicken Dry Pot,"Very Spicy, Stir-Fried, White Meat, Lotus, Cauliflower, Potato, Bell Pepper, Onion, Green Bean, No Sauce",18.0,Spicy Girl,"Chinese, Chicken, Seafood, Fried Rice, Noodles",29.7388727,-95.3801341
"Houston, TX",Pineapple Chicken,"Sweet, Dark Meat Cube, Pineapple, Bell Pepper",15.0,Spicy Girl,"Chinese, Chicken, Seafood, Fried Rice, Noodles",29.7388727,-95.3801341
"Houston, TX",Beijing(Peking) Duck 3 Dishes,"1st Dish: Roast Duck Meat with Crispy Skin, with Pancake(Bao)2nd Dish: Sauteed Duck Slice with Soybean Sprouts3rd Dish: Duck Soup, Duck Bone with Tofu and Celery CabbageThe skin is so crispy, the meat is soft and juicy. Beijing Roast Duck is thought to be one of the most delicious dishes all over the world; most costumes coming to our restaurant will never forget to have a try. ",55.0,Spicy Girl,"Chinese, Chicken, Seafood, Fried Rice, Noodles",29.7388727,-95.3801341
"Houston, TX",Hawaii Duck,"Sweet and Sour, Half a Roast Duck, Boneless Meet with Crispy Skin, Pineapple",28.0,Spicy Girl,"Chinese, Chicken, Seafood, Fried Rice, Noodles",29.7388727,-95.3801341
"Houston, TX",Mongolian Beef,"Mild Spicy, Beef Flank, Onion, Green Onion",17.0,Spicy Girl,"Chinese, Chicken, Seafood, Fried Rice, Noodles",29.7388727,-95.3801341
"Houston, TX",Sichuan Chili Beef,"Spicy, Beef Flank Slice, Leek, Jalapeno Pepper",17.0,Spicy Girl,"Chinese, Chicken, Seafood, Fried Rice, Noodles",29.7388727,-95.3801341
"Houston, TX",Beef & Broccoli,"Beef Flank, Broccoli, Carrot",17.0,Spicy Girl,"Chinese, Chicken, Seafood, Fried Rice, Noodles",29.7388727,-95.3801341
"Houston, TX",Beef Dry Pot,"Very Spicy, Stir-Fried, Beef Flank, Lotus, Cauliflower, Potato, Bell Pepper, Onion, Green Bean, No Sauce",18.0,Spicy Girl,"Chinese, Chicken, Seafood, Fried Rice, Noodles",29.7388727,-95.3801341
"Houston, TX",Orange Beef,"Sweet and Sour, Fried Beef Flank with Batter, Orange Peel, Broccoli, with Sauce",17.0,Spicy Girl,"Chinese, Chicken, Seafood, Fried Rice, Noodles",29.7388727,-95.3801341
"Houston, TX",Spicy Boiled Beef,"Spicy, Boiled with Soup, Beef Flank, Celery Cabbage, Soybean Sprout, Leek",17.0,Spicy Girl,"Chinese, Chicken, Seafood, Fried Rice, Noodles",29.7388727,-95.3801341
"Houston, TX",Sichuan Lamb Chop,"4 pics, Spicy, Cumin Flavor, Sauteed Lamb Chop",27.0,Spicy Girl,"Chinese, Chicken, Seafood, Fried Rice, Noodles",29.7388727,-95.3801341
"Houston, TX",Pepper Steak,"Steak, Bell Pepper, Onion",17.0,Spicy Girl,"Chinese, Chicken, Seafood, Fried Rice, Noodles",29.7388727,-95.3801341
"Houston, TX",Sichuan Angus Steak,"Spicy, Cumin Flavor, Sauteed, Angus Steak",19.0,Spicy Girl,"Chinese, Chicken, Seafood, Fried Rice, Noodles",29.7388727,-95.3801341
"Houston, TX",Amazing Spicy Fish,"Spicy, Fried Fillet with Batter, Sichuan Peppercorn, Red Pepper, Jalapeno Pepper, Sesame",16.0,Spicy Girl,"Chinese, Chicken, Seafood, Fried Rice, Noodles",29.7388727,-95.3801341
"Houston, TX",Fish Jump Out of Water,"Hot Spicy & Sour, Boiled Fillet, Pickle, Celery Cabbage, Soy Bean Sprout, Sichuan Peppercorn",17.0,Spicy Girl,"Chinese, Chicken, Seafood, Fried Rice, Noodles",29.7388727,-95.3801341
"Houston, TX",Spicy Broiled Fish,"Hot Spicy, Boiled Fillet, Celery Cabbage, Soy Bean Sprout, Sichuan Peppercorn",17.0,Spicy Girl,"Chinese, Chicken, Seafood, Fried Rice, Noodles",29.7388727,-95.3801341
"Houston, TX",Salt & Pepper Fish,"Fried Fillet with Batter, Black Pepper, Jalapeno Pepper, Onion",16.0,Spicy Girl,"Chinese, Chicken, Seafood, Fried Rice, Noodles",29.7388727,-95.3801341
"Houston, TX",Fish on Tofu,"Hot Spicy, Fillet, Soft Tofu, Sichuan Peppercorn, Peanut",17.0,Spicy Girl,"Chinese, Chicken, Seafood, Fried Rice, Noodles",29.7388727,-95.3801341
"Houston, TX",Walnut Shrimp,"8 pcs, Fried Shrimps with Batter, Mayo Sauce, Fried Sweet Walnut",17.0,Spicy Girl,"Chinese, Chicken, Seafood, Fried Rice, Noodles",29.7388727,-95.3801341
"Houston, TX",Shrimp Dry Pot,mix vegetable and Shrimp in VERY spicy seasoning in dry pot,18.0,Spicy Girl,"Chinese, Chicken, Seafood, Fried Rice, Noodles",29.7388727,-95.3801341
"Houston, TX",Salt & Pepper Shrimp,"8 pcs, Fried Shrimps with Batter, Bell Pepper, Black Pepper, Jalapeno Pepper, Onion",17.0,Spicy Girl,"Chinese, Chicken, Seafood, Fried Rice, Noodles",29.7388727,-95.3801341
"Houston, TX",Seafood  Tofu Pot,"Fish, Shrimp, Tofu, Mixed Vegetables",17.0,Spicy Girl,"Chinese, Chicken, Seafood, Fried Rice, Noodles",29.7388727,-95.3801341
"Houston, TX",Shrimp w/ Mixed Vegetable,"8 pcs, Shrimp, Broccoli, Carrot, Celery Cabbage, Snow Been, Baby Corn, Seafood Mushroom, Bell Pepper",17.0,Spicy Girl,"Chinese, Chicken, Seafood, Fried Rice, Noodles",29.7388727,-95.3801341
"Houston, TX",Basil Seafood,"3 pcs Shrimps, Fillet, Fresh Basil, Onion",17.0,Spicy Girl,"Chinese, Chicken, Seafood, Fried Rice, Noodles",29.7388727,-95.3801341
"Houston, TX",Mango Shrimp,"8 pcs Shrimp, Mango, Bell Pepper, Broccoli",17.0,Spicy Girl,"Chinese, Chicken, Seafood, Fried Rice, Noodles",29.7388727,-95.3801341
"Houston, TX",KungBao Shrimp,"8 pcs, Mild Spicy, Shrimp, Peanut, Kung Pao Sauce",17.0,Spicy Girl,"Chinese, Chicken, Seafood, Fried Rice, Noodles",29.7388727,-95.3801341
"Houston, TX",Double Cooked Pork,"Spicy, Steam & Stir-Fried Marbled Meat Piece, Leek",15.0,Spicy Girl,"Chinese, Chicken, Seafood, Fried Rice, Noodles",29.7388727,-95.3801341
"Houston, TX",Pork W/Garlic Sauce,"Mild Spicy, Pork Slice, Bell Pepper, Bamboo Shot, Black Ear Mushroom, Carrot, with Garlic Sauce",15.0,Spicy Girl,"Chinese, Chicken, Seafood, Fried Rice, Noodles",29.7388727,-95.3801341
"Houston, TX",Spicy Pot W/Intestine,"Spicy, Intestine, Tofu, Pigs Blood Cake, Seafood Mushroom, Soy Bean Sprout, Pickled, with Soup",17.0,Spicy Girl,"Chinese, Chicken, Seafood, Fried Rice, Noodles",29.7388727,-95.3801341
"Houston, TX",Sichuan Chili Pork,"Spicy, Pork Slice, Leek, Jalapeno Pepper",15.0,Spicy Girl,"Chinese, Chicken, Seafood, Fried Rice, Noodles",29.7388727,-95.3801341
"Houston, TX",Beijing Pork,"Pork Slice with Salt Sweet Sauce made of Fermented Flour, Onion on The Side,  Come with Pancake 5 pcs",15.0,Spicy Girl,"Chinese, Chicken, Seafood, Fried Rice, Noodles",29.7388727,-95.3801341
"Houston, TX",Intestine Dry Pot,"Very Spicy, Stir-Fried, Intestine, Lotus, Cauliflower, Potato, Bell Pepper, Onion, Green Bean, No Sauce",18.0,Spicy Girl,"Chinese, Chicken, Seafood, Fried Rice, Noodles",29.7388727,-95.3801341
"Houston, TX",3 Flavor Pepper Intestine,"Pungent & Spicy, Fried Intestine, with 3 Flavor Pepper(Jalapeno Pepper, Red Pepper, Sichuan Peppercorn)",15.0,Spicy Girl,"Chinese, Chicken, Seafood, Fried Rice, Noodles",29.7388727,-95.3801341
"Houston, TX",Stir Fried Green Bean,"Vegetarian Diet, Green Bean, Garlic",13.0,Spicy Girl,"Chinese, Chicken, Seafood, Fried Rice, Noodles",29.7388727,-95.3801341
"Houston, TX",Yu Shan Eggplant,"Yu Shan Flavor, Vegetarian Diet",13.0,Spicy Girl,"Chinese, Chicken, Seafood, Fried Rice, Noodles",29.7388727,-95.3801341
"Houston, TX",Mapo Tofu,"Pungent Spicy, Vegetarian Diet, Soft Tofu",13.0,Spicy Girl,"Chinese, Chicken, Seafood, Fried Rice, Noodles",29.7388727,-95.3801341
"Houston, TX",General Tso's Tofu,"Mild Spicy, Vegetarian Diet, Fried Firm Tofu, Bell Pepper, General Tso’s Sauce",13.0,Spicy Girl,"Chinese, Chicken, Seafood, Fried Rice, Noodles",29.7388727,-95.3801341
"Houston, TX",Sauteed Bok choy,"Vegetarian Diet, Bok Choy",13.0,Spicy Girl,"Chinese, Chicken, Seafood, Fried Rice, Noodles",29.7388727,-95.3801341
"Houston, TX",Salt Pepper Tofu,"Vegetarian Diet, Fried Firm Tofu, Black Pepper",13.0,Spicy Girl,"Chinese, Chicken, Seafood, Fried Rice, Noodles",29.7388727,-95.3801341
"Houston, TX",Sauteed Mixed Vegetables,"Vegetarian Diet, Broccoli, Carrot, Celery Cabbage, Snow Been, Baby Corn, Seafood Mushroom, Bell Pepper",13.0,Spicy Girl,"Chinese, Chicken, Seafood, Fried Rice, Noodles",29.7388727,-95.3801341
"Houston, TX",Vegetable Dry Pot,"Very Spicy, Stir-Fried, Snow Beas, Lotus, Cauliflower, Potato, Bell Pepper, Onion,Green Bean, No Sauce",17.0,Spicy Girl,"Chinese, Chicken, Seafood, Fried Rice, Noodles",29.7388727,-95.3801341
"Houston, TX",Mushroom w/ Greens,"Vegetarian Diet, Shitake & Bok Choy",13.0,Spicy Girl,"Chinese, Chicken, Seafood, Fried Rice, Noodles",29.7388727,-95.3801341
"Houston, TX",Cabbage,"Mild Spicy, Vegetarian Diet, Stir Fried, Cabbage",13.0,Spicy Girl,"Chinese, Chicken, Seafood, Fried Rice, Noodles",29.7388727,-95.3801341
"Houston, TX",Tomato & Egg,"Stir Fried, Tomato, Eggs",13.0,Spicy Girl,"Chinese, Chicken, Seafood, Fried Rice, Noodles",29.7388727,-95.3801341
"Houston, TX",Fried Rice w/ Chicken,"Fried Rice with White Meet, Egg, Onion",13.0,Spicy Girl,"Chinese, Chicken, Seafood, Fried Rice, Noodles",29.7388727,-95.3801341
"Houston, TX",Stir Fried Noodle w/ Beef,"Lo Mein with Beef Flank, Cabbage, Carrot, Celery Cabbage, Mung Bean Sprout, Onion",13.0,Spicy Girl,"Chinese, Chicken, Seafood, Fried Rice, Noodles",29.7388727,-95.3801341
"Houston, TX",Fried Rice w/ Shrimp,"Fried Rice with Shrimp, Egg, Onion",13.0,Spicy Girl,"Chinese, Chicken, Seafood, Fried Rice, Noodles",29.7388727,-95.3801341
"Houston, TX",Combination Fried Rice,"Fried Rice with Shrimp, White Meet, Beef Flank, Egg, Onion",14.0,Spicy Girl,"Chinese, Chicken, Seafood, Fried Rice, Noodles",29.7388727,-95.3801341
"Houston, TX",Combination Curry Stir Fried Rice Noodle(Singapore Rice Noodle) ,"Rice Noodle, Yellow Curry, White Meat, Beef Flank, Shrimp, Egg, Cabbage, Carrot, Celery Cabbage, Mung Bean Sprout, Onion",14.0,Spicy Girl,"Chinese, Chicken, Seafood, Fried Rice, Noodles",29.7388727,-95.3801341
"Houston, TX",Stir Fried Noodle w/ Chicken,"Lo Mein with Dark Meet, Cabbage, Carrot, Celery Cabbage, Mung Bean Sprout, Onion",13.0,Spicy Girl,"Chinese, Chicken, Seafood, Fried Rice, Noodles",29.7388727,-95.3801341
"Houston, TX",Fried Rice w/ Vegetable,"Vegetarian Diet, Fried Rice with Broccoli, Snow Beas, Carrot, Baby Corn, Onion",13.0,Spicy Girl,"Chinese, Chicken, Seafood, Fried Rice, Noodles",29.7388727,-95.3801341
"Houston, TX",Stir Fried Noodle w/ Shrimp,"Lo Mein with Shrimp, Cabbage, Carrot, Celery Cabbage, Mung Bean Sprout, Onion",13.0,Spicy Girl,"Chinese, Chicken, Seafood, Fried Rice, Noodles",29.7388727,-95.3801341
"Houston, TX",Combination Stir Fried Noodle,"Lo Mein with Shrimp, Dark Meet, Beef Flank, Cabbage, Carrot, Celery Cabbage, Mung Bean Sprout, Baby Corn, Onion",14.0,Spicy Girl,"Chinese, Chicken, Seafood, Fried Rice, Noodles",29.7388727,-95.3801341
"Houston, TX",Stir Fried Noodle w/ Vegetable,"Vegetarian Diet, Lo Mein with Broccoli, Seafood Mushroom, Cabbage, Carrot, Celery Mung Bean Sprout, Baby Corn, Onion",13.0,Spicy Girl,"Chinese, Chicken, Seafood, Fried Rice, Noodles",29.7388727,-95.3801341
"Houston, TX",#20 Taquito with Cheese Whatameal®,"What's On It: Sausage (Taquito with Cheese), American Cheese (1 Slice)Your Whatameal®includes: Comes with Hash Brown Sticks and a Coffee.",7.0,Whataburger,"Breakfast, Fast Food, Burgers",29.7913369,-95.3732016
"Houston, TX",POWERADE®,Fountain beverage. A product of The Coca-Cola Company.,2.69,Chick-fil-A,Chicken. Sides. Desserts.,29.7748244,-95.3810132
"Houston, TX",Chick-fil-A® Nuggets Meal,"Bite-sized pieces of tender all breast meat chicken, seasoned to perfection, freshly breaded and pressure cooked in 100% refined peanut oil. Available in 8-count, 12-count, or 30-count entrées with choice of dipping sauce.",10.79,Chick-fil-A,Chicken. Sides. Desserts.,29.7748244,-95.3810132
"Houston, TX",Spicy Chicken Sandwich Deluxe Meal,"A boneless breast of chicken seasoned with a spicy blend of peppers, freshly breaded, pressure cooked in 100% refined peanut oil and served on a toasted, buttered bun with dill pickle chips, Green Leaf lettuce, tomato and cheese. Also available on a multigrain bun.",12.15,Chick-fil-A,Chicken. Sides. Desserts.,29.7748244,-95.3810132
"Houston, TX",#20 Taquito with Cheese,"What's On It: Sausage (Taquito with Cheese), American Cheese (1 Slice)Your Whatameal®includes: Comes with Hash Brown Sticks and a Coffee.",4.05,Whataburger,"Breakfast, Fast Food, Burgers",29.7913369,-95.3732016
"Houston, TX",Chick-fil-A® Sandwich Meal,"A boneless breast of chicken seasoned to perfection, freshly breaded, pressure cooked in 100% refined peanut oil.",10.69,Chick-fil-A,Chicken. Sides. Desserts.,29.7748244,-95.3810132
"Houston, TX",Bottled Diet Coke,,2.95,Freebirds World Burrito,Mexican Restaurant,29.7755495,-95.3826244
"Houston, TX",#25 Honey Butter Chicken Biscuit,"What's On It: Buttermilk Biscuit, Chicken Strip (1), Honey Butter (Regular)",3.92,Whataburger,"Breakfast, Fast Food, Burgers",29.7913369,-95.3732016
"Houston, TX",Chick-fil-A® Spicy Chicken Sandwich Meal,"A boneless breast of chicken seasoned with a spicy blend of peppers, freshly breaded, pressure cooked in 100% refined peanut oil and served on a toasted, buttered bun with dill pickle chips. Also available on a multigrain bun.",11.25,Chick-fil-A,Chicken. Sides. Desserts.,29.7748244,-95.3810132
"Houston, TX",#22 Biscuit Sandwich,"What's On It: Sausage (Biscuit Sandwich), Buttermilk Biscuit, Egg (1), American Cheese (1 Slice)",4.42,Whataburger,"Breakfast, Fast Food, Burgers",29.7913369,-95.3732016
"Houston, TX",Hawaii Fried Rice,"Fried Rice with Pineapple, Chicken, Shrimp, Egg, Onion",14.0,Spicy Girl,"Chinese, Chicken, Seafood, Fried Rice, Noodles",29.7388727,-95.3801341
"Houston, TX",Beef Flat Noodle,"Flat Noodle, with Beef Flank, Celery Cabbage, Carrot, Mung Bean Sprout, Onion",14.0,Spicy Girl,"Chinese, Chicken, Seafood, Fried Rice, Noodles",29.7388727,-95.3801341
"Houston, TX",Fried Rice w/ Beef,"Fried Rice with Beef Flank, Egg, Onion",13.0,Spicy Girl,"Chinese, Chicken, Seafood, Fried Rice, Noodles",29.7388727,-95.3801341
"Houston, TX",Massaman Curry,"Massaman Curry Soup, with Snow Bean, Bamboo Shot, Basil, Pineapple, Coconut Milk",16.0,Spicy Girl,"Chinese, Chicken, Seafood, Fried Rice, Noodles",29.7388727,-95.3801341
"Houston, TX",Green Curry,"Green Curry Soup with Eggplant, Basil, Coconut Milk",16.0,Spicy Girl,"Chinese, Chicken, Seafood, Fried Rice, Noodles",29.7388727,-95.3801341
"Houston, TX",Chick-n-Strips® Meal,"Boneless chicken tenders seasoned to perfection, freshly breaded and pressure cooked in 100% refined peanut oil.",11.15,Chick-fil-A,Chicken. Sides. Desserts.,29.7748244,-95.3810132
"Houston, TX",Grilled Chicken Club Meal,"A lemon-herb marinated boneless breast of chicken, grilled for a tender and juicy backyard-smokey taste, served on a toasted Multigrain Brioche bun with American cheese, applewood smoked bacon, Green Leaf lettuce and tomato. Pairs well with Honey Roasted BBQ Sauce.",14.99,Chick-fil-A,Chicken. Sides. Desserts.,29.7748244,-95.3810132
"Houston, TX",Spicy(Yellow) Curry,"Yellow Curry Flavor, No Soup",16.0,Spicy Girl,"Chinese, Chicken, Seafood, Fried Rice, Noodles",29.7388727,-95.3801341
"Houston, TX",Grilled Spicy Deluxe Meal,"A boneless breast of chicken marinated with a blend of peppers and grilled for a tender and spicy taste, served on a toasted multigrain brioche bun with Colby Jack cheese, green leaf lettuce and tomato. Served with Cilantro Lime Sauce. ",13.25,Chick-fil-A,Chicken. Sides. Desserts.,29.7748244,-95.3810132
"Houston, TX",Chick-fil-A® Cool Wrap Meal,"Sliced grilled chicken breast, nestled in a fresh mix of Green Leaf lettuce, petite red and green lettuce, and shredded green cabbage with a blend of shredded Monterey Jack and Cheddar cheeses, tightly rolled in a flaxseed flour flat bread. Made fresh daily. Served with Avocado Lime Ranch dressing (or guest’s choice of dressing).",14.39,Chick-fil-A,Chicken. Sides. Desserts.,29.7748244,-95.3810132
"Houston, TX",Chick-fil-A® Deluxe Meal,"A boneless breast of chicken seasoned to perfection, freshly breaded, pressure cooked in 100% refined peanut oil and served on a toasted, buttered bun with dill pickle chips, Green Leaf lettuce, tomato and American cheese. Also available on a multigrain bun.",11.65,Chick-fil-A,Chicken. Sides. Desserts.,29.7748244,-95.3810132
"Houston, TX",Grilled Chicken Sandwich Meal,"A lemon-herb marinated boneless breast of chicken, grilled for a tender and juicy backyard-smoky taste, served on a toasted multigrain bun with green leaf lettuce and tomato. Pairs well with Honey Roasted BBQ sauce.",12.85,Chick-fil-A,Chicken. Sides. Desserts.,29.7748244,-95.3810132
"Houston, TX",Grilled Nuggets Meal,"Bite-sized pieces of freshly marinated boneless breast of chicken, grilled for a tender and juicy backyard-smoky taste. Available in 8-count or 12-count entrées with choice of dipping sauce.",11.95,Chick-fil-A,Chicken. Sides. Desserts.,29.7748244,-95.3810132
"Houston, TX",Market Salad,"Sliced grilled chicken breast served on a fresh bed of mixed greens, topped with crumbled blue cheese and a mix of red and green apples, strawberries and blueberries. Prepared fresh daily. Served with Harvest Nut Granola and Roasted Almonds. Pairs well with Zesty Apple Cider Vinaigrette.",12.35,Chick-fil-A,Chicken. Sides. Desserts.,29.7748244,-95.3810132
"Houston, TX",5 Ct Nuggets Kid's Meal,"Includes a 5-count of Chick-fil-A® Nuggets, a choice of a small Side Item (Buddy Fruits® Apple Sauce, Mac & Cheese, Chick-fil-A Waffle Potato Fries®, or Fruit Cup), a kid’s size drink and a prize. ",7.39,Chick-fil-A,Chicken. Sides. Desserts.,29.7748244,-95.3810132
"Houston, TX",2 Ct Chick-n-Strips® Kid's Meal,"Includes a 2-count of Chick-fil-A Chick-n-Strips®, a choice of a small Side Item (Buddy Fruits® Apple Sauce, Mac & Cheese, Chick-fil-A Waffle Potato Fries®, or Fruit Cup), a kid’s size drink and a prize. ",7.89,Chick-fil-A,Chicken. Sides. Desserts.,29.7748244,-95.3810132
"Houston, TX",5 Ct Grilled Nuggets Kid's Meal,"Includes a 5-count of Chick-fil-A® Grilled Nuggets, a choice of a small Side Item (Buddy Fruits® Apple Sauce, Mac & Cheese, Chick-fil-A Waffle Potato Fries®, or Fruit Cup), a kid’s size drink and a prize. ",7.99,Chick-fil-A,Chicken. Sides. Desserts.,29.7748244,-95.3810132
"Houston, TX",Spicy Chicken Biscuit Meal,"A breakfast portion of our boneless breast of chicken, seasoned with a spicy blend of peppers, freshly-breaded, pressure-cooked in 100% refined peanut oil and served on a buttermilk biscuit baked fresh at each Restaurant.",8.89,Chick-fil-A,Chicken. Sides. Desserts.,29.7748244,-95.3810132
"Houston, TX",Chick-fil-A® Chicken Biscuit Meal,"A breakfast portion of our famous boneless breast of chicken, seasoned to perfection, hand-breaded, pressure cooked in 100% refined peanut oil and served on a buttermilk biscuit baked fresh at each Restaurant.",8.49,Chick-fil-A,Chicken. Sides. Desserts.,29.7748244,-95.3810132
"Houston, TX",Chick-fil-A Chick-n-Minis™ 4 Ct Meal,"Bite-sized Chick-fil-A® Nuggets nestled in warm, mini yeast rolls that are lightly brushed with a honey butter spread.",9.59,Chick-fil-A,Chicken. Sides. Desserts.,29.7748244,-95.3810132
"Houston, TX",Hash Brown Scramble Bowl Meal,"A hearty morning meal of sliced Chick-fil-A Nuggets, crispy Hash Browns, scrambled eggs and a blend of MontereyJack and Cheddar cheeses. Made fresh each morning. Served in a convenient bowl. Served with Jalapeño Salsa.",9.99,Chick-fil-A,Chicken. Sides. Desserts.,29.7748244,-95.3810132
"Houston, TX","Chicken, Egg & Cheese Biscuit Meal","A breakfast portion of our famous boneless breast of chicken, seasoned to perfection, freshly breaded, pressure cooked in 100% refined peanut oil, a folded egg and cheese, served on a buttermilk biscuit baked fresh at each Restaurant.",9.69,Chick-fil-A,Chicken. Sides. Desserts.,29.7748244,-95.3810132
"Houston, TX","Sausage, Egg, & Cheese Muffin Meal","Savory pork sausage, freshly prepared eggs and American cheese served on a toasted multigrain English muffin.",9.05,Chick-fil-A,Chicken. Sides. Desserts.,29.7748244,-95.3810132
"Houston, TX",Hash Brown Scramble Burrito Meal,"A hearty morning meal of sliced grilled chicken, crispy Hash Browns, scrambled eggs and a blend of Monterey Jack and Cheddar cheeses. Made fresh each morning. Rolled in a warm flour tortilla. Served with Jalapeño Salsa.",9.99,Chick-fil-A,Chicken. Sides. Desserts.,29.7748244,-95.3810132
"Houston, TX","Bacon, Egg, & Cheese Biscuit Meal",Delicious strips of smoked applewood bacon along with folded egg and cheese served on a freshly baked buttermilk biscuit.,8.89,Chick-fil-A,Chicken. Sides. Desserts.,29.7748244,-95.3810132
"Houston, TX","Sausage, Egg, & Cheese Biscuit Meal",A tasty pork sausage patty along with a folded egg and cheese served on a freshly baked buttermilk biscuit.,8.89,Chick-fil-A,Chicken. Sides. Desserts.,29.7748244,-95.3810132
"Houston, TX","Chicken, Egg, & Cheese Muffin Meal","A breakfast portion of our famous boneless breast of chicken, with folded egg and American cheese, served on a toasted multigrain English Muffin.",9.95,Chick-fil-A,Chicken. Sides. Desserts.,29.7748244,-95.3810132
"Houston, TX",Egg White Grill Meal,"A breakfast portion of grilled chicken with a hint of citrus, served on a toasted multigrain English muffin with egg whites and American cheese.",10.19,Chick-fil-A,Chicken. Sides. Desserts.,29.7748244,-95.3810132
"Houston, TX","Bacon, Egg, & Cheese Muffin Meal","Delicious strips of smoked applewood bacon, folded egg and American cheese served on a toasted multigrain English muffin.",9.05,Chick-fil-A,Chicken. Sides. Desserts.,29.7748244,-95.3810132
"Houston, TX",Chick-fil-A Waffle Potato Fries®,Waffle-cut potatoes cooked in canola oil until crispy outside and tender inside. Sprinkled with Sea Salt.,2.99,Chick-fil-A,Chicken. Sides. Desserts.,29.7748244,-95.3810132
"Houston, TX",Dr Pepper®,"Fountain beverage. Product of Keurig Dr Pepper, Inc.",2.69,Chick-fil-A,Chicken. Sides. Desserts.,29.7748244,-95.3810132
"Houston, TX",Coca-Cola®,Fountain beverage. A product of The Coca-Cola Company.,2.69,Chick-fil-A,Chicken. Sides. Desserts.,29.7748244,-95.3810132
"Houston, TX",Freshly-Brewed Iced Tea Unsweetened,Freshly-brewed each day from a blend of tea leaves unsweetened.,2.69,Chick-fil-A,Chicken. Sides. Desserts.,29.7748244,-95.3810132
"Houston, TX",1/2 Sweet Tea 1/2 Unsweet Tea,,2.69,Chick-fil-A,Chicken. Sides. Desserts.,29.7748244,-95.3810132
"Houston, TX",Barq's® Root Beer,Fountain beverage. A product of The Coca-Cola Company.,2.69,Chick-fil-A,Chicken. Sides. Desserts.,29.7748244,-95.3810132
"Houston, TX",Coca-Cola® Cherry,Fountain beverage. A product of The Coca-Cola Company.,2.69,Chick-fil-A,Chicken. Sides. Desserts.,29.7748244,-95.3810132
"Houston, TX",Coke® Zero Sugar,Fountain beverage. A product of The Coca-Cola Company.,2.69,Chick-fil-A,Chicken. Sides. Desserts.,29.7748244,-95.3810132
"Houston, TX",Diet Dr Pepper®,"Fountain beverage. Product of Keurig Dr Pepper, Inc.",2.69,Chick-fil-A,Chicken. Sides. Desserts.,29.7748244,-95.3810132
"Houston, TX",Large Classic Buttery Jack® w/Swiss cheese Combo,Includes large French Fries and your choice of large drink.,12.12,Jack in the Box,Jack in the Box,29.7577552,-95.3985315
"Houston, TX",Classic Buttery Jack® w/Swiss cheese,"Melted garlic herb butter on 100% beef seasoned as it grills with melty Swiss cheese, lettuce, tomato, ketchup & mayo on signature brioche. Insanely good. ",7.49,Jack in the Box,Jack in the Box,29.7577552,-95.3985315
"Houston, TX",Monster Taco (2),"2 of our terrifyingly delicious Monster Tacos, topped off with melty American cheese, shredded lettuce & taco sauce. ",3.75,Jack in the Box,Jack in the Box,29.7577552,-95.3985315
"Houston, TX",Large Classic Buttery Jack® Combo,Includes large French Fries and your choice of large drink.,12.12,Jack in the Box,Jack in the Box,29.7577552,-95.3985315
"Houston, TX",Classic Buttery Jack® ,"Melted garlic herb butter on 100% beef seasoned as it grills with melty Swiss cheese, lettuce, tomato, ketchup & mayo on signature brioche. Insanely good. ",7.49,Jack in the Box,Jack in the Box,29.7577552,-95.3985315
"Houston, TX",Hatch Chile Pork Breakfast Bowl,"Served with black beans, potato, scramble egg, pico de gallo, and shredded cheese.",6.89,Taco Cabana,"Mexican, Tacos, Burritos, Quesadillas, Nachos, Tex-Mex, Breakfast, Breakfast Burrito, Margarita, Enchiladas, Family Meals, Salads",29.7734199,-95.3990884
"Houston, TX",Potato & Egg Taco,,2.09,Taco Cabana,"Mexican, Tacos, Burritos, Quesadillas, Nachos, Tex-Mex, Breakfast, Breakfast Burrito, Margarita, Enchiladas, Family Meals, Salads",29.7734199,-95.3990884
"Houston, TX",Chorizo & Potato Taco,,2.29,Taco Cabana,"Mexican, Tacos, Burritos, Quesadillas, Nachos, Tex-Mex, Breakfast, Breakfast Burrito, Margarita, Enchiladas, Family Meals, Salads",29.7734199,-95.3990884
"Houston, TX",Potato & Bacon Taco,,2.29,Taco Cabana,"Mexican, Tacos, Burritos, Quesadillas, Nachos, Tex-Mex, Breakfast, Breakfast Burrito, Margarita, Enchiladas, Family Meals, Salads",29.7734199,-95.3990884
"Houston, TX",Potato & Bean Taco,,1.99,Taco Cabana,"Mexican, Tacos, Burritos, Quesadillas, Nachos, Tex-Mex, Breakfast, Breakfast Burrito, Margarita, Enchiladas, Family Meals, Salads",29.7734199,-95.3990884
"Houston, TX",Bean & Bacon Taco,,2.29,Taco Cabana,"Mexican, Tacos, Burritos, Quesadillas, Nachos, Tex-Mex, Breakfast, Breakfast Burrito, Margarita, Enchiladas, Family Meals, Salads",29.7734199,-95.3990884
"Houston, TX",Chorizo & Bean Taco,,2.09,Taco Cabana,"Mexican, Tacos, Burritos, Quesadillas, Nachos, Tex-Mex, Breakfast, Breakfast Burrito, Margarita, Enchiladas, Family Meals, Salads",29.7734199,-95.3990884
"Houston, TX",Egg Taco,,1.99,Taco Cabana,"Mexican, Tacos, Burritos, Quesadillas, Nachos, Tex-Mex, Breakfast, Breakfast Burrito, Margarita, Enchiladas, Family Meals, Salads",29.7734199,-95.3990884
"Houston, TX",Potato Taco,,1.49,Taco Cabana,"Mexican, Tacos, Burritos, Quesadillas, Nachos, Tex-Mex, Breakfast, Breakfast Burrito, Margarita, Enchiladas, Family Meals, Salads",29.7734199,-95.3990884
"Houston, TX",Bean Taco,,1.49,Taco Cabana,"Mexican, Tacos, Burritos, Quesadillas, Nachos, Tex-Mex, Breakfast, Breakfast Burrito, Margarita, Enchiladas, Family Meals, Salads",29.7734199,-95.3990884
"Houston, TX",Dozen Breakfast Taco Box - TC's Way,"3 Bacon & Egg, 3 Potato & Egg, 3 Chorizo & Egg and 3 Bean & Cheese",21.09,Taco Cabana,"Mexican, Tacos, Burritos, Quesadillas, Nachos, Tex-Mex, Breakfast, Breakfast Burrito, Margarita, Enchiladas, Family Meals, Salads",29.7734199,-95.3990884
"Houston, TX",Dozen Breakfast Taco Box - Your Way,"Any combination of Bacon & Egg, Chorizo & Egg, Potato & Egg, Bean & Egg, and Bean & Cheese.",24.79,Taco Cabana,"Mexican, Tacos, Burritos, Quesadillas, Nachos, Tex-Mex, Breakfast, Breakfast Burrito, Margarita, Enchiladas, Family Meals, Salads",29.7734199,-95.3990884
"Houston, TX",Dozen Breakfast Taco Box - Bacon & Egg,,24.79,Taco Cabana,"Mexican, Tacos, Burritos, Quesadillas, Nachos, Tex-Mex, Breakfast, Breakfast Burrito, Margarita, Enchiladas, Family Meals, Salads",29.7734199,-95.3990884
"Houston, TX",Dozen Breakfast Taco Box - Potato & Egg,,24.79,Taco Cabana,"Mexican, Tacos, Burritos, Quesadillas, Nachos, Tex-Mex, Breakfast, Breakfast Burrito, Margarita, Enchiladas, Family Meals, Salads",29.7734199,-95.3990884
"Houston, TX",Dozen Breakfast Taco Box - Chorizo & Egg,,24.79,Taco Cabana,"Mexican, Tacos, Burritos, Quesadillas, Nachos, Tex-Mex, Breakfast, Breakfast Burrito, Margarita, Enchiladas, Family Meals, Salads",29.7734199,-95.3990884
"Houston, TX",Dozen Breakfast Taco Box - Steak & Egg,,49.59,Taco Cabana,"Mexican, Tacos, Burritos, Quesadillas, Nachos, Tex-Mex, Breakfast, Breakfast Burrito, Margarita, Enchiladas, Family Meals, Salads",29.7734199,-95.3990884
"Houston, TX",Personal Order Chicken Fajita Meal,"Personal order chicken fajitas served with a blend of grilled peppers and onions, 8 oz rice, 8 oz choice of beans, 6 flour tortillas, shredded lettuce, shredded cheese, pico de gallo, sour cream and guacamole.  ",14.89,Taco Cabana,"Mexican, Tacos, Burritos, Quesadillas, Nachos, Tex-Mex, Breakfast, Breakfast Burrito, Margarita, Enchiladas, Family Meals, Salads",29.7734199,-95.3990884
"Houston, TX",Large Order Chicken Fajita Meal ,"Large chicken fajitas served with a blend of grilled peppers and onions, 16 oz rice, 16 oz choice of beans, 12 flour tortillas, shredded lettuce, shredded cheese, pico de gallo, sour cream and guacamole.  ",32.29,Taco Cabana,"Mexican, Tacos, Burritos, Quesadillas, Nachos, Tex-Mex, Breakfast, Breakfast Burrito, Margarita, Enchiladas, Family Meals, Salads",29.7734199,-95.3990884
"Houston, TX",Large Order Mixed Steak and Chicken Fajita Meat Only + 12 flour tortillas,(1/2 lb steak fajita and 1/2 lb chicken fajita and 12 flour tortillas),27.29,Taco Cabana,"Mexican, Tacos, Burritos, Quesadillas, Nachos, Tex-Mex, Breakfast, Breakfast Burrito, Margarita, Enchiladas, Family Meals, Salads",29.7734199,-95.3990884
"Houston, TX",Large Order Steak Fajita Meat Only + 12 flour tortillas,(1 lb steak fajita meat and 12 flour tortillas),37.19,Taco Cabana,"Mexican, Tacos, Burritos, Quesadillas, Nachos, Tex-Mex, Breakfast, Breakfast Burrito, Margarita, Enchiladas, Family Meals, Salads",29.7734199,-95.3990884
"Houston, TX",Large Order Mixed Fajita Meal,"Large mixed steak and chicken fajitas served with a blend of grilled peppers and onions, 16 oz rice, 16 oz choice of beans, 12 flour tortillas, shredded lettuce, shredded cheese, pico de gallo, sour cream and guacamole.  ",40.99,Taco Cabana,"Mexican, Tacos, Burritos, Quesadillas, Nachos, Tex-Mex, Breakfast, Breakfast Burrito, Margarita, Enchiladas, Family Meals, Salads",29.7734199,-95.3990884
"Houston, TX",Personal Order Mixed Fajita Meal,"Personal steak and chicken fajitas served with a blend of grilled peppers and onions, 8 oz rice, 8 oz choice of beans, 6 flour tortillas, shredded lettuce, shredded cheese, pico de gallo, sour cream and guacamole.",18.59,Taco Cabana,"Mexican, Tacos, Burritos, Quesadillas, Nachos, Tex-Mex, Breakfast, Breakfast Burrito, Margarita, Enchiladas, Family Meals, Salads",29.7734199,-95.3990884
"Houston, TX",Large Chicken Fajita Meat Only + 12 Flour tortillas,(1 lb chicken fajita meat and 12 flour tortillas),24.19,Taco Cabana,"Mexican, Tacos, Burritos, Quesadillas, Nachos, Tex-Mex, Breakfast, Breakfast Burrito, Margarita, Enchiladas, Family Meals, Salads",29.7734199,-95.3990884
"Houston, TX",Personal Order Steak Fajita Meal,"Personal order steak fajitas served with a blend of grilled peppers and onions, 8 oz rice, 8 oz choice of beans, 6 flour tortillas, shredded lettuce, shredded cheese, pico de gallo, sour cream and guacamole.",22.39,Taco Cabana,"Mexican, Tacos, Burritos, Quesadillas, Nachos, Tex-Mex, Breakfast, Breakfast Burrito, Margarita, Enchiladas, Family Meals, Salads",29.7734199,-95.3990884
"Houston, TX",Large Order Steak Fajita Meal,"Large steak fajitas served with a blend of grilled peppers and onions, 16 oz rice, 16 oz choice of beans, 12 flour tortillas, shredded lettuce, shredded cheese, pico de gallo, sour cream and guacamole.  ",49.59,Taco Cabana,"Mexican, Tacos, Burritos, Quesadillas, Nachos, Tex-Mex, Breakfast, Breakfast Burrito, Margarita, Enchiladas, Family Meals, Salads",29.7734199,-95.3990884
"Houston, TX",Crispy Rice Treat,"Crispy organic brown rice, quinoa, and puffed millet—naturally sweetened with honey date caramel and just 6g of sugar.*This product is gluten-free but contains common allergens, including dairy and tree nuts. More info at sweetgreen.com/menu",2.95,sweetgreen,Health Food Restaurant,29.7434544,-95.3951208
"Houston, TX",Can Coke,,1.75,Nara Thai,"Thai, Pickup, Takeout, Asian",29.747424155,-95.370663379
"Houston, TX",Can Strawberry Fanta,,1.75,Nara Thai,"Thai, Pickup, Takeout, Asian",29.747424155,-95.370663379
"Houston, TX",Shrimp Blanket,6 deep fried shrimp wrapped in spring roll skin served with sweet and sour sauce,10.95,Nara Thai,"Thai, Pickup, Takeout, Asian",29.747424155,-95.370663379
"Houston, TX",Tilapia Deep Fried,"Topped with sauce of choice: sweet and sour sauce, Thai herb sauce, and/or tamarind sauce ",13.95,Nara Thai,"Thai, Pickup, Takeout, Asian",29.747424155,-95.370663379
"Houston, TX",Home Style Pad Kra Pow,"Minced chicken stir-fried with fresh garlic, thai chili, bell pepper, basil and a fried egg",13.95,Nara Thai,"Thai, Pickup, Takeout, Asian",29.747424155,-95.370663379
"Houston, TX",Roti Cheesecake,"Rich, smooth cheesecake, with a slight tangy finish rolled in melt-in-your-mouth, flaky pastry tortilla. Cover it in condensed milk to get an authentic Thai streetfood experience or a chocolate sauce.",7.45,Nara Thai,"Thai, Pickup, Takeout, Asian",29.747424155,-95.370663379
"Houston, TX",Strawberry Mango Lemonade,,4.95,Nara Thai,"Thai, Pickup, Takeout, Asian",29.747424155,-95.370663379
"Houston, TX",Topo Chico Twist of Lime,,2.95,Nara Thai,"Thai, Pickup, Takeout, Asian",29.747424155,-95.370663379
"Houston, TX",Old Fashioned Thai Tea Bottle,,5.95,Nara Thai,"Thai, Pickup, Takeout, Asian",29.747424155,-95.370663379
"Houston, TX",Old Fashion Thai Coffee Bottle,,5.95,Nara Thai,"Thai, Pickup, Takeout, Asian",29.747424155,-95.370663379
"Houston, TX",Papaya Salad,"Shredded green papaya, roasted peanuts, green bean, tomato, and grilled shrimp on lettuce seasoned with spicy lime dressing",10.45,Nara Thai,"Thai, Pickup, Takeout, Asian",29.747424155,-95.370663379
"Houston, TX",Tiger Tear Beef,"Slices of grilled steak, red onion, cilantro, and roasted rice powder seasoned with spicy lime dressing on lettuce",14.95,Nara Thai,"Thai, Pickup, Takeout, Asian",29.747424155,-95.370663379
"Houston, TX",Larb Gai,"Spicy minced chicken, red onion, green onion, cilantro, and roasted rice powder seasoned with spicy lime dressing with a side of lettuce",12.45,Nara Thai,"Thai, Pickup, Takeout, Asian",29.747424155,-95.370663379
"Houston, TX",Yum Woon Sen,"Ground chicken, glass noodle, green onion, cilantro, and carrots on lettuce seasoned with spicy lime dressing",12.45,Nara Thai,"Thai, Pickup, Takeout, Asian",29.747424155,-95.370663379
"Houston, TX",Yum Talay Salad,"Shrimp, squid, scallop, mussel, red onion, green onion, cilantro, and roasted rice powder on lettuce seasoned with spicy lime dressing",19.45,Nara Thai,"Thai, Pickup, Takeout, Asian",29.747424155,-95.370663379
"Houston, TX",Combination Plate,"Chicken satay, crab angel, calamari, vegetable tempura, fried spring roll, and Thai dumpling",23.95,Nara Thai,"Thai, Pickup, Takeout, Asian",29.747424155,-95.370663379
"Houston, TX",Chicken Satay,4 chicken skewers with peanut sauce and cucumber relish,10.45,Nara Thai,"Thai, Pickup, Takeout, Asian",29.747424155,-95.370663379
"Houston, TX",Calamari,Deep fried calamari served with sweet and sour sauce,9.45,Nara Thai,"Thai, Pickup, Takeout, Asian",29.747424155,-95.370663379
"Houston, TX",Crab Angel,6 fried wontons with cream cheese and crab meat,8.45,Nara Thai,"Thai, Pickup, Takeout, Asian",29.747424155,-95.370663379
"Houston, TX",Thai Dumpling,"4 dumplings made with chicken, shrimp, mushrooms, and water chestnuts served with a soy vinegar sauce",9.45,Nara Thai,"Thai, Pickup, Takeout, Asian",29.747424155,-95.370663379
"Houston, TX",Triangle Tofu,Fried tofu served with sweet and sour sauce,6.45,Nara Thai,"Thai, Pickup, Takeout, Asian",29.747424155,-95.370663379
"Houston, TX",Chicken Curry Puff,"3 fried pastries filled with chicken, potato, onion, and carrot served with cucumber relish",8.45,Nara Thai,"Thai, Pickup, Takeout, Asian",29.747424155,-95.370663379
"Houston, TX",Thod Mun (Fish Cake),7 deep fried lightly spiced ground whitefish patties served with a spicy cucumber sauce,9.45,Nara Thai,"Thai, Pickup, Takeout, Asian",29.747424155,-95.370663379
"Houston, TX",Fried Spring  Roll,"4 fried egg rolls with cabbage, carrot, and clear noodles",6.45,Nara Thai,"Thai, Pickup, Takeout, Asian",29.747424155,-95.370663379
"Houston, TX",Fresh Roll,"2 rolls with poached chicken, shrimp, lettuce, bean sprouts, and cucumbers wrapped in clear rice paper served with spicy peanut sauce or a sweet and sour sauce",7.45,Nara Thai,"Thai, Pickup, Takeout, Asian",29.747424155,-95.370663379
"Houston, TX",Thai Chicken Wing,6 chicken wings with our Thai chili sauce,10.45,Nara Thai,"Thai, Pickup, Takeout, Asian",29.747424155,-95.370663379
"Houston, TX",6Pc Chocolate Beignets,"A warm and light New Orleans style pastry with a chocolate filling made with HERSHEY’S Cocoa, covered with powdered sugar",4.99,Popeyes,"Fried Chicken, Chicken Wings, Southern, Sandwiches,",29.7336574,-95.3485523
"Houston, TX",3Pc Chocolate Beignets,"A warm and light New Orleans style pastry with a chocolate filling made with HERSHEY’S Cocoa, covered with powdered sugar",2.99,Popeyes,"Fried Chicken, Chicken Wings, Southern, Sandwiches,",29.7336574,-95.3485523
"Houston, TX",12Pc Chocolate Beignets,"A warm and light New Orleans style pastry with a chocolate filling made with HERSHEY’S Cocoa, covered with powdered sugar",7.99,Popeyes,"Fried Chicken, Chicken Wings, Southern, Sandwiches,",29.7336574,-95.3485523
"Houston, TX",Spicy Blackened Chicken Sandwich Combo,"The Popeyes Chicken Sandwich you love but make it blackened. Marinated in Popeyes blackened seasoning that is.  Our new juicy filet is fried to perfection without the breading, served on a toasted brioche bun with crisp pickles. Try it Spicy. Includes a regular signature side and drink of your choice.",10.09,Popeyes,"Fried Chicken, Chicken Wings, Southern, Sandwiches,",29.7336574,-95.3485523
"Houston, TX",Peanut Sauce,Pan fried chicken or a protein of your choice seasoned with peanut sauce served with steamed broccoli,12.45,Nara Thai,"Thai, Pickup, Takeout, Asian",29.747424155,-95.370663379
"Houston, TX",Classic Blackened Chicken Sandwich Combo,"The Popeyes Chicken Sandwich you love but make it blackened. Marinated in Popeyes blackened seasoning that is.  Our new juicy filet is fried to perfection without the breading, served on a toasted brioche bun with crisp pickles. Includes a regular signature side and drink of your choice.",10.09,Popeyes,"Fried Chicken, Chicken Wings, Southern, Sandwiches,",29.7336574,-95.3485523
"Houston, TX",Spicy Blackened Chicken Sandwich,"The Popeyes Chicken Sandwich you love but make it blackened. Marinated in Popeyes blackened seasoning that is.  Our new juicy filet is fried to perfection without the breading, served on a toasted brioche bun with crisp pickles. Try it Spicy.",5.99,Popeyes,"Fried Chicken, Chicken Wings, Southern, Sandwiches,",29.7336574,-95.3485523
"Houston, TX",Classic Blackened Chicken Sandwich,"The Popeyes Chicken Sandwich you love but make it blackened. Marinated in Popeyes blackened seasoning that is.  Our new juicy filet is fried to perfection without the breading, served on a toasted brioche bun with crisp pickles. Try it Spicy.",5.99,Popeyes,"Fried Chicken, Chicken Wings, Southern, Sandwiches,",29.7336574,-95.3485523
"Houston, TX",Spicy Blackened Chicken Sandwich Dinner,"The Popeyes Chicken Sandwich you love but make it blackened. Marinated in Popeyes blackened seasoning that is. Our new juicy filet is fried to perfection without the breading, served on a toasted brioche bun with crisp pickles. Try it Spicy. Includes a regular signature side.",8.69,Popeyes,"Fried Chicken, Chicken Wings, Southern, Sandwiches,",29.7336574,-95.3485523
"Houston, TX",Classic Blackened Chicken Sandwich Dinner,"The Popeyes Chicken Sandwich you love but make it blackened. Marinated in Popeyes blackened seasoning that is. Our new juicy filet is fried to perfection without the breading, served on a toasted brioche bun with crisp pickles. Includes a regular signature side.",8.69,Popeyes,"Fried Chicken, Chicken Wings, Southern, Sandwiches,",29.7336574,-95.3485523
"Houston, TX",Orange,"Deep fried breaded chicken or a protein of your choice, bell pepper, cashew nut, and sesame seed in orange  sauce",12.45,Nara Thai,"Thai, Pickup, Takeout, Asian",29.747424155,-95.370663379
"Houston, TX",Sweet And Sour,"Deep fried breaded chicken or a protein of your choice, bell pepper, onion, green onion, tomato, pineapple, and cucumber cooked in pineapple and tomato sauce",12.45,Nara Thai,"Thai, Pickup, Takeout, Asian",29.747424155,-95.370663379
"Houston, TX",Mango Sweet And Sour,"Fried breaded shrimp or a protein of your choice, we recommend the breaded shrimp, bell pepper, onion, green onion, tomato, mango, and cucumber cooked in pineapple and tomato sauce",12.45,Nara Thai,"Thai, Pickup, Takeout, Asian",29.747424155,-95.370663379
"Houston, TX",Ginger Lover,"Stir fried protein with black mushroom, onion, green onion, and ginger strips",12.45,Nara Thai,"Thai, Pickup, Takeout, Asian",29.747424155,-95.370663379
"Houston, TX",Bell Pepper,"Beef sautéed with onion, green onion, and bell peppers in house sauce",12.45,Nara Thai,"Thai, Pickup, Takeout, Asian",29.747424155,-95.370663379
"Houston, TX",Pad Kra Tiem,Fried protein with house special garlic sauce served with cucumbers,12.45,Nara Thai,"Thai, Pickup, Takeout, Asian",29.747424155,-95.370663379
"Houston, TX",Pad Broccoli,Stir fried protein with broccoli in Thai sauce,12.45,Nara Thai,"Thai, Pickup, Takeout, Asian",29.747424155,-95.370663379
"Houston, TX",Eggplant Basil,"Tofu or a protein of your choice, purple eggplant, and bell pepper sautéed in chili garlic and black bean sauce",12.45,Nara Thai,"Thai, Pickup, Takeout, Asian",29.747424155,-95.370663379
"Houston, TX",Green Curry,"Protein cooked in coconut milk, green curry paste, green bean, Thai eggplant, bell pepper, and basil",12.45,Nara Thai,"Thai, Pickup, Takeout, Asian",29.747424155,-95.370663379
"Houston, TX",Pineapple Curry,"Protein cooked in coconut milk, red curry paste, bell pepper, pineapple, and basil",12.45,Nara Thai,"Thai, Pickup, Takeout, Asian",29.747424155,-95.370663379
"Houston, TX",Red Curry,"Protein cooked in coconut milk, red curry paste, bamboo shoot, bell pepper, and basil",12.45,Nara Thai,"Thai, Pickup, Takeout, Asian",29.747424155,-95.370663379
"Houston, TX",Americano,,2.79,McDonald's,McDonald's,29.748692,-95.370802
"Houston, TX",Panang Curry,"Protein cooked in coconut milk, panang curry paste, kefir lime leaf, and carrots",12.45,Nara Thai,"Thai, Pickup, Takeout, Asian",29.747424155,-95.370663379
"Houston, TX",Strawberry Banana Smoothie,,2.5,McDonald's,McDonald's,29.748692,-95.370802
"Houston, TX",Yellow Curry,"Protein cooked in coconut milk, yellow curry paste, onion, and potatoes",12.45,Nara Thai,"Thai, Pickup, Takeout, Asian",29.747424155,-95.370663379
"Houston, TX",Mango Pineapple Smoothie,,2.5,McDonald's,McDonald's,29.748692,-95.370802
"Houston, TX",The Cactus Plant Flea Market Big Mac Box ,,13.09,McDonald's,McDonald's,29.748692,-95.370802
"Houston, TX",Pad Thai,"A choice of protein stir fried with rice noodle, eggs, bean sprouts, and green onion in tamarind sauce with crushed peanuts on the side",12.45,Nara Thai,"Thai, Pickup, Takeout, Asian",29.747424155,-95.370663379
"Houston, TX",The Cactus Plant Flea Market 10 piece Chicken McNuggets Box ,,11.89,McDonald's,McDonald's,29.748692,-95.370802
"Houston, TX",Spaghetti Basil,"A choice of protein stir fried with spaghetti, bell pepper, broccoli, tomato, and mushroom in chili-garlic sauce",12.45,Nara Thai,"Thai, Pickup, Takeout, Asian",29.747424155,-95.370663379
"Houston, TX",The Cactus Plant Flea Market Big Mac Box ,,13.09,McDonald's,McDonald's,29.748692,-95.370802
"Houston, TX",Pad Kee Mao,"A choice of protein stir fried with flat rice noodles, bell pepper, broccoli, tomato, basil, and mushroom in chili-garlic sauce",12.45,Nara Thai,"Thai, Pickup, Takeout, Asian",29.747424155,-95.370663379
"Houston, TX",The Cactus Plant Flea Market 10 piece Chicken McNuggets Box ,,11.89,McDonald's,McDonald's,29.748692,-95.370802
"Houston, TX",Pad See Eue,"A choice of protein stir fried with flat rice noodle, eggs, and broccoli in house brown sauce",12.45,Nara Thai,"Thai, Pickup, Takeout, Asian",29.747424155,-95.370663379
"Houston, TX",The Cactus Plant Flea Market 10 piece Chicken McNuggets Box ,,11.89,McDonald's,McDonald's,29.748692,-95.370802
"Houston, TX",Poorman Noodle,"A choice of protein stir fried with egg noodle, egg, baby corn, broccoli, carrot and mushroom in house brown sauce",12.45,Nara Thai,"Thai, Pickup, Takeout, Asian",29.747424155,-95.370663379
"Houston, TX",Suki Yaki,"Protein with glass noodle in chicken soup, napa cabbage, and onion in suki yaki sauce",12.45,Nara Thai,"Thai, Pickup, Takeout, Asian",29.747424155,-95.370663379
"Houston, TX",Pad Woon Sen,"A choice of protein stir fried with glass noodles, cabbage, tomato, and green onion in our house brown sauce",12.45,Nara Thai,"Thai, Pickup, Takeout, Asian",29.747424155,-95.370663379
"Houston, TX",Noodle Soup,,12.45,Nara Thai,"Thai, Pickup, Takeout, Asian",29.747424155,-95.370663379
"Houston, TX",Pad Kra Pow Woonsen,"A choice of protein stir fried with glass noodles, with chili-garlic sauce, green beans, bell pepper, and basil",12.45,Nara Thai,"Thai, Pickup, Takeout, Asian",29.747424155,-95.370663379
"Houston, TX",Pineapple Fried Rice,"Fried rice with a choice of protein, pineapple, dried grapes, green onion, and egg",12.45,Nara Thai,"Thai, Pickup, Takeout, Asian",29.747424155,-95.370663379
"Houston, TX",Basil Fried Rice,Fried rice with chili-garlic sauce and sweet basil topped with a fried egg,12.45,Nara Thai,"Thai, Pickup, Takeout, Asian",29.747424155,-95.370663379
"Houston, TX",Nara Thai Fried Rice,"Fried rice with choice of protein, spicy shrimp powder, green onion, cashew nut, and egg",12.45,Nara Thai,"Thai, Pickup, Takeout, Asian",29.747424155,-95.370663379
"Houston, TX",Java Fried Rice,"Fried rice with choice of protein, and vinegar-tamarind sauce topped with an omelet",12.45,Nara Thai,"Thai, Pickup, Takeout, Asian",29.747424155,-95.370663379
"Houston, TX",Fried Rice,"Fried rice with choice of protein, green onion, and egg",12.45,Nara Thai,"Thai, Pickup, Takeout, Asian",29.747424155,-95.370663379
"Houston, TX",Pad Krapraow Woonsen,,12.95,Nara Thai,"Thai, Pickup, Takeout, Asian",29.747424155,-95.370663379
"Houston, TX",Home Style Pad Kra Pow Chicken,"Minced chicken stir-fried with fresh garlic, thai chili, bell pepper, basil and a fried egg",14.45,Nara Thai,"Thai, Pickup, Takeout, Asian",29.747424155,-95.370663379
"Houston, TX",Homestyle Pad Kra Pow Beef,,16.95,Nara Thai,"Thai, Pickup, Takeout, Asian",29.747424155,-95.370663379
"Houston, TX",Veggie Tempura,Deep fried mixed veggies served with sweet and sour sauce,6.95,Nara Thai,"Thai, Pickup, Takeout, Asian",29.747424155,-95.370663379
"Houston, TX",Sweet And Sour Sauce Small,,0.5,Nara Thai,"Thai, Pickup, Takeout, Asian",29.747424155,-95.370663379
"Houston, TX",Old Fashioned Thai Tea  (16oz Bottle),,5.95,Nara Thai,"Thai, Pickup, Takeout, Asian",29.747424155,-95.370663379
"Houston, TX",Mexican Coke,,2.95,Nara Thai,"Thai, Pickup, Takeout, Asian",29.747424155,-95.370663379
"Houston, TX",Sprite 20 Oz,,2.95,Nara Thai,"Thai, Pickup, Takeout, Asian",29.747424155,-95.370663379
"Houston, TX",Fanta Orange 20 Oz,,2.95,Nara Thai,"Thai, Pickup, Takeout, Asian",29.747424155,-95.370663379
"Houston, TX",Jarritos Mandarin,,2.95,Nara Thai,"Thai, Pickup, Takeout, Asian",29.747424155,-95.370663379
"Houston, TX",Jarritos Pineapple,,2.95,Nara Thai,"Thai, Pickup, Takeout, Asian",29.747424155,-95.370663379
"Houston, TX",Jarritos Fruit Punch,,2.95,Nara Thai,"Thai, Pickup, Takeout, Asian",29.747424155,-95.370663379
"Houston, TX",Jarritos Tamarind,,2.95,Nara Thai,"Thai, Pickup, Takeout, Asian",29.747424155,-95.370663379
"Houston, TX",Bottle Water,,2.05,Nara Thai,"Thai, Pickup, Takeout, Asian",29.747424155,-95.370663379
"Houston, TX",Topo Chico Twist of Grapefruit,,2.95,Nara Thai,"Thai, Pickup, Takeout, Asian",29.747424155,-95.370663379
"Houston, TX",Topo Chico Twist of Lime,,2.95,Nara Thai,"Thai, Pickup, Takeout, Asian",29.747424155,-95.370663379
"Houston, TX",Topo Chico,,2.95,Nara Thai,"Thai, Pickup, Takeout, Asian",29.747424155,-95.370663379
"Houston, TX",Can Diet Coke,,1.75,Nara Thai,"Thai, Pickup, Takeout, Asian",29.747424155,-95.370663379
"Houston, TX",Ice Tea - Unsweet,,2.95,Nara Thai,"Thai, Pickup, Takeout, Asian",29.747424155,-95.370663379
"Houston, TX",Ice Tea - Sweet,,2.95,Nara Thai,"Thai, Pickup, Takeout, Asian",29.747424155,-95.370663379
"Houston, TX",Ice Tea - Extra Sweet,,2.95,Nara Thai,"Thai, Pickup, Takeout, Asian",29.747424155,-95.370663379
"Houston, TX",Powerade Fruit Punch,,2.95,Nara Thai,"Thai, Pickup, Takeout, Asian",29.747424155,-95.370663379
"Houston, TX",Powerade Lemon-lime,,2.95,Nara Thai,"Thai, Pickup, Takeout, Asian",29.747424155,-95.370663379
"Houston, TX",Fried Spring  Roll,"4 fried egg rolls with cabbage, carrot, and clear noodles",6.95,Nara Thai,"Thai, Pickup, Takeout, Asian",29.747424155,-95.370663379
"Houston, TX",Chicken Satay,4 chicken skewers with peanut sauce and cucumber relish,10.95,Nara Thai,"Thai, Pickup, Takeout, Asian",29.747424155,-95.370663379
"Houston, TX",Crab Angel,6 fried wontons with cream cheese and crab meat,8.95,Nara Thai,"Thai, Pickup, Takeout, Asian",29.747424155,-95.370663379
"Houston, TX",Chicken Curry Puff,"3 fried pastries filled with chicken, potato, onion, and carrot served with cucumber relish",8.95,Nara Thai,"Thai, Pickup, Takeout, Asian",29.747424155,-95.370663379
"Houston, TX",Thai Dumpling,"4 dumplings made with chicken, shrimp, mushrooms, and water chestnuts served with a soy vinegar sauce",9.95,Nara Thai,"Thai, Pickup, Takeout, Asian",29.747424155,-95.370663379
"Houston, TX",Triangle Tofu,Fried tofu served with sweet and sour sauce,6.95,Nara Thai,"Thai, Pickup, Takeout, Asian",29.747424155,-95.370663379
"Houston, TX",Thod Mun (Fish Cake),7 deep fried lightly spiced ground whitefish patties served with a spicy cucumber sauce,9.95,Nara Thai,"Thai, Pickup, Takeout, Asian",29.747424155,-95.370663379
"Houston, TX",Fresh Roll,"2 rolls with poached chicken, shrimp, lettuce, bean sprouts, and cucumbers wrapped in clear rice paper served with spicy peanut sauce or a sweet and sour sauce",7.95,Nara Thai,"Thai, Pickup, Takeout, Asian",29.747424155,-95.370663379
"Houston, TX",Thai Chicken Wing,6 chicken wings with our Thai chili sauce,10.95,Nara Thai,"Thai, Pickup, Takeout, Asian",29.747424155,-95.370663379
"Houston, TX",Massaman Curry w/ Avocado,"Beef or a protein of your choice simmered in coconut milk, massaman curry paste, onion, carrot, potato, and avocado",17.45,Nara Thai,"Thai, Pickup, Takeout, Asian",29.747424155,-95.370663379
"Houston, TX",Sweet Sticky Rice w/Combination,,10.95,Nara Thai,"Thai, Pickup, Takeout, Asian",29.747424155,-95.370663379
"Houston, TX",Kids Chicken Teriyaki,,7.95,Nara Thai,"Thai, Pickup, Takeout, Asian",29.747424155,-95.370663379
"Houston, TX",Kids Beef Teriyaki,,8.45,Nara Thai,"Thai, Pickup, Takeout, Asian",29.747424155,-95.370663379
"Houston, TX",Kids Tofu Teriyaki,,7.45,Nara Thai,"Thai, Pickup, Takeout, Asian",29.747424155,-95.370663379
"Houston, TX",Kids Teriyaki Veggie,,7.45,Nara Thai,"Thai, Pickup, Takeout, Asian",29.747424155,-95.370663379
"Houston, TX",Kids Orange Chicken,,7.95,Nara Thai,"Thai, Pickup, Takeout, Asian",29.747424155,-95.370663379
"Houston, TX",Kids Orange Tofu,,7.95,Nara Thai,"Thai, Pickup, Takeout, Asian",29.747424155,-95.370663379
"Houston, TX",Kids Fried Rice w/Beef,,8.95,Nara Thai,"Thai, Pickup, Takeout, Asian",29.747424155,-95.370663379
"Houston, TX",Kids Fried Rice Mock Duck,,12.95,Nara Thai,"Thai, Pickup, Takeout, Asian",29.747424155,-95.370663379
"Houston, TX",Stir Fried Noodles,,5.5,Nara Thai,"Thai, Pickup, Takeout, Asian",29.747424155,-95.370663379
"Houston, TX",Topo Chico Touch of lime,,3.95,Nara Thai,"Thai, Pickup, Takeout, Asian",29.747424155,-95.370663379
"Houston, TX",The Raj,"Masala marinated Trailer Park chicken tender, raita, Parsi salad, diced mango, chili crunch, mint & cilantro served on a flour tortilla. Contains: Milk, Soy, Egg, Gluten",6.9,Torchy's Tacos,Tacos,29.7440974,-95.4104148
"Houston, TX",The Raj (Vegetarian),"Turmeric BREADED & SLICED AVOCADOS, raita, Parsi salad, diced mango, chili crunch, mint & cilantro served on a flour tortilla. Contains: Milk, Soy, Egg, Gluten",6.9,Torchy's Tacos,Tacos,29.7440974,-95.4104148
"Houston, TX",Mad Cow,"Fajita beef, black bean, grilled corn, jack cheese, creamy chipotle & cilantro. Server on a flour tortilla. Dairy, Soy, Gluten, Eggs.",6.15,Torchy's Tacos,Tacos,29.7440974,-95.4104148
"Houston, TX",Ace of Spades,"Grilled jalapeÃ±o cheddar sausage, smoked beef brisket, fried egg, Green Chile Queso, cotija cheese, cheddar jack cheese, sour cream & cilantro with Diablo Sauce on two flour tortillas.",7.55,Torchy's Tacos,Tacos,29.7440974,-95.4104148
"Houston, TX",Libertarian,"A chicken-fried jalapeno sausage link with grilled peppers and onions, grilled jalapenos, Green Chili Queso, and pico de gallo.  Topped with jack and cheddar cheese and served on a flour tortilla. Dairy, Soy, Gluten, Eggs.",6.65,Torchy's Tacos,Tacos,29.7440974,-95.4104148
"Houston, TX",Lil' Nookies (V) - 3ct,"Fried chocolate chip cookie dough dusted with powdered sugar & topped with cherries. (Vegetarian) Dairy, Soy, Gluten, Eggs",5.2,Torchy's Tacos,Tacos,29.7440974,-95.4104148
"Houston, TX",Lil' Nookies (V) - 13ct,"Fried chocolate chip cookie dough dusted with powdered sugar & topped with cherries. (Vegetarian) Dairy, Soy, Gluten, Eggs",15.5,Torchy's Tacos,Tacos,29.7440974,-95.4104148
"Houston, TX",Dasani Water,16.9oz Dasani Water,2.3,Torchy's Tacos,Tacos,29.7440974,-95.4104148
"Houston, TX",Washingtonian,"Smoked Pulled Pork, Grilled Onions, Jack Cheese, Pickles, Sour Cream and Fresh Avocado with Chipotle BBQ sauce served on a flour tortilla. Contains: Dairy, Gluten, and Soy",6.9,Torchy's Tacos,Tacos,29.7440974,-95.4104148
"Houston, TX",Smartwater,20oz Smartwater,3.2,Torchy's Tacos,Tacos,29.7440974,-95.4104148
"Houston, TX",GARLIC ROSEMARY WINGS,"6 All Natural traditional bone-in wings, tossed with our Signature Smash seasoning: rosemary, garlic salt pepper & thyme seasoning. Wings are sourced from USA and are hormone + steroid free.",11.79,Smashburger,Burgers,29.7736191,-95.3981886
"Houston, TX",Pumpkin Mousse Oats,"Served warm for crisp fall days and offers a savory, high-fiber, high-protein blend of steel cut oats, housemade pumpkin mousse, fresh fuji apple, pepitas, agave, and pumpkin spice.",5.35,Nekter Juice Bar,"Juice Bar, Smoothies, Acai Bowls",29.7520678,-95.3772751
"Houston, TX",SCORCHIN' HOT WINGS,"6 All Natural traditional bone-in wings, tossed with Nashville Hot seasoning. Wings are sourced from USA and are hormone + steroid free.",11.79,Smashburger,Burgers,29.7736191,-95.3981886
"Houston, TX",Super Berry Oats,"Vanilla steel cut oats made with housemade cashew milk, topped with fresh, antioxidant-packed strawberries, and blueberries.",5.35,Nekter Juice Bar,"Juice Bar, Smoothies, Acai Bowls",29.7520678,-95.3772751
"Houston, TX",BBQ WINGS,"6 All Natural traditional bone-in wings, tossed with BBQ sauce. Wings are sourced from USA and are hormone + steroid free.",11.79,Smashburger,Burgers,29.7736191,-95.3981886
"Houston, TX",Almond Butter Banana Oats,"Vanilla steel cut oats with housemade cashew milk, topped with bananas, mood-boosting cacao nibs, and a scoop of toasted almond butter. ",5.35,Nekter Juice Bar,"Juice Bar, Smoothies, Acai Bowls",29.7520678,-95.3772751
"Houston, TX",BUFFALO WINGS,"6 All Natural traditional bone-in wings, tossed with Sweet Baby Ray’s® buffalo sauce. Wings are sourced from USA and are hormone + steroid free.",11.79,Smashburger,Burgers,29.7736191,-95.3981886
"Houston, TX",Cinnamon Apple & Peanut Butter Oats,"Vanilla steel cut oats with housemade cashew milk, topped with tart green apples, cinnamon, dates, and creamy peanut butter. ",5.35,Nekter Juice Bar,"Juice Bar, Smoothies, Acai Bowls",29.7520678,-95.3772751
"Houston, TX",PLAIN WINGS,6 All Natural traditional bone-in wings. Wings are sourced from USA and are hormone + steroid free.,11.79,Smashburger,Burgers,29.7736191,-95.3981886
"Houston, TX",Pineapple Green Juice,"Pineapple, cucumber, spinach, and kale.",7.0,Pho Binh,"Vietnamese, Noodles, Pho, Smoothies, Asian",29.7819194,-95.3902331
"Houston, TX",Watermelon Juice,,6.0,Pho Binh,"Vietnamese, Noodles, Pho, Smoothies, Asian",29.7819194,-95.3902331
"Houston, TX",Orange Pineapple Juice,,7.0,Pho Binh,"Vietnamese, Noodles, Pho, Smoothies, Asian",29.7819194,-95.3902331
"Houston, TX",Carrot Juice,,6.0,Pho Binh,"Vietnamese, Noodles, Pho, Smoothies, Asian",29.7819194,-95.3902331
"Houston, TX",Avocado Smoothie,Add-ons for an additional charge.,6.5,Pho Binh,"Vietnamese, Noodles, Pho, Smoothies, Asian",29.7819194,-95.3902331
"Houston, TX",Taro Smoothie,Add-ons for an additional charge.,6.5,Pho Binh,"Vietnamese, Noodles, Pho, Smoothies, Asian",29.7819194,-95.3902331
"Houston, TX",Strawberry Smoothie,Add-ons for an additional charge.,6.5,Pho Binh,"Vietnamese, Noodles, Pho, Smoothies, Asian",29.7819194,-95.3902331
"Houston, TX",Pina Colada Smoothie,Add-ons for an additional charge.,6.5,Pho Binh,"Vietnamese, Noodles, Pho, Smoothies, Asian",29.7819194,-95.3902331
"Houston, TX",Taro Coconut Smoothie,Add-ons for an additional charge.,6.5,Pho Binh,"Vietnamese, Noodles, Pho, Smoothies, Asian",29.7819194,-95.3902331
"Houston, TX",Good Morning Smoothie,Peach strawberry banana. Add-ons for an additional charge.,6.5,Pho Binh,"Vietnamese, Noodles, Pho, Smoothies, Asian",29.7819194,-95.3902331
"Houston, TX",Magic Smoothie,Avocado coconut. Add-ons for an additional charge.,6.5,Pho Binh,"Vietnamese, Noodles, Pho, Smoothies, Asian",29.7819194,-95.3902331
"Houston, TX",Coconut Smoothie,Add-ons for an additional charge.,6.5,Pho Binh,"Vietnamese, Noodles, Pho, Smoothies, Asian",29.7819194,-95.3902331
"Houston, TX",Banana Smoothie,Add-ons for an additional charge.,6.5,Pho Binh,"Vietnamese, Noodles, Pho, Smoothies, Asian",29.7819194,-95.3902331
"Houston, TX",Taro Avocado Smoothie,Add-ons for an additional charge.,6.5,Pho Binh,"Vietnamese, Noodles, Pho, Smoothies, Asian",29.7819194,-95.3902331
"Houston, TX",#3. Gỏi Cuốn (Fresh Spring Roll) (2 Rolls),"Bean sprouts, shrimp, pork, vermicelli and mint wrapped in thin rice paper. Served fresh with peanut sauce.",5.0,Pho Saigon,Vietnamese,29.7451531,-95.3776337
"Houston, TX",Chicken Pho,Boneless chicken instead of beef,15.5,Huynh Restaurant,Vietnamese Restaurant,29.7516624,-95.3556435
"Houston, TX",Vegetable Pho,Pho with vegetables & tofu,15.5,Huynh Restaurant,Vietnamese Restaurant,29.7516624,-95.3556435
"Houston, TX",Phở (Khong Thit),No meat.  Just broth & noodles.,11.95,Huynh Restaurant,Vietnamese Restaurant,29.7516624,-95.3556435
"Houston, TX",94. Mì Quảng,"Special yellow rice noodles with pork, shrimp, fish cake, shredded cabbage and banana blossom to be tossed with a lightly spicy broth. Garnished with peanuts, fried onions, and Vietnamese crackers.",15.5,Huynh Restaurant,Vietnamese Restaurant,29.7516624,-95.3556435
"Houston, TX",93. Mì Hoành Thánh,Wonton Soup.  Egg noodle soup with wontons and BBQ pork.,15.5,Huynh Restaurant,Vietnamese Restaurant,29.7516624,-95.3556435
"Houston, TX",90. Hủ Tiếu Thập Cẩm,"Combination Soup.  Your choice of noodles in home-made chicken broth with vegetables, chicken, pork, and seafood.",15.5,Huynh Restaurant,Vietnamese Restaurant,29.7516624,-95.3556435
"Houston, TX",91. Mì Ga,Chicken Soup.  Choice of noodles in chicken broth with dark or white chicken.,15.5,Huynh Restaurant,Vietnamese Restaurant,29.7516624,-95.3556435
"Houston, TX",92. Mì Xá Xíu,BBQ Pork Soup.  Choice of noodles in home-made soup with BBQ pork.,15.5,Huynh Restaurant,Vietnamese Restaurant,29.7516624,-95.3556435
"Houston, TX",11. Bún Bò Xào,Stir-fried lemongrass beef on vermicelli.  Chicken may be substituted on request.,17.95,Huynh Restaurant,Vietnamese Restaurant,29.7516624,-95.3556435
"Houston, TX",16. Bún Bò Hue,"Spicy noodle soup with sliced beef in a broth with chilies and lemongrass optional \Vietnamese style\"" includes blood cake (huyết) and pork hock.""",15.5,Huynh Restaurant,Vietnamese Restaurant,29.7516624,-95.3556435
"Houston, TX",12. Bún Thịt Nướng,Chargrilled pork on vermicelli.,17.95,Huynh Restaurant,Vietnamese Restaurant,29.7516624,-95.3556435
"Houston, TX",14. Bún Tôm Nướng,Chargrilled shrimp on vermicelli.,17.95,Huynh Restaurant,Vietnamese Restaurant,29.7516624,-95.3556435
"Houston, TX",13. Bún Gà Nướng,Chargrilled chicken (dark meat) on vermicelli.,17.95,Huynh Restaurant,Vietnamese Restaurant,29.7516624,-95.3556435
"Houston, TX",15. Bún Măng Vịt,Vermicelli noodle soup with duck and fermented bamboo shoots.,15.5,Huynh Restaurant,Vietnamese Restaurant,29.7516624,-95.3556435
"Houston, TX",57. Com Bo Luc Lac,"Tender chunks of stir-fried beef tenderloin, peppers and onion, served with house rice.",22.75,Huynh Restaurant,Vietnamese Restaurant,29.7516624,-95.3556435
"Houston, TX",57B. Cơm Gà Lúc Lắc,"Stir-fried white meat chicken, peppers and onion, served with house rice.",22.75,Huynh Restaurant,Vietnamese Restaurant,29.7516624,-95.3556435
"Houston, TX",56. Com Bò Xào,Stir fried beef and lemongrass served with rice.,20.5,Huynh Restaurant,Vietnamese Restaurant,29.7516624,-95.3556435
"Houston, TX",53. Com Tâm Thịt Nướng,Chargrilled boneless pork served with crushed rice.,19.25,Huynh Restaurant,Vietnamese Restaurant,29.7516624,-95.3556435
"Houston, TX",50. Cơm Phượng Hoàng,"Phoenix chicken. Half of a crispy Cornish hen with house rice, served with a fried egg and special dipping sauce.",19.95,Huynh Restaurant,Vietnamese Restaurant,29.7516624,-95.3556435
"Houston, TX",55. Cơm Tấm Thịt Nướng Bì Ch,"Chargrilled boneless pork, shredded pork, egg cake, and crushed rice.",19.95,Huynh Restaurant,Vietnamese Restaurant,29.7516624,-95.3556435
"Houston, TX",58. Cơm Sườn Bò Dại Hàn,"Chargrilled beef short ribs, served with shrimp, fried egg and crushed rice.",19.8,Huynh Restaurant,Vietnamese Restaurant,29.7516624,-95.3556435
"Houston, TX",51. Cơm Gà Nướng,Chargrilled dark meat chicken and house rice.,19.25,Huynh Restaurant,Vietnamese Restaurant,29.7516624,-95.3556435
"Houston, TX",54B. Cơm Tám Sườn Cha Trung,"Chargrilled bone-in pork chop, fried egg, and egg cake served with crushed rice.",19.95,Huynh Restaurant,Vietnamese Restaurant,29.7516624,-95.3556435
"Houston, TX",54. Cơm Tám Sườn Bì Cha,"Chargrilled bone-in pork chop, shredded pork, and egg cake with crushed rice.",19.95,Huynh Restaurant,Vietnamese Restaurant,29.7516624,-95.3556435
"Houston, TX",52. Com Sườn Nướng,Chargrilled bone-in pork chop served with crushed rice.,19.8,Huynh Restaurant,Vietnamese Restaurant,29.7516624,-95.3556435
"Houston, TX",60. Cơm Chiên Xá Xíu,BBQ pork fried rice.,18.95,Huynh Restaurant,Vietnamese Restaurant,29.7516624,-95.3556435
"Houston, TX",64. Cơm Chiên Thập Cẩm,"Combination: pork, beef, chicken, shrimp, and sausage.",18.95,Huynh Restaurant,Vietnamese Restaurant,29.7516624,-95.3556435
"Houston, TX",63. Cơm Chiên Tôm,Shrimp fried rice.,18.95,Huynh Restaurant,Vietnamese Restaurant,29.7516624,-95.3556435
"Houston, TX",61. Cơm Chiên Ga,Chicken fried rice.,18.95,Huynh Restaurant,Vietnamese Restaurant,29.7516624,-95.3556435
"Houston, TX",65. Cơm Chiên đỏ Biển,"Seafood fried rice: shrimp, squid, fish ball, and crab stick.",18.95,Huynh Restaurant,Vietnamese Restaurant,29.7516624,-95.3556435
"Houston, TX",62. Cơm Chiên Bo,Beef fried rice.,18.95,Huynh Restaurant,Vietnamese Restaurant,29.7516624,-95.3556435
"Houston, TX",80. Hủ Tiếu Xào Chay,"Wok-fried crispy flat rice noodles topped with stir-fried tofu and vegetables.   Soft noodles available, by request.",21.5,Huynh Restaurant,Vietnamese Restaurant,29.7516624,-95.3556435
"Houston, TX",82. Dau Hủ Xào Lăn,"Coconut curry with stir-fried tofu, onions and mushrooms.  Topped with peanuts.   Add broccoli for $2.",18.95,Huynh Restaurant,Vietnamese Restaurant,29.7516624,-95.3556435
"Houston, TX",87. Dau Hủ Xào Xả ớt,Tofu stir-fried with hot chilies and lemongrass.,18.95,Huynh Restaurant,Vietnamese Restaurant,29.7516624,-95.3556435
"Houston, TX",81. Bún Xào Chay,"Stir-fried tofu and vegetables top a bowl of thin rice noodles, garnish with peanuts.",19.95,Huynh Restaurant,Vietnamese Restaurant,29.7516624,-95.3556435
"Houston, TX",83. Cơm Chiên Chay,"Stir-fried rice with tofu, vegetables, and egg.",18.95,Huynh Restaurant,Vietnamese Restaurant,29.7516624,-95.3556435
"Houston, TX",F2. Sườn Bò đại Hàn,Chargrilled beef short ribs.,19.25,Huynh Restaurant,Vietnamese Restaurant,29.7516624,-95.3556435
"Houston, TX",F5. Tôm Hoặc Gà Xào Lăn,"Coconut curry with your choice of shrimp or chicken, stir-fried with onions and mushrooms.   Garnished with peanuts.  Add broccoli for $2.",21.5,Huynh Restaurant,Vietnamese Restaurant,29.7516624,-95.3556435
"Houston, TX",F7. Bò Xào Xà Lách,"Lemongrass beef (or chicken) on a salad with fresh herbs, bean sprouts and peanuts.",21.5,Huynh Restaurant,Vietnamese Restaurant,29.7516624,-95.3556435
"Houston, TX",F4. Bok Choy Xào Tỏi,"Baby bok choy stir-fried with garlic.   Broccoli may be substituted, by request.",13.25,Huynh Restaurant,Vietnamese Restaurant,29.7516624,-95.3556435
"Houston, TX",F3. Dau Hủ Xào Thịt Xay,"Ground pork stir-fried with diced tofu, woodear mushrooms, peppers and onions.",21.5,Huynh Restaurant,Vietnamese Restaurant,29.7516624,-95.3556435
"Houston, TX",F6. Tôm Hoặc Gà Xào Xả ớt,Shrimp or chicken stir-fried with hot chilies and lemongrass.  Spicy.,21.5,Huynh Restaurant,Vietnamese Restaurant,29.7516624,-95.3556435
"Houston, TX",PINK RIBBON ROLL,"Tuna, krab mix, cucumber, avocado, red tempura bits, spicy mayo and pink soybean paper; served with Pink mayo.For a limited time only. Benihana will donate $2 for every item. American Cancer Society does not endorse any product or service.",14.5,Benihana,"Chicken, Steak, Hibachi, Asian Food, Family Meals, Asian, Sushi, Japanese",29.7560868,-95.3697436
"Houston, TX",L1. Tôm Xào Bông Cải,Shrimp stir-fried with broccoli.,21.5,Huynh Restaurant,Vietnamese Restaurant,29.7516624,-95.3556435
"Houston, TX",L3. Tôm Xào Thập Cẩm,Shrimp stir-fried with mixed vegetables.,21.5,Huynh Restaurant,Vietnamese Restaurant,29.7516624,-95.3556435
"Houston, TX",PINK RIBBON ROLL PLATER,"Tuna, krab mix, cucumber, avocado, red tempura bits, spicy mayo and pink soybean paper; served with Pink mayo.Includes 4 rolls",55.0,Benihana,"Chicken, Steak, Hibachi, Asian Food, Family Meals, Asian, Sushi, Japanese",29.7560868,-95.3697436
"Houston, TX",L7. Gà Xào Bông Cải,Chicken stir-fried with broccoli.,21.5,Huynh Restaurant,Vietnamese Restaurant,29.7516624,-95.3556435
"Houston, TX",L9. Gà Xào Thập Cẩm,Chicken stir-fried with mixed vegetables.,21.5,Huynh Restaurant,Vietnamese Restaurant,29.7516624,-95.3556435
"Houston, TX",PINK KIMONO LEMONADE 1/2 GALLON,Fresh lemonade enhanced with hibiscus and pomegranate served in Half Gallon bag.,9.99,Benihana,"Chicken, Steak, Hibachi, Asian Food, Family Meals, Asian, Sushi, Japanese",29.7560868,-95.3697436
"Houston, TX",STRAWBERRY MILKSHAKE,"Vanilla ice cream blended with strawberry purée, topped with whipped cream, a strawberry Poky stick and a fresh strawberry.",9.3,Benihana,"Chicken, Steak, Hibachi, Asian Food, Family Meals, Asian, Sushi, Japanese",29.7560868,-95.3697436
"Houston, TX",L4. Bò Xào Bông Cải,Beef stir-fried with broccoli.,21.5,Huynh Restaurant,Vietnamese Restaurant,29.7516624,-95.3556435
"Houston, TX",L6. Bò Xào Thập Cẩm,Beef stir-fried with mixed vegetables.,21.5,Huynh Restaurant,Vietnamese Restaurant,29.7516624,-95.3556435
"Houston, TX",L10. Rau Xào đậu Hu,Vegetables stir-fried with tofu.,21.5,Huynh Restaurant,Vietnamese Restaurant,29.7516624,-95.3556435
"Houston, TX",L2. Tôm Xào đậu Hu,Shrimp stir-fried with tofu.,21.5,Huynh Restaurant,Vietnamese Restaurant,29.7516624,-95.3556435
"Houston, TX",L5. Bò Xào đậu Hu,Beef stir-fried with tofu.,21.5,Huynh Restaurant,Vietnamese Restaurant,29.7516624,-95.3556435
"Houston, TX",House Rice,,3.0,Huynh Restaurant,Vietnamese Restaurant,29.7516624,-95.3556435
"Houston, TX",STRAWBERRY MOCHI,A traditional Japanese strawberry ice cream dessert wrapped in sweet rice cake drizzled with strawberry purée.,8.9,Benihana,"Chicken, Steak, Hibachi, Asian Food, Family Meals, Asian, Sushi, Japanese",29.7560868,-95.3697436
"Houston, TX",*NEW* HIBACHI RIBEYE,Ribeye* grilled to your specification and finished with our signature garlic sauce.,42.0,Benihana,"Chicken, Steak, Hibachi, Asian Food, Family Meals, Asian, Sushi, Japanese",29.7560868,-95.3697436
"Houston, TX",*NEW* HIBACHI RIBEYE & CHICKEN ,Ribeye* grilled to your specification and finished with our signature garlic sauce. Served with chicken breast and mushrooms with sesame seeds.,46.6,Benihana,"Chicken, Steak, Hibachi, Asian Food, Family Meals, Asian, Sushi, Japanese",29.7560868,-95.3697436
"Houston, TX",White Rice,,2.0,Huynh Restaurant,Vietnamese Restaurant,29.7516624,-95.3556435
"Houston, TX",*NEW* HIBACHI RIBEYE & LOBSTER,Ribeye* grilled to your specification and finished with our signature garlic sauce. Served with a cold water lobster tail grilled with lemon.,56.7,Benihana,"Chicken, Steak, Hibachi, Asian Food, Family Meals, Asian, Sushi, Japanese",29.7560868,-95.3697436
"Houston, TX",*NEW* HIBACHI RIBEYE & SCALLOPS,Ribeye* grilled to your specification and finished with our signature garlic sauce. Served with tender sea scallops grilled hibachi style with lemon. ,51.4,Benihana,"Chicken, Steak, Hibachi, Asian Food, Family Meals, Asian, Sushi, Japanese",29.7560868,-95.3697436
"Houston, TX",Vegetables,Vegetables added to a dish,2.0,Huynh Restaurant,Vietnamese Restaurant,29.7516624,-95.3556435
"Houston, TX",Shrimp,Add shrimp to any entre,5.0,Huynh Restaurant,Vietnamese Restaurant,29.7516624,-95.3556435
"Houston, TX",S2. Sinh Tó Bo,Avocado.    Seasonal.,6.5,Huynh Restaurant,Vietnamese Restaurant,29.7516624,-95.3556435
"Houston, TX",B3. Nước Ngọt,Soft drinks.,2.25,Huynh Restaurant,Vietnamese Restaurant,29.7516624,-95.3556435
"Houston, TX",B1. Tra Da,Iced tea.,2.5,Huynh Restaurant,Vietnamese Restaurant,29.7516624,-95.3556435
"Houston, TX",*NEW* HIBACHI RIBEYE & COLOSSAL SHRIMP ,Ribeye* grilled to your specification and finished with our signature garlic sauce. Served with colossal shrimp lightly seasoned and grilled with lemon.,51.0,Benihana,"Chicken, Steak, Hibachi, Asian Food, Family Meals, Asian, Sushi, Japanese",29.7560868,-95.3697436
"Houston, TX",SALMON ROLL,Fresh salmon* and rice rolled in seaweed,11.0,Benihana,"Chicken, Steak, Hibachi, Asian Food, Family Meals, Asian, Sushi, Japanese",29.7560868,-95.3697436
"Houston, TX",MISO SOUP,"A delicious blend of miso, green onion and tofu.",6.4,Benihana,"Chicken, Steak, Hibachi, Asian Food, Family Meals, Asian, Sushi, Japanese",29.7560868,-95.3697436
"Houston, TX",VEGETABLE ROLL,"Green leaf, avocado, cucumber, tomato,red cabbage, pickled carrot.",9.3,Benihana,"Chicken, Steak, Hibachi, Asian Food, Family Meals, Asian, Sushi, Japanese",29.7560868,-95.3697436
"Houston, TX",HIBACHI CHICKEN RICE,"Grilled chicken, rice, egg, chopped vegetables in Gluten-Free Soy Sauce. ",6.6,Benihana,"Chicken, Steak, Hibachi, Asian Food, Family Meals, Asian, Sushi, Japanese",29.7560868,-95.3697436
"Houston, TX",PHILADELPHIA ROLL,"Salmon*, cream cheese, cucumber, avocado.",12.1,Benihana,"Chicken, Steak, Hibachi, Asian Food, Family Meals, Asian, Sushi, Japanese",29.7560868,-95.3697436
"Houston, TX",CUCUMBER ROLL,Cucumber and rice rolled in seaweed,8.7,Benihana,"Chicken, Steak, Hibachi, Asian Food, Family Meals, Asian, Sushi, Japanese",29.7560868,-95.3697436
"Houston, TX",SPICY HIBACHI CHICKEN RICE,"Grilled chicken, rice, egg, chopped vegetables and a combination of chili peppers, ginger, Sriracha sauce, and Gluten-Free Soy Sauce.",7.2,Benihana,"Chicken, Steak, Hibachi, Asian Food, Family Meals, Asian, Sushi, Japanese",29.7560868,-95.3697436
"Houston, TX",BENIHANA SALAD,"Crisp greens, red cabbage, carrots and grape tomatoes with oil and vinegar. ",5.7,Benihana,"Chicken, Steak, Hibachi, Asian Food, Family Meals, Asian, Sushi, Japanese",29.7560868,-95.3697436
"Houston, TX",CHICKEN A LA CARTE,,15.3,Benihana,"Chicken, Steak, Hibachi, Asian Food, Family Meals, Asian, Sushi, Japanese",29.7560868,-95.3697436
"Houston, TX",SHRIMP SAUTÉ,Served with Gluten-Free Soy Sauce.,13.9,Benihana,"Chicken, Steak, Hibachi, Asian Food, Family Meals, Asian, Sushi, Japanese",29.7560868,-95.3697436
"Houston, TX",SUSHI SAMPLER,"Tuna, salmon, snapper, yellowtail and shrimp nigiri.",16.2,Benihana,"Chicken, Steak, Hibachi, Asian Food, Family Meals, Asian, Sushi, Japanese",29.7560868,-95.3697436
"Houston, TX",YELLOWTAIL ROLL,Fresh yellowtail* and rice rolled in seaweed,11.0,Benihana,"Chicken, Steak, Hibachi, Asian Food, Family Meals, Asian, Sushi, Japanese",29.7560868,-95.3697436
"Houston, TX",EDAMAME,Served warm and sprinkled with sea salt.,7.8,Benihana,"Chicken, Steak, Hibachi, Asian Food, Family Meals, Asian, Sushi, Japanese",29.7560868,-95.3697436
"Houston, TX",SASHIMI SAMPLER,"Tuna, salmon and snapper.",16.8,Benihana,"Chicken, Steak, Hibachi, Asian Food, Family Meals, Asian, Sushi, Japanese",29.7560868,-95.3697436
"Houston, TX",TUNA TATAKI,Seared sashimi grade tuna served with Gluten-Free Soy Sauce.,16.6,Benihana,"Chicken, Steak, Hibachi, Asian Food, Family Meals, Asian, Sushi, Japanese",29.7560868,-95.3697436
"Houston, TX",TUNA ROLL,Fresh tuna* and rice rolled in seaweed,11.0,Benihana,"Chicken, Steak, Hibachi, Asian Food, Family Meals, Asian, Sushi, Japanese",29.7560868,-95.3697436
"Houston, TX",SHRIMP A LA CARTE,,20.9,Benihana,"Chicken, Steak, Hibachi, Asian Food, Family Meals, Asian, Sushi, Japanese",29.7560868,-95.3697436
"Houston, TX",STEAK A LA CARTE,,20.8,Benihana,"Chicken, Steak, Hibachi, Asian Food, Family Meals, Asian, Sushi, Japanese",29.7560868,-95.3697436
"Houston, TX",SALMON A LA CARTE,,17.8,Benihana,"Chicken, Steak, Hibachi, Asian Food, Family Meals, Asian, Sushi, Japanese",29.7560868,-95.3697436
"Houston, TX",U Pick 2 Seafood Bowl,,14.99,Uberrito Fresh Mex,Mexican Grill,29.7753048,-95.4109814
"Houston, TX",U Pick 2 Seafood Burrito,,14.99,Uberrito Fresh Mex,Mexican Grill,29.7753048,-95.4109814
"Houston, TX",Bowl:  Red Chile Shredded Pork Carnitas,,11.59,Uberrito Fresh Mex,Mexican Grill,29.7753048,-95.4109814
"Houston, TX",Burrito:  Red Chile Shredded Pork Carnitas,,11.59,Uberrito Fresh Mex,Mexican Grill,29.7753048,-95.4109814
"Houston, TX",Mini Bowl: Red Chile Shredded Pork Carnitas,,10.59,Uberrito Fresh Mex,Mexican Grill,29.7753048,-95.4109814
"Houston, TX",Mini Burrito: Red Chile Shredded Pork Carnitas,,10.59,Uberrito Fresh Mex,Mexican Grill,29.7753048,-95.4109814
"Houston, TX",Nachos:  Red Chile Shredded Pork Carnitas,,12.59,Uberrito Fresh Mex,Mexican Grill,29.7753048,-95.4109814
"Houston, TX",Salad: Red Chile Shredded Pork Carnitas,,11.09,Uberrito Fresh Mex,Mexican Grill,29.7753048,-95.4109814
"Houston, TX",Burrito,,9.99,Uberrito Fresh Mex,Mexican Grill,29.7753048,-95.4109814
"Houston, TX",Mini Burrito,,8.99,Uberrito Fresh Mex,Mexican Grill,29.7753048,-95.4109814
"Houston, TX",U Pick 2 Meats Burrtio,,13.89,Uberrito Fresh Mex,Mexican Grill,29.7753048,-95.4109814
"Houston, TX",Bowls,,9.99,Uberrito Fresh Mex,Mexican Grill,29.7753048,-95.4109814
"Houston, TX",Mini Bowl,,8.99,Uberrito Fresh Mex,Mexican Grill,29.7753048,-95.4109814
"Houston, TX",U Pick 2 Meats Bowl,,13.89,Uberrito Fresh Mex,Mexican Grill,29.7753048,-95.4109814
"Houston, TX",Nachos,,10.99,Uberrito Fresh Mex,Mexican Grill,29.7753048,-95.4109814
"Houston, TX",Tacos,,9.99,Uberrito Fresh Mex,Mexican Grill,29.7753048,-95.4109814
"Houston, TX",Texas Cheesesteak,"Grilled fajita beef on a flour tortilla, mushrooms, jalapeños, red onions, serrano-cilantro ranch & melted mixed cheeses.",5.89,Uberrito Fresh Mex,Mexican Grill,29.7753048,-95.4109814
"Houston, TX",Off-The-Hook,"Fried shrimp or tilapia, cabbage slaw and pico de gallo drizzled with chipotle aioli on two corn tortillas.",6.19,Uberrito Fresh Mex,Mexican Grill,29.7753048,-95.4109814
"Houston, TX",Two Timer,"Seasoned ground beef, lettuce, tomatoes, and shredded cheese drizzled with sour cream in a crispy taco shell wrapped in a flour tortilla spread with refried beans.",5.29,Uberrito Fresh Mex,Mexican Grill,29.7753048,-95.4109814
"Houston, TX",Forked Pork,"Shredded pork carnitas topped with Pico de gallo and shredded cheese drizzled with tomatillo tomato and spicy avocado salsas, and sour cream on two corn tortillas.",5.89,Uberrito Fresh Mex,Mexican Grill,29.7753048,-95.4109814
"Houston, TX",El Diablo,"Sautéed shrimp or tilapia, onions, and jalapeños topped with shredded cheese, jicama slaw, and pickled jalapeños drizzled with zesty tomatillo salsa on two corn tortillas.",6.19,Uberrito Fresh Mex,Mexican Grill,29.7753048,-95.4109814
"Houston, TX",Sloppy Cowboy,"Shredded Pork, grilled red onions, & potatoes, chile de arbol salsa, serrano-cilantro ranch & mixed cheeses.",5.89,Uberrito Fresh Mex,Mexican Grill,29.7753048,-95.4109814
"Houston, TX",Chicken Cheesy,"Grilled chicken on a flour tortilla, queso, fresh jalapeño, dash of habanero salsa, tomatoes, tortilla crouton strips, & mixed cheeses.",5.69,Uberrito Fresh Mex,Mexican Grill,29.7753048,-95.4109814
"Houston, TX",Greenhorn,"Fresh avocado slices topped with cotija cheese, roasted corn dressed with garlic aioli, and jicama slaw drizzled with serrano ranch on a flour tortilla.",5.09,Uberrito Fresh Mex,Mexican Grill,29.7753048,-95.4109814
"Houston, TX",Beyond Taco,"Beyond, cotija cheese and southwest pico atop a bed of guacamole drizzled with tomatillo salsa on two corn tortillas.",6.19,Uberrito Fresh Mex,Mexican Grill,29.7753048,-95.4109814
"Houston, TX",CBR (Chicken-Bacon-Ranch),"Grilled chicken on a flour tortilla, bacon, tomatoes, serrano-cilantro ranch, lettuce, mixed cheeses & tortilla crouton strips.",5.69,Uberrito Fresh Mex,Mexican Grill,29.7753048,-95.4109814
"Houston, TX",Quesadilla,"Served with chips, kid’s drink, and animal crackers. (12 and under).",6.99,Uberrito Fresh Mex,Mexican Grill,29.7753048,-95.4109814
"Houston, TX",Kid's Burrito,"Served with chips, kid’s drink, and animal crackers. (12 and under).",6.99,Uberrito Fresh Mex,Mexican Grill,29.7753048,-95.4109814
"Houston, TX",Crispy Tacos,"Two ground beef and cheese crispy tacos served with chips, kid’s drink, and animal crackers. (12 and under).",6.99,Uberrito Fresh Mex,Mexican Grill,29.7753048,-95.4109814
"Houston, TX",Kid's Bowl,"Served with chips, kid's drink, and animal crackers. (12 and under).",6.99,Uberrito Fresh Mex,Mexican Grill,29.7753048,-95.4109814
"Houston, TX",Chicken Nuggets,"Served with chips, kid's drink, and animal crackers. (12 and under).",6.99,Uberrito Fresh Mex,Mexican Grill,29.7753048,-95.4109814
"Houston, TX",Chips & Queso,,7.99,Uberrito Fresh Mex,Mexican Grill,29.7753048,-95.4109814
"Houston, TX",Chips & Salsa,,3.79,Uberrito Fresh Mex,Mexican Grill,29.7753048,-95.4109814
"Houston, TX",Make it a Combo,"Add a giant cookie or chips and dip, and a drink to complement your entrée.",4.29,Uberrito Fresh Mex,Mexican Grill,29.7753048,-95.4109814
"Houston, TX",Chips and Guacamole,,7.99,Uberrito Fresh Mex,Mexican Grill,29.7753048,-95.4109814
"Houston, TX",Tortilla Soup,"With diced chicken and pinto beans topped with shredded cheese, avocado, tortilla strips, and chopped cilantro served with a lime wedge",7.39,Uberrito Fresh Mex,Mexican Grill,29.7753048,-95.4109814
"Houston, TX",Mexican Donuts,Six fried donuts dusted with cinnamon sugar and powdered sugar. Served with white chocolate sauce and bourbon flavored caramel sauce for dipping.,7.89,Uberrito Fresh Mex,Mexican Grill,29.7753048,-95.4109814
"Houston, TX",Soda,,3.59,Uberrito Fresh Mex,Mexican Grill,29.7753048,-95.4109814
"Houston, TX",Lemonade,,3.49,Uberrito Fresh Mex,Mexican Grill,29.7753048,-95.4109814
"Houston, TX",Bottle Mexican Coke,,4.39,Uberrito Fresh Mex,Mexican Grill,29.7753048,-95.4109814
"Houston, TX",Bottled Water,,3.49,Uberrito Fresh Mex,Mexican Grill,29.7753048,-95.4109814
"Houston, TX",Bottled Texas Tea,,4.39,Uberrito Fresh Mex,Mexican Grill,29.7753048,-95.4109814
"Houston, TX",Tea,"Unsweet, Black Tea",3.59,Uberrito Fresh Mex,Mexican Grill,29.7753048,-95.4109814
"Houston, TX",Heights Poké Bowl,"Spicy. Ahi tuna and salmon with house ponzu sauce, and sesame oil. Mixed in with masago, sunomono, white onions and green onion. Topped with spicy mayo and furikake. Sides include Crab Salad and Seaweed Salad.",13.95,Local Poke-w34th,"Poke, Hawaiian",29.7706734,-95.4069007
"Houston, TX",Main Poké Bowl,"Spicy. Salmon with spicy mayo and sriracha. Mixed in with green onions, masago, avocado, furikake, and fried garlic. Topped with furikake and shichimi. Sides include Crab Salad and Seaweed Salad.",13.95,Local Poke-w34th,"Poke, Hawaiian",29.7706734,-95.4069007
"Houston, TX",Local Poké Bowl,"Ahi tuna with house sauce, sesame oil. Mixed in with masago, onions, green onions, macadamia nuts. Topped with furikake, fried garlic, shichimi, and unagi sauce. Sides include Crab Salad and Seaweed Salad.",13.95,Local Poke-w34th,"Poke, Hawaiian",29.7706734,-95.4069007
"Houston, TX",Washington Poké Bowl,"Ahi tuna, salmon, and tako with sweet chili sauce and sesame oil. Mixed in with shitake, masago, fried onions, and sunomono. Topped with sesame seeds. Sides include Crab Salad and Seaweed Salad.",13.95,Local Poke-w34th,"Poke, Hawaiian",29.7706734,-95.4069007
"Houston, TX",Medium Poké Bowl,Choice of 3 proteins and 2 sides.,15.95,Local Poke-w34th,"Poke, Hawaiian",29.7706734,-95.4069007
"Houston, TX",Large Poké Bowl,Choice of 4 proteins and 2 sides.,17.95,Local Poke-w34th,"Poke, Hawaiian",29.7706734,-95.4069007
"Houston, TX",Small Poké Bowl,2 protein and 2 sides.,13.95,Local Poke-w34th,"Poke, Hawaiian",29.7706734,-95.4069007
"Houston, TX",Poké Plus Bowl,Choice of 4 proteins and 4 sides.,19.95,Local Poke-w34th,"Poke, Hawaiian",29.7706734,-95.4069007
"Houston, TX",Vegetarian/Kids' Bowl,Choose 3 sides.,10.95,Local Poke-w34th,"Poke, Hawaiian",29.7706734,-95.4069007
"Houston, TX",Tortilla Soup,"Roasted Chicken, Tortilla Broth, House Cheese Blend, Avocado, Mexican Crema, Tortilla Strips.",5.5,Cyclone Anaya's,"Pickup, Bar and Grill, Mexican, Tex-Mex, Takeout",29.7522488,-95.3768201
"Houston, TX",Chopped Salad,"Chopped Mixed Field Greens, Bacon, House Cheese Blend, Tomatoes, Cilantro Lime Vinaigrette.",7.7,Cyclone Anaya's,"Pickup, Bar and Grill, Mexican, Tex-Mex, Takeout",29.7522488,-95.3768201
"Houston, TX",Anaya Salad,"Mixed greens, jicama, mango, avocado, cherry tomatoes, red onion, cilantro, cotija, crispy shallots",8.8,Cyclone Anaya's,"Pickup, Bar and Grill, Mexican, Tex-Mex, Takeout",29.7522488,-95.3768201
"Houston, TX",Del Rio,"Beef Taco, Homemade Tamale, Beef Enchilada, Guacamole, Rice and Beans.",19.8,Cyclone Anaya's,"Pickup, Bar and Grill, Mexican, Tex-Mex, Takeout",29.7522488,-95.3768201
"Houston, TX",Juanitos Superior,"Taco Al Carbon, Cheese Enchilada, Guacamole, Pico De Gallo, Rice and Beans.",18.7,Cyclone Anaya's,"Pickup, Bar and Grill, Mexican, Tex-Mex, Takeout",29.7522488,-95.3768201
"Houston, TX",Summer Special,"Beef Enchilada, Crispy Beef Taco, Beef Chalupa, Guacamole.",17.6,Cyclone Anaya's,"Pickup, Bar and Grill, Mexican, Tex-Mex, Takeout",29.7522488,-95.3768201
"Houston, TX",Fajita Al Carbon (Chicken),"Caramelized Onions, Seared Bell Peppers, Pico De Gallo, Sour Cream, Guacamole, House Cheese Blend.",26.4,Cyclone Anaya's,"Pickup, Bar and Grill, Mexican, Tex-Mex, Takeout",29.7522488,-95.3768201
"Houston, TX",Fajita Al Carbon (Combo),"Caramelized Onions, Seared Bell Peppers, Pico De Gallo, Sour Cream, Guacamole, House Cheese Blend.",38.5,Cyclone Anaya's,"Pickup, Bar and Grill, Mexican, Tex-Mex, Takeout",29.7522488,-95.3768201
"Houston, TX",Fajita Al Carbon (Beef),"Caramelized Onions, Seared Bell Peppers, Pico De Gallo, Sour Cream, Guacamole, House Cheese Blend.",44.0,Cyclone Anaya's,"Pickup, Bar and Grill, Mexican, Tex-Mex, Takeout",29.7522488,-95.3768201
"Houston, TX",Carne Asada,"Grilled Marinated Steak, Pasilla and Chipotle Compound Butter, Caramelized Onions, Grilled Jalapeño and Lime.",35.2,Cyclone Anaya's,"Pickup, Bar and Grill, Mexican, Tex-Mex, Takeout",29.7522488,-95.3768201
"Houston, TX",Vegetable Fajitas ,"Grilled zucchini, yellow squash, bell peppers, spinach, mushrooms and onions. Served with pico de gallo, sour cream, guacamole, shredded cheese and refried black beans.",17.6,Cyclone Anaya's,"Pickup, Bar and Grill, Mexican, Tex-Mex, Takeout",29.7522488,-95.3768201
"Houston, TX",Betsy’s Tamales,"Homemade Tamales, Chile Con Carne, Melted Cheese, Onions.",18.7,Cyclone Anaya's,"Pickup, Bar and Grill, Mexican, Tex-Mex, Takeout",29.7522488,-95.3768201
"Houston, TX","Bottled Water, 1L",,2.55,Smoothie King,"Vegan, Vegetarian Friendly, Juice Bars & Smoothies, Smoothies, Healthy Smoothies, Vegetarian, Vegan Friendly, Snacks, Healthy",29.7755495,-95.3826244
"Houston, TX",Migas,,4.01,The Taco Stand,"Tacos, Local, Tex-Mex, Mexican, Mexican Food",29.8045625,-95.4099497
"Houston, TX",Half dz flour tortillas,,3.29,The Taco Stand,"Tacos, Local, Tex-Mex, Mexican, Mexican Food",29.8045625,-95.4099497
"Houston, TX",Salsa Habanero,,0.15,The Taco Stand,"Tacos, Local, Tex-Mex, Mexican, Mexican Food",29.8045625,-95.4099497
"Houston, TX",Salsa Tomatillo,,0.15,The Taco Stand,"Tacos, Local, Tex-Mex, Mexican, Mexican Food",29.8045625,-95.4099497
"Houston, TX",Salsa Arbol,,0.15,The Taco Stand,"Tacos, Local, Tex-Mex, Mexican, Mexican Food",29.8045625,-95.4099497
"Houston, TX",Pickled onions,,0.25,The Taco Stand,"Tacos, Local, Tex-Mex, Mexican, Mexican Food",29.8045625,-95.4099497
"Houston, TX",Mexican Sprite,,4.61,The Taco Stand,"Tacos, Local, Tex-Mex, Mexican, Mexican Food",29.8045625,-95.4099497
"Houston, TX",Squirt,,4.61,The Taco Stand,"Tacos, Local, Tex-Mex, Mexican, Mexican Food",29.8045625,-95.4099497
"Houston, TX",Kids Apple Juice,,1.7,The Taco Stand,"Tacos, Local, Tex-Mex, Mexican, Mexican Food",29.8045625,-95.4099497
"Houston, TX",Tzatziki with Cucumbers   ,,5.02,Jason's Deli,"Salads, Sandwiches, Sandwich, Breakfast, Lunch, Healthy, Vegan, Vegetarian, Pickup, Takeout, Deli",29.742011,-95.4102799
"Houston, TX",Bowl Irish Potato Soup ,"Once a soup du jour, our creamy Irish Potato Soup has returned to our menu. Raise your spoon to potatoes, milk, sweet cream, sour cream, onions and carrots with a cheddar base in a savory chicken stock. 		",7.71,Jason's Deli,"Salads, Sandwiches, Sandwich, Breakfast, Lunch, Healthy, Vegan, Vegetarian, Pickup, Takeout, Deli",29.742011,-95.4102799
"Houston, TX",Tzatziki with Cucumbers (160 cal),,5.14,Jason's Deli,"Salads, Sandwiches, Sandwich, Breakfast, Lunch, Healthy, Vegan, Vegetarian, Pickup, Takeout, Deli",29.742011,-95.4102799
"Houston, TX",Beefeater Regular,"1/2 pound of hot roast beef, provolone, mayo, toasted on New Orleans French bread. Served with a cup of au jus. Served with chips or baked chips (150/100 cal) and a pickle (5 cal). ",13.79,Jason's Deli,"Salads, Sandwiches, Sandwich, Breakfast, Lunch, Healthy, Vegan, Vegetarian, Pickup, Takeout, Deli",29.742011,-95.4102799
"Houston, TX",Reuben The Great Regular,"1/2 pound of hot corned beef, Swiss, sauerkraut, 1000 Island dressing, grilled on marbled rye. Served with chips or baked chips (150/100 cal) and a pickle (5 cal). ",15.08,Jason's Deli,"Salads, Sandwiches, Sandwich, Breakfast, Lunch, Healthy, Vegan, Vegetarian, Pickup, Takeout, Deli",29.742011,-95.4102799
"Houston, TX",Beefeater (Manager's Special),"A half sandwich served with your choice of a cup of soup, fresh fruit or Mac & Cheese. Hot roast beef, provolone, mayo, toasted on New Orleans French bread. Served with a cup of au jus.",14.03,Jason's Deli,"Salads, Sandwiches, Sandwich, Breakfast, Lunch, Healthy, Vegan, Vegetarian, Pickup, Takeout, Deli",29.742011,-95.4102799
"Houston, TX",Reuben The Great (Manager's Special),"A half sandwich served with your choice of a cup of soup, fresh fruit or Mac & Cheese. Hot corned beef, Swiss, sauerkraut, 1000 Island dressing, on toasted marbled rye.",14.03,Jason's Deli,"Salads, Sandwiches, Sandwich, Breakfast, Lunch, Healthy, Vegan, Vegetarian, Pickup, Takeout, Deli",29.742011,-95.4102799
"Houston, TX",Hot Pastrami Sandwich	Regular,"1/2 pound of hot pastrami. Gluten-free bread, select your spreads and dress it up. Also served with chips or baked chips (150/100 cal) and a pickle (5 cal).",13.56,Jason's Deli,"Salads, Sandwiches, Sandwich, Breakfast, Lunch, Healthy, Vegan, Vegetarian, Pickup, Takeout, Deli",29.742011,-95.4102799
"Houston, TX",The New York Yankee Regular,"3/4 pound combo of hot corned beef and pastrami, Swiss on toasted marbled rye. Served with chips or baked chips (150/100 cal) and a pickle (5 cal). ",16.84,Jason's Deli,"Salads, Sandwiches, Sandwich, Breakfast, Lunch, Healthy, Vegan, Vegetarian, Pickup, Takeout, Deli",29.742011,-95.4102799
"Houston, TX",Reuben The Great with Pastrami Regular,"1/2 pound of hot pastrami, Swiss, sauerkraut, 1000 Island dressing, on toasted marbled rye. Served with chips or baked chips (150/100 cal) and a pickle (5 cal).",15.08,Jason's Deli,"Salads, Sandwiches, Sandwich, Breakfast, Lunch, Healthy, Vegan, Vegetarian, Pickup, Takeout, Deli",29.742011,-95.4102799
"Houston, TX",Steak Po'boy Regular,"Sirloin steak cooked medium,* spicy piquillo pepper relish, provolone, shredded lettuce, Roma tomato, mayo toasted New Orleans French bread. Served with chips or baked chips (150/100 cal) and a pickle (5 cal).		",13.79,Jason's Deli,"Salads, Sandwiches, Sandwich, Breakfast, Lunch, Healthy, Vegan, Vegetarian, Pickup, Takeout, Deli",29.742011,-95.4102799
"Houston, TX",Reuben The Great with Pastrami (Manager's Special),"A half sandwich served with your choice of a cup of soup, fresh fruit or Mac & Cheese. Hot pastrami, Swiss, sauerkraut, 1000 Island dressing, on toasted marbled rye.	",14.03,Jason's Deli,"Salads, Sandwiches, Sandwich, Breakfast, Lunch, Healthy, Vegan, Vegetarian, Pickup, Takeout, Deli",29.742011,-95.4102799
"Houston, TX",Wild Salmon-wich Regular,"Wild Alaska sockeye salmon, marinated in balsamic vinaigrette with guacamole, Roma tomatoes, leafy lettuce, chipotle aioli, toasted herb focaccia. Choice of one side: fresh fruit, steamed veggies, baked chips or blue corn chips with salsa. ",14.5,Jason's Deli,"Salads, Sandwiches, Sandwich, Breakfast, Lunch, Healthy, Vegan, Vegetarian, Pickup, Takeout, Deli",29.742011,-95.4102799
"Houston, TX",Hot Corned Beef Sandwich Regular,"1/2 pound of hot corned beef. Your choice of bread, topped the way you like it. Also served with chips or baked chips (150/100 cal) and a pickle (5 cal). Click Customize to select your sandwich toppings.",13.56,Jason's Deli,"Salads, Sandwiches, Sandwich, Breakfast, Lunch, Healthy, Vegan, Vegetarian, Pickup, Takeout, Deli",29.742011,-95.4102799
"Houston, TX",Hot Pastrami Sandwich (Manager's Special),"A half sandwich served with your choice of a cup of soup, fresh fruit or Mac & Cheese. Name your bread, select your spreads and dress it up.",14.03,Jason's Deli,"Salads, Sandwiches, Sandwich, Breakfast, Lunch, Healthy, Vegan, Vegetarian, Pickup, Takeout, Deli",29.742011,-95.4102799
"Houston, TX",The New York Yankee (Manager's Special),"A half sandwich served with your choice of a cup of soup, fresh fruit or Mac & Cheese. Hot corned beef and pastrami, Swiss on toasted marbled rye.",14.03,Jason's Deli,"Salads, Sandwiches, Sandwich, Breakfast, Lunch, Healthy, Vegan, Vegetarian, Pickup, Takeout, Deli",29.742011,-95.4102799
"Houston, TX",Steak Po'boy (Manager's Special)       ,"A half sandwich served with your choice of a cup of soup, fresh fruit or Mac & Cheese. Sirloin steak cooked medium,* spicy piquillo pepper relish, provolone, shredded lettuce, Roma tomato, mayo, on toasted New Orleans French bread.",14.03,Jason's Deli,"Salads, Sandwiches, Sandwich, Breakfast, Lunch, Healthy, Vegan, Vegetarian, Pickup, Takeout, Deli",29.742011,-95.4102799
"Houston, TX",Hot Corned Beef Sandwich (Manager's Special),"A half sandwich served with your choice of a cup of soup, fresh fruit or Mac & Cheese. Name your bread, select your spreads and dress it up.",14.03,Jason's Deli,"Salads, Sandwiches, Sandwich, Breakfast, Lunch, Healthy, Vegan, Vegetarian, Pickup, Takeout, Deli",29.742011,-95.4102799
"Houston, TX",Wild Salmon-wich (Manager's Special),"A half sandwich served with your choice of a cup of soup, fresh fruit or Mac & Cheese. Wild Alaska sockeye salmon, marinated in balsamic vinaigrette with guacamole, Roma tomatoes, leafy lettuce, chipotle aioli, toasted herb focaccia.",14.03,Jason's Deli,"Salads, Sandwiches, Sandwich, Breakfast, Lunch, Healthy, Vegan, Vegetarian, Pickup, Takeout, Deli",29.742011,-95.4102799
"Houston, TX",Sirloin Steak Dip (Manager's Special),"Sirloin steak cooked medium*, provolone, piquillo peppers, pickled red onions, jalapeño ranch on a traditional Mexican-style roll, cup of au jus.",14.03,Jason's Deli,"Salads, Sandwiches, Sandwich, Breakfast, Lunch, Healthy, Vegan, Vegetarian, Pickup, Takeout, Deli",29.742011,-95.4102799
"Houston, TX",Club Royale Regular,"Nitrite-free smoked turkey breast and ham, bacon, Swiss, cheddar, leafy lettuce, tomato, honey mustard, on a toasted croissant. Served with chips or baked chips (150/100 cal) and a pickle (5 cal).",12.51,Jason's Deli,"Salads, Sandwiches, Sandwich, Breakfast, Lunch, Healthy, Vegan, Vegetarian, Pickup, Takeout, Deli",29.742011,-95.4102799
"Houston, TX",California Club Regular,"Roasted turkey breast, bacon, Swiss, guacamole, tomato, organic field greens, mayo, on a toasted croissant. Choice of one side: fresh fruit, steamed veggies, baked chips or blue corn chips with salsa.	",12.51,Jason's Deli,"Salads, Sandwiches, Sandwich, Breakfast, Lunch, Healthy, Vegan, Vegetarian, Pickup, Takeout, Deli",29.742011,-95.4102799
"Houston, TX",Deli Club Sandwich Regular,"Nitrite-free ham, roasted turkey breast, bacon, cheddar, Swiss, leafy lettuce, tomato, mayo, toasted multigrain wheat. Served with chips or baked chips (150/100 cal) and a pickle (5 cal).		",11.81,Jason's Deli,"Salads, Sandwiches, Sandwich, Breakfast, Lunch, Healthy, Vegan, Vegetarian, Pickup, Takeout, Deli",29.742011,-95.4102799
"Houston, TX",Santa Fe Chicken Sandwich Regular,"Grilled, 100% antibiotic-free chicken breast, bacon, Swiss, guacamole, tomato, 1000 Island dressing, on toasted multigrain wheat. Served with chips or baked chips (150/100 cal) and a pickle (5 cal). ",11.45,Jason's Deli,"Salads, Sandwiches, Sandwich, Breakfast, Lunch, Healthy, Vegan, Vegetarian, Pickup, Takeout, Deli",29.742011,-95.4102799
"Houston, TX",California Club (Manager's Special),"A half sandwich served with your choice of a cup of soup, fresh fruit or Mac & Cheese. Roasted turkey breast, bacon, Swiss, guacamole, tomato, organic field greens, mayo, on toasted croissant.",12.51,Jason's Deli,"Salads, Sandwiches, Sandwich, Breakfast, Lunch, Healthy, Vegan, Vegetarian, Pickup, Takeout, Deli",29.742011,-95.4102799
"Houston, TX",Club Royale (Manager's Special),"A half sandwich served with your choice of a cup of soup, fresh fruit or Mac & Cheese. Nitrite-free smoked turkey breast and ham, bacon, Swiss, cheddar, leafy lettuce, tomato, honey mustard, on a toasted croissant.",12.51,Jason's Deli,"Salads, Sandwiches, Sandwich, Breakfast, Lunch, Healthy, Vegan, Vegetarian, Pickup, Takeout, Deli",29.742011,-95.4102799
"Houston, TX",Chicken Panini Regular ,"Grilled, 100% antibiotic-free chicken breast, provolone, pesto aioli, Roma tomatoes, organic spinach, on sourdough bread. Served with chips or baked chips (100/150 cal) and a pickle (5 cal).",12.04,Jason's Deli,"Salads, Sandwiches, Sandwich, Breakfast, Lunch, Healthy, Vegan, Vegetarian, Pickup, Takeout, Deli",29.742011,-95.4102799
"Houston, TX",Amy's Turkey-O Regular,"Roasted turkey breast, sliced avocado, jalapeño pepper jack, red onions, Roma tomatoes, leafy lettuce, stone-ground mustard, on a toasted everything bun. Served with chips or baked chips (150/100 cal) and a pickle (5 cal). ",9.47,Jason's Deli,"Salads, Sandwiches, Sandwich, Breakfast, Lunch, Healthy, Vegan, Vegetarian, Pickup, Takeout, Deli",29.742011,-95.4102799
"Houston, TX",Bigger Better BLT Regular,"Bacon, leafy lettuce, Roma tomatoes, fresh-cracked egg,* mayo, avocado slices, toasted multigrain wheat. Served with chips or baked chips (150/100 cal) and a pickle (5 cal). 		",10.05,Jason's Deli,"Salads, Sandwiches, Sandwich, Breakfast, Lunch, Healthy, Vegan, Vegetarian, Pickup, Takeout, Deli",29.742011,-95.4102799
"Houston, TX",The Carmela Regular   ,"Three meats - salami, pepperoni, nitrite-free ham - with melted provolone, spicy piquillo pepper relish, mayo, on toasted sourdough. Served with chips or baked chips (100/150 cal) and a pickle (5 cal).",10.99,Jason's Deli,"Salads, Sandwiches, Sandwich, Breakfast, Lunch, Healthy, Vegan, Vegetarian, Pickup, Takeout, Deli",29.742011,-95.4102799
"Houston, TX",Deli Club (Manager's Special),"A half sandwich served with your choice of a cup of soup, fresh fruit or Mac & Cheese. Nitrite-free ham, roasted turkey breast, bacon, cheddar, Swiss, leafy lettuce, tomato, mayo, toasted multigrain wheat.",12.51,Jason's Deli,"Salads, Sandwiches, Sandwich, Breakfast, Lunch, Healthy, Vegan, Vegetarian, Pickup, Takeout, Deli",29.742011,-95.4102799
"Houston, TX",Santa Fe Chicken Sandwich (Manager's Special),"A half sandwich served with your choice of a cup of soup, fresh fruit or Mac & Cheese. Grilled, 100% antibiotic-free chicken breast, bacon, Swiss, guacamole, tomato, 1000 Island dressing, on toasted multigrain wheat.",11.69,Jason's Deli,"Salads, Sandwiches, Sandwich, Breakfast, Lunch, Healthy, Vegan, Vegetarian, Pickup, Takeout, Deli",29.742011,-95.4102799
"Houston, TX",Chipotle Chicken & Avocado Panini Regular,"Grilled, 100% antibiotic-free chicken breast, sliced avocado, lemon crema, chipotle aioli, jalapeno pepper jack, pickled red onions on a traditional Mexican-style roll. Served with blue corn chips and salsa.",12.04,Jason's Deli,"Salads, Sandwiches, Sandwich, Breakfast, Lunch, Healthy, Vegan, Vegetarian, Pickup, Takeout, Deli",29.742011,-95.4102799
"Houston, TX",Grilled Cheese & Tomato Soup Combo,It's Back! Grilled Muenster and cheddar cheese sandwich on multigrain wheat. Served with a bowl of Tomato Basil soup. ,9.58,Jason's Deli,"Salads, Sandwiches, Sandwich, Breakfast, Lunch, Healthy, Vegan, Vegetarian, Pickup, Takeout, Deli",29.742011,-95.4102799
"Houston, TX",Shelley's Deli Chick Regular,"Our family-recipe chicken salad with almonds and pineapple, leafy lettuce, tomato, on a toasted croissant. Served with chips or baked chips (150/100 cal) and a pickle (5 cal).",10.05,Jason's Deli,"Salads, Sandwiches, Sandwich, Breakfast, Lunch, Healthy, Vegan, Vegetarian, Pickup, Takeout, Deli",29.742011,-95.4102799
"Houston, TX",Smokey Jack Panini Regular ,"Nitrite-free smoked turkey breast, bacon, jalapeño pepper jack, guacamole, Roma tomatoes, 1000 Island dressing, on sourdough bread. Served with chips or baked chips (100/150 cal) and a pickle (5 cal).",12.16,Jason's Deli,"Salads, Sandwiches, Sandwich, Breakfast, Lunch, Healthy, Vegan, Vegetarian, Pickup, Takeout, Deli",29.742011,-95.4102799
"Houston, TX",MeataBalla Sandwich Regular,"Meatballs, marinara, provolone, toasted on New Orleans French bread. Served with chips or baked chips (150/100 cal) and a pickle (5 cal). ",12.27,Jason's Deli,"Salads, Sandwiches, Sandwich, Breakfast, Lunch, Healthy, Vegan, Vegetarian, Pickup, Takeout, Deli",29.742011,-95.4102799
"Houston, TX",Chipotle Chicken & Avocado Panini(Manager Special),"A half sandwich served with your choice of a cup of soup, fresh fruit or Mac & Cheese. Grilled, 100% antibiotic-free chicken breast, sliced avocado, lemon crema, chipotle aioli, jalapeno pepper jack, pickled red onions on a traditional Mexican-style roll. Served with blue corn chips and salsa.",11.69,Jason's Deli,"Salads, Sandwiches, Sandwich, Breakfast, Lunch, Healthy, Vegan, Vegetarian, Pickup, Takeout, Deli",29.742011,-95.4102799
"Houston, TX",Chicken Panini (Manager's Special),"A half sandwich served with your choice of a cup of soup, fresh fruit or Mac & Cheese. Grilled, 100% antibiotic-free chicken breast, provolone, pesto aioli, Roma tomatoes, organic spinach, on sourdough bread.",11.69,Jason's Deli,"Salads, Sandwiches, Sandwich, Breakfast, Lunch, Healthy, Vegan, Vegetarian, Pickup, Takeout, Deli",29.742011,-95.4102799
"Houston, TX",The Carmela (Manager's Special),"A half sandwich served with your choice of a cup of soup, fresh fruit or Mac & Cheese. Three meats - salami, pepperoni, nitrite-free ham - with melted provolone, spicy piquillo pepper relish, mayo, on toasted sourdough.",11.69,Jason's Deli,"Salads, Sandwiches, Sandwich, Breakfast, Lunch, Healthy, Vegan, Vegetarian, Pickup, Takeout, Deli",29.742011,-95.4102799
"Houston, TX",Amy's Turkey-O (Manager's Special),"A half sandwich served with your choice of a cup of soup, fresh fruit or Mac & Cheese. Roasted turkey breast, sliced avocado, jalapeño pepper jack, red onions, Roma tomatoes, leafy lettuce, stone-ground mustard, on a toasted everything bun.",12.51,Jason's Deli,"Salads, Sandwiches, Sandwich, Breakfast, Lunch, Healthy, Vegan, Vegetarian, Pickup, Takeout, Deli",29.742011,-95.4102799
"Houston, TX",Ranchero Wrap Regular,"Grilled, 100% antibiotic-free chicken breast, cheddar, jalapeños, pico de gallo, Southwest spices, ranch dressing, toasted in an organic wheat wrap. Served with blue corn chips and salsa. ",11.45,Jason's Deli,"Salads, Sandwiches, Sandwich, Breakfast, Lunch, Healthy, Vegan, Vegetarian, Pickup, Takeout, Deli",29.742011,-95.4102799
"Houston, TX",Shelley's Deli Chick (Manager's Special),"A half sandwich served with your choice of a cup of soup, fresh fruit or Mac & Cheese. Our family-recipe chicken salad with almonds and pineapple, leafy lettuce, tomato, on a toasted croissant.",11.69,Jason's Deli,"Salads, Sandwiches, Sandwich, Breakfast, Lunch, Healthy, Vegan, Vegetarian, Pickup, Takeout, Deli",29.742011,-95.4102799
"Houston, TX",Bigger Better BLT (Manager's Special),"A half sandwich served with your choice of a cup of soup, fresh fruit or Mac & Cheese. Bacon, leafy lettuce, Roma tomatoes, fresh-cracked egg,* mayo, avocado slices, toasted multigrain wheat.",11.69,Jason's Deli,"Salads, Sandwiches, Sandwich, Breakfast, Lunch, Healthy, Vegan, Vegetarian, Pickup, Takeout, Deli",29.742011,-95.4102799
"Houston, TX",Italian Cruz Po'boy Regular,"Nitrite-free ham, salami, pepperoncini, Asiago, shredded lettuce, Roma tomatoes, stone-ground mustard, Italian dressing, toasted New Orleans French bread. Served with chips or baked chips (100/150 cal) and a pickle (5 cal).",8.76,Jason's Deli,"Salads, Sandwiches, Sandwich, Breakfast, Lunch, Healthy, Vegan, Vegetarian, Pickup, Takeout, Deli",29.742011,-95.4102799
"Houston, TX",Smokey Jack Panini (Manager's Special),"A half sandwich served with your choice of a cup of soup, fresh fruit or Mac & Cheese. Nitrite-free smoked turkey breast, bacon, jalapeño pepper jack, guacamole, Roma tomatoes, 1000 Island dressing, on sourdough bread.",12.51,Jason's Deli,"Salads, Sandwiches, Sandwich, Breakfast, Lunch, Healthy, Vegan, Vegetarian, Pickup, Takeout, Deli",29.742011,-95.4102799
"Houston, TX",Avocado Toast            ,"Fresh avocados, feta, on toasted sourdough. Served with your choice of a cup of soup, fresh fruit, or Mac & Cheese. ",8.18,Jason's Deli,"Salads, Sandwiches, Sandwich, Breakfast, Lunch, Healthy, Vegan, Vegetarian, Pickup, Takeout, Deli",29.742011,-95.4102799
"Houston, TX",Italian Cruz Po'boy (Manager's Special)     ,"A half sandwich served with your choice of a cup of soup, fresh fruit or Mac & Cheese. Nitrite-free ham, salami, pepperoncini, Asiago, shredded lettuce, Roma tomatoes, stone-ground mustard, Italian dressing, toasted New Orleans French bread.",11.69,Jason's Deli,"Salads, Sandwiches, Sandwich, Breakfast, Lunch, Healthy, Vegan, Vegetarian, Pickup, Takeout, Deli",29.742011,-95.4102799
"Houston, TX",Turkey Wrap Regular,"Roasted turkey breast, Roma tomatoes, organic field greens, guacamole, ranch dressing, in a toasted organic wheat wrap. Choice of one side: fresh fruit, steamed veggies, baked chips, or blue corn chips with salsa. ",11.1,Jason's Deli,"Salads, Sandwiches, Sandwich, Breakfast, Lunch, Healthy, Vegan, Vegetarian, Pickup, Takeout, Deli",29.742011,-95.4102799
"Houston, TX",MeataBalla (Manager's Special),"A half sandwich served with your choice of a cup of soup, fresh fruit or new option Mac & Cheese. Meatballs,marinara, provolone, toasted on New Orleans French bread. 		",11.69,Jason's Deli,"Salads, Sandwiches, Sandwich, Breakfast, Lunch, Healthy, Vegan, Vegetarian, Pickup, Takeout, Deli",29.742011,-95.4102799
"Houston, TX",Texacado Toast           ,"Fresh avocados, roasted corn and black bean mix, cheddar, jalapeño ranch, on toasted Mexican-style bread with salsa. Served with blue corn chips and salsa.",8.18,Jason's Deli,"Salads, Sandwiches, Sandwich, Breakfast, Lunch, Healthy, Vegan, Vegetarian, Pickup, Takeout, Deli",29.742011,-95.4102799
"Houston, TX",The Papa Joe (Manager's Special),"A half sandwich served with your choice of a cup of soup, fresh fruit or Mac & Cheese. Roasted turkey breast, Asiago, roasted tomatoes, pesto aioli, toasted on herb focaccia bread.",12.51,Jason's Deli,"Salads, Sandwiches, Sandwich, Breakfast, Lunch, Healthy, Vegan, Vegetarian, Pickup, Takeout, Deli",29.742011,-95.4102799
"Houston, TX",Spinach Veggie Wrap Regular,"Mushrooms, organic spinach, Asiago, guacamole, pico de gallo, in a toasted organic wheat wrap. Served with salsa. Choice of one side: fresh fruit, steamed veggies, baked chips or blue corn chips. ",10.05,Jason's Deli,"Salads, Sandwiches, Sandwich, Breakfast, Lunch, Healthy, Vegan, Vegetarian, Pickup, Takeout, Deli",29.742011,-95.4102799
"Houston, TX",Ranchero Wrap (Manager's Special),"A half wrap served with your choice of a cup of soup, fresh fruit or Mac & Cheese. Grilled, 100% antibiotic-free chicken breast, cheddar, jalapeños, pico de gallo, Southwest spices, ranch dressing, toasted in an organic wheat wrap. Served with blue corn chips and salsa.",11.69,Jason's Deli,"Salads, Sandwiches, Sandwich, Breakfast, Lunch, Healthy, Vegan, Vegetarian, Pickup, Takeout, Deli",29.742011,-95.4102799
"Houston, TX",Spinach Veggie Wrap (Manager's Special),"A half sandwich served with your choice of a cup of soup, fresh fruit or new option Mac & Cheese. Mushrooms, organic spinach, Asiago, guacamole, pico de gallo, in a toasted organic wheat wrap.",11.69,Jason's Deli,"Salads, Sandwiches, Sandwich, Breakfast, Lunch, Healthy, Vegan, Vegetarian, Pickup, Takeout, Deli",29.742011,-95.4102799
"Houston, TX",Turkey Wrap (Manager's Special),"A half wrap served with your choice of a cup of soup, fresh fruit or Mac & Cheese. Roasted turkey breast, Roma tomatoes, organic field greens, guacamole, ranch dressing, in a toasted organic wheat wrap.",12.51,Jason's Deli,"Salads, Sandwiches, Sandwich, Breakfast, Lunch, Healthy, Vegan, Vegetarian, Pickup, Takeout, Deli",29.742011,-95.4102799
"Houston, TX",Chicken Salad Sandwich Regular,"With Almonds & Pineapple! Name your bread, select your spreads and dress it up. Also served with chips or baked chips (150/100 cal) and a pickle (5 cal).",10.05,Jason's Deli,"Salads, Sandwiches, Sandwich, Breakfast, Lunch, Healthy, Vegan, Vegetarian, Pickup, Takeout, Deli",29.742011,-95.4102799
"Houston, TX",Tuna Salad Sandwich with Egg Regular,"Name your bread, select your spreads and dress it up. Also served with chips or baked chips (150/100 cal) and a pickle (5 cal).",10.05,Jason's Deli,"Salads, Sandwiches, Sandwich, Breakfast, Lunch, Healthy, Vegan, Vegetarian, Pickup, Takeout, Deli",29.742011,-95.4102799
"Houston, TX",Ham Sandwich Regular,"Our ham is nitrite-free and sliced fresh daily. Name your bread, select your spreads and dress it up. Also served with chips or baked chips (150/100 cal) and a pickle (5 cal).",10.05,Jason's Deli,"Salads, Sandwiches, Sandwich, Breakfast, Lunch, Healthy, Vegan, Vegetarian, Pickup, Takeout, Deli",29.742011,-95.4102799
"Houston, TX",Roasted Turkey Breast Sandwich (Manager's Special),"A half sandwich served with your choice of a cup of soup, fresh fruit or Mac & Cheese. Name your bread, select your spreads and dress it up.",12.51,Jason's Deli,"Salads, Sandwiches, Sandwich, Breakfast, Lunch, Healthy, Vegan, Vegetarian, Pickup, Takeout, Deli",29.742011,-95.4102799
"Houston, TX",Grilled Chicken Breast Sandwich Regular,"Grilled, 100% antibiotic-free chicken breast, and a Jason's fan favorite. Name your bread, select your spreads and dress it up. Also served with chips or baked chips (150/100 cal) and a pickle (5 cal).",10.52,Jason's Deli,"Salads, Sandwiches, Sandwich, Breakfast, Lunch, Healthy, Vegan, Vegetarian, Pickup, Takeout, Deli",29.742011,-95.4102799
"Houston, TX",Chicken Salad Sandwich (Manager's Special),"A half sandwich served with your choice of a cup of soup, fresh fruit or Mac & Cheese. Name your bread, select your spreads and dress it up.",11.69,Jason's Deli,"Salads, Sandwiches, Sandwich, Breakfast, Lunch, Healthy, Vegan, Vegetarian, Pickup, Takeout, Deli",29.742011,-95.4102799
"Houston, TX",Veggie Sandwich Regular,"Choose as many vegetarian toppings as you like! Name your bread, select your spreads and dress it up. Also served with chips or baked chips (150/100 cal) and a pickle (5 cal).",10.05,Jason's Deli,"Salads, Sandwiches, Sandwich, Breakfast, Lunch, Healthy, Vegan, Vegetarian, Pickup, Takeout, Deli",29.742011,-95.4102799
"Houston, TX",Ham Sandwich (Manager's Special)     ,"A half sandwich served with your choice of a cup of soup, fresh fruit or Mac & Cheese. Name your bread, select your spreads and dress it up.",11.69,Jason's Deli,"Salads, Sandwiches, Sandwich, Breakfast, Lunch, Healthy, Vegan, Vegetarian, Pickup, Takeout, Deli",29.742011,-95.4102799
"Houston, TX",Tuna Salad Sandwich with Egg (Manager's Special),"A half sandwich served with your choice of a cup of soup, fresh fruit or Mac & Cheese. Name your bread, select your spreads and dress it up.",11.69,Jason's Deli,"Salads, Sandwiches, Sandwich, Breakfast, Lunch, Healthy, Vegan, Vegetarian, Pickup, Takeout, Deli",29.742011,-95.4102799
"Houston, TX",Smoked Turkey Breast Sandwich (Manager's Special),"A half sandwich served with your choice of a cup of soup, fresh fruit or Mac & Cheese. Name your bread, select your spreads and dress it up.",12.51,Jason's Deli,"Salads, Sandwiches, Sandwich, Breakfast, Lunch, Healthy, Vegan, Vegetarian, Pickup, Takeout, Deli",29.742011,-95.4102799
"Houston, TX",Grilled Chicken Breast Sandwich(Manager's Special),"A half sandwich served with your choice of a cup of soup, fresh fruit or Mac & Cheese. Name your bread, select your spreads and dress it up.",11.69,Jason's Deli,"Salads, Sandwiches, Sandwich, Breakfast, Lunch, Healthy, Vegan, Vegetarian, Pickup, Takeout, Deli",29.742011,-95.4102799
"Houston, TX",Hot Pastrami Sandwich	Regular,"1/2 pound of hot pastrami. Gluten-free bread, select your spreads and dress it up. Also served with chips or baked chips (150/100 cal) and a pickle (5 cal).",13.56,Jason's Deli,"Salads, Sandwiches, Sandwich, Breakfast, Lunch, Healthy, Vegan, Vegetarian, Pickup, Takeout, Deli",29.742011,-95.4102799
"Houston, TX",Roast Beef Sandwich (Manager's Special),"A half sandwich served with your choice of a cup of soup, fresh fruit or Mac & Cheese. Name your bread, select your spreads and dress it up.",12.51,Jason's Deli,"Salads, Sandwiches, Sandwich, Breakfast, Lunch, Healthy, Vegan, Vegetarian, Pickup, Takeout, Deli",29.742011,-95.4102799
"Houston, TX",Veggie Sandwich (Manager's Special)  ,"A half sandwich served with your choice of a cup of soup, fresh fruit or Mac & Cheese. Name your bread, select your spreads and dress it up.",11.69,Jason's Deli,"Salads, Sandwiches, Sandwich, Breakfast, Lunch, Healthy, Vegan, Vegetarian, Pickup, Takeout, Deli",29.742011,-95.4102799
"Houston, TX",Hot Corned Beef Sandwich Regular,"1/2 pound of hot corned beef. Your choice of bread, topped the way you like it. Also served with chips or baked chips (150/100 cal) and a pickle (5 cal). Click Customize to select your sandwich toppings.",13.56,Jason's Deli,"Salads, Sandwiches, Sandwich, Breakfast, Lunch, Healthy, Vegan, Vegetarian, Pickup, Takeout, Deli",29.742011,-95.4102799
"Houston, TX",Salami Sandwich (Manager's Special),"A half sandwich served with your choice of a cup of soup, fresh fruit or Mac & Cheese. Name your bread, select your spreads and dress it up.",11.69,Jason's Deli,"Salads, Sandwiches, Sandwich, Breakfast, Lunch, Healthy, Vegan, Vegetarian, Pickup, Takeout, Deli",29.742011,-95.4102799
"Houston, TX",Hot Corned Beef Sandwich (Manager's Special),"A half sandwich served with your choice of a cup of soup, fresh fruit or Mac & Cheese. Name your bread, select your spreads and dress it up.",14.03,Jason's Deli,"Salads, Sandwiches, Sandwich, Breakfast, Lunch, Healthy, Vegan, Vegetarian, Pickup, Takeout, Deli",29.742011,-95.4102799
"Houston, TX",Hot Pastrami Sandwich (Manager's Special),"A half sandwich served with your choice of a cup of soup, fresh fruit or Mac & Cheese. Name your bread, select your spreads and dress it up.",14.03,Jason's Deli,"Salads, Sandwiches, Sandwich, Breakfast, Lunch, Healthy, Vegan, Vegetarian, Pickup, Takeout, Deli",29.742011,-95.4102799
"Houston, TX",Salami Sandwich Regular,"Name your bread, select your spreads and dress it up. Also served with chips or baked chips (150/100 cal) and a pickle (5 cal).",10.05,Jason's Deli,"Salads, Sandwiches, Sandwich, Breakfast, Lunch, Healthy, Vegan, Vegetarian, Pickup, Takeout, Deli",29.742011,-95.4102799
"Houston, TX",1/4 Roasted Turkey Breast Muffaletta Special (630-1060 cal),"Grilled, crusty Muffaletta bread is spread to the edges with our family-recipe olive mix with provolone melted over layers of roasted turkey breast. Your choice: cup of soup, fresh fruit or Mac & Cheese. Served with chips or baked chips (150/100 cal) and a pickle (5 cal).",11.69,Jason's Deli,"Salads, Sandwiches, Sandwich, Breakfast, Lunch, Healthy, Vegan, Vegetarian, Pickup, Takeout, Deli",29.742011,-95.4102799
"Houston, TX",1/4 Ham & Salami Muffaletta Special (630-1060 cal),"Grilled, crusty Muffaletta bread is spread to the edges with our family-recipe olive mix with provolone melted over layers of nitrite-free ham and salami. Your choice: cup of soup, fresh fruit or Mac & Cheese. Served with chips or baked chips (150/100 cal) and a pickle (5 cal).",11.69,Jason's Deli,"Salads, Sandwiches, Sandwich, Breakfast, Lunch, Healthy, Vegan, Vegetarian, Pickup, Takeout, Deli",29.742011,-95.4102799
"Houston, TX",1/4 Ham & Salami Muffaletta (510 cal),"A New Orleans original! Grilled, crusty Muffaletta bread is spread to the edges with our family-recipe olive mix and provolone is melted over layers of nitrite-free ham and salami. Served with chips or baked chips (150/100 cal) and a pickle (5 cal). ",9.58,Jason's Deli,"Salads, Sandwiches, Sandwich, Breakfast, Lunch, Healthy, Vegan, Vegetarian, Pickup, Takeout, Deli",29.742011,-95.4102799
"Houston, TX",1/4 Roasted Turkey Breast Muffaletta (490 cal),"A New Orleans original! Grilled, A quarter sandwich with crusty Muffaletta bread spread to the edges with our family-recipe olive mix and provolone is melted over layers of roasted turkey breast. Served with chips or baked chips (150/100 cal) and a pickle (5 cal). ",9.58,Jason's Deli,"Salads, Sandwiches, Sandwich, Breakfast, Lunch, Healthy, Vegan, Vegetarian, Pickup, Takeout, Deli",29.742011,-95.4102799
"Houston, TX",The Plain Jane Potato Original,"Cheddar, sour cream, butter, bacon, green onions on a baked potato.",11.69,Jason's Deli,"Salads, Sandwiches, Sandwich, Breakfast, Lunch, Healthy, Vegan, Vegetarian, Pickup, Takeout, Deli",29.742011,-95.4102799
"Houston, TX",Chicken Alfredo Original,"Grilled, 100% antibiotic-free chicken breast, penne pasta, Alfredo sauce, Asiago. Served with herb focaccia. 		",12.74,Jason's Deli,"Salads, Sandwiches, Sandwich, Breakfast, Lunch, Healthy, Vegan, Vegetarian, Pickup, Takeout, Deli",29.742011,-95.4102799
"Houston, TX",Texas Style Spud Original,"Chopped pit-smoked beef brisket, barbecue sauce, cheddar, butter on a baked potato.",11.81,Jason's Deli,"Salads, Sandwiches, Sandwich, Breakfast, Lunch, Healthy, Vegan, Vegetarian, Pickup, Takeout, Deli",29.742011,-95.4102799
"Houston, TX",Penne Pasta & Meatballs Original,"Penne pasta, meatballs, marinara, Asiago. Served with herb focaccia. 		",12.27,Jason's Deli,"Salads, Sandwiches, Sandwich, Breakfast, Lunch, Healthy, Vegan, Vegetarian, Pickup, Takeout, Deli",29.742011,-95.4102799
"Houston, TX",Zucchini Garden Pasta Original,"Penne pasta, roasted zucchini, fresco mix of roasted tomatoes, organic spinach, artichoke hearts, Asiago. Served with herb focaccia.",12.16,Jason's Deli,"Salads, Sandwiches, Sandwich, Breakfast, Lunch, Healthy, Vegan, Vegetarian, Pickup, Takeout, Deli",29.742011,-95.4102799
"Houston, TX",CB Ranch Potato Original         ,"Grilled, 100% antibiotic-free chicken breast, cheddar, sour cream, butter, bacon, green onions, ranch.",12.04,Jason's Deli,"Salads, Sandwiches, Sandwich, Breakfast, Lunch, Healthy, Vegan, Vegetarian, Pickup, Takeout, Deli",29.742011,-95.4102799
"Houston, TX",Pollo Mexicano Potato Original,"Grilled, 100% antibiotic-free chicken breast, cheddar, sour cream, butter, pico de gallo, Southwest spices on a baked potato.",12.04,Jason's Deli,"Salads, Sandwiches, Sandwich, Breakfast, Lunch, Healthy, Vegan, Vegetarian, Pickup, Takeout, Deli",29.742011,-95.4102799
"Houston, TX",Chicken Pasta Primo Original,"Grilled, 100% antibiotic-free chicken breast, penne pasta, tomato-basil sauce, Asiago. Served with herb focaccia. 		",12.74,Jason's Deli,"Salads, Sandwiches, Sandwich, Breakfast, Lunch, Healthy, Vegan, Vegetarian, Pickup, Takeout, Deli",29.742011,-95.4102799
"Houston, TX",Garden Fresh Salad Bar,"Select your favorite ingredients and we'll prepare it for you. You can choose your greens, toppings and dressing, then add a protein, avocado or soup for just a little bit more if you like.",10.99,Jason's Deli,"Salads, Sandwiches, Sandwich, Breakfast, Lunch, Healthy, Vegan, Vegetarian, Pickup, Takeout, Deli",29.742011,-95.4102799
"Houston, TX",Dos Taco Plate,Any 2 Tacos with either refried or black beans and rice.  - A Texas standard.,12.0,Tacos A Go Go,Mexican,29.738444,-95.3798895
"Houston, TX",Nutty Mixed-Up Salad - Original,"Grilled, 100% antibiotic-free chicken breast, organic field greens, grapes, feta, cranberry-walnut mix, strawberries, served with balsamic vinaigrette. 		",13.09,Jason's Deli,"Salads, Sandwiches, Sandwich, Breakfast, Lunch, Healthy, Vegan, Vegetarian, Pickup, Takeout, Deli",29.742011,-95.4102799
"Houston, TX",Breakfast Burrito,"Scrambled eggs with black or refried beans, potatoes & any 2 toppings. (Add more toppings or queso for an extra charge.)",8.99,Tacos A Go Go,Mexican,29.738444,-95.3798895
"Houston, TX",Breakfast Dos Taco Plate-,,9.49,Tacos A Go Go,Mexican,29.738444,-95.3798895
"Houston, TX",Breakfast Taco,Our award-winning breakfast taco.  Choose 2 toppings scrambled with eggs on your choice of tortilla.,2.99,Tacos A Go Go,Mexican,29.738444,-95.3798895
"Houston, TX",Migas Plate,"Eggs scrambled with tortillas strips & fresh jalapenos, served chilaquiles-style with spicy chili verde & shredded Jack with tortillas & heaping sides of black or refried beans & grilled potatoes.",8.69,Tacos A Go Go,Mexican,29.738444,-95.3798895
"Houston, TX",Veggie Lovers & Egg Taco,,2.99,Tacos A Go Go,Mexican,29.738444,-95.3798895
"Houston, TX",Chicken Club Salad - Original,"Grilled, 100% antibiotic-free chicken breast, grape tomatoes, sliced avocado, cheddar, Asiago, bacon on mixed salad greens, served with ranch dressing.",13.09,Jason's Deli,"Salads, Sandwiches, Sandwich, Breakfast, Lunch, Healthy, Vegan, Vegetarian, Pickup, Takeout, Deli",29.742011,-95.4102799
"Houston, TX",Breakfast Burrito Bowl,"Scrambled eggs with black or refried beans, potatoes & any 2 toppings. (Add more toppings or queso for an extra charge.)",8.99,Tacos A Go Go,Mexican,29.738444,-95.3798895
"Houston, TX",Migas Taco,,2.99,Tacos A Go Go,Mexican,29.738444,-95.3798895
"Houston, TX",Dos Taco Plate,"Any 2 tacos on flour, corn, or whole wheat tortillas served with either refried or black beans & rice- a Texas standard.",9.49,Tacos A Go Go,Mexican,29.738444,-95.3798895
"Houston, TX",Nachos A Go Go,"Tortilla chips smothered with refried or black beans, queso, pickled jalapenos, pico de gallo, scallions & sour cream.  Add any taco meat or guacamole for an extra charge.",8.99,Tacos A Go Go,Mexican,29.738444,-95.3798895
"Houston, TX",Totchos A Go Go,"Move over chips! Make room for our Mexican Tater Tots (huh?)toppedwith black beans, queso, pickled jalapenos, pico de gallo, scallions & sour cream (this bowl of awesomeness will make you a convert)!",10.98,Tacos A Go Go,Mexican,29.738444,-95.3798895
"Houston, TX",Burrito,,8.99,Tacos A Go Go,Mexican,29.738444,-95.3798895
"Houston, TX",The Big Chef Salad - Original,"Nitrite-free ham, roasted turkey breast, Asiago, cheddar, grape tomatoes, country olive blend, hard-boiled egg, mixed salad greens, served with ranch dressing. 		",12.51,Jason's Deli,"Salads, Sandwiches, Sandwich, Breakfast, Lunch, Healthy, Vegan, Vegetarian, Pickup, Takeout, Deli",29.742011,-95.4102799
"Houston, TX",Burrito Bowl,,8.99,Tacos A Go Go,Mexican,29.738444,-95.3798895
"Houston, TX",Chicken Caesar - Original,"Grilled, 100% antibiotic-free chicken breast, romaine, Asiago, croutons, served with Caesar dressing and toasted herb focaccia bread.",12.04,Jason's Deli,"Salads, Sandwiches, Sandwich, Breakfast, Lunch, Healthy, Vegan, Vegetarian, Pickup, Takeout, Deli",29.742011,-95.4102799
"Houston, TX",Mesa Chicken Salad - Original,"Grilled, 100% antibiotic-free chicken breast, mixed salad greens, cheddar, grape tomatoes, chopped avocado, roasted corn and black bean mix, served with jalapeño ranch dressing. ",13.09,Jason's Deli,"Salads, Sandwiches, Sandwich, Breakfast, Lunch, Healthy, Vegan, Vegetarian, Pickup, Takeout, Deli",29.742011,-95.4102799
"Houston, TX",Chicken Quesadilla,,9.49,Tacos A Go Go,Mexican,29.738444,-95.3798895
"Houston, TX",Brisket Quesadilla,,12.49,Tacos A Go Go,Mexican,29.738444,-95.3798895
"Houston, TX","Nutty Mixed-Up Salad - Original, No Chicken ","Organic field greens, grapes, feta, cranberry-walnut mix, strawberries, served with balsamic vinaigrette.",11.92,Jason's Deli,"Salads, Sandwiches, Sandwich, Breakfast, Lunch, Healthy, Vegan, Vegetarian, Pickup, Takeout, Deli",29.742011,-95.4102799
"Houston, TX",Spinach & Mushroom Quesadilla,,8.99,Tacos A Go Go,Mexican,29.738444,-95.3798895
"Houston, TX",Beef & Chicken Quesadilla,,10.99,Tacos A Go Go,Mexican,29.738444,-95.3798895
"Houston, TX",SM Cheese Quesadilla,,4.99,Tacos A Go Go,Mexican,29.738444,-95.3798895
"Houston, TX",Shrimp Quesadilla,,11.99,Tacos A Go Go,Mexican,29.738444,-95.3798895
"Houston, TX","Chicken Club Salad - Original, No Chicken","Grape tomatoes, sliced avocado, cheddar, Asiago, bacon on mixed salad greens, served with ranch dressing.",11.92,Jason's Deli,"Salads, Sandwiches, Sandwich, Breakfast, Lunch, Healthy, Vegan, Vegetarian, Pickup, Takeout, Deli",29.742011,-95.4102799
"Houston, TX",Beef Quesadilla,,11.49,Tacos A Go Go,Mexican,29.738444,-95.3798895
"Houston, TX","Mesa Chicken Salad - Original, No Chicken","Mixed salad greens, cheddar, grape tomatoes, chopped avocado, roasted corn and black bean mix, served with jalapeño ranch dressing.",11.92,Jason's Deli,"Salads, Sandwiches, Sandwich, Breakfast, Lunch, Healthy, Vegan, Vegetarian, Pickup, Takeout, Deli",29.742011,-95.4102799
"Houston, TX",LG Cheese Quesadilla,,7.99,Tacos A Go Go,Mexican,29.738444,-95.3798895
"Houston, TX","Chicken Caesar - Original, No Chicken","Romaine, Asiago, croutons, served with Caesar dressing and toasted herb focaccia bread.	",10.87,Jason's Deli,"Salads, Sandwiches, Sandwich, Breakfast, Lunch, Healthy, Vegan, Vegetarian, Pickup, Takeout, Deli",29.742011,-95.4102799
"Houston, TX",Cup Broccoli Cheese Soup,"What makes our Broccoli Cheese Soup so popular? The richness of melted cheese, sweet cream, whole fresh green broccoli florets and onions lightly sautéed in butter. Many make it their soup choice for a Manager’s Special.",5.84,Jason's Deli,"Salads, Sandwiches, Sandwich, Breakfast, Lunch, Healthy, Vegan, Vegetarian, Pickup, Takeout, Deli",29.742011,-95.4102799
"Houston, TX",Pastor Quesadilla,,10.49,Tacos A Go Go,Mexican,29.738444,-95.3798895
"Houston, TX",Verde Quesadilla,,8.69,Tacos A Go Go,Mexican,29.738444,-95.3798895
"Houston, TX","Grilled \Pollo Falso\"" Quesadilla- Vegetarian""","Marinated & Grilled Vegan \Chicken\""  stuffed with melted Jack cheese in a flour tortilla. Served with Pico De Gallo & Sour Cream on the side.""",14.5,Tacos A Go Go,Mexican,29.738444,-95.3798895
"Houston, TX",Bowl Broccoli Cheese Soup ,"What makes our Broccoli Cheese Soup so popular? The richness of melted cheese, sweet cream, whole fresh green broccoli florets and onions lightly sautéed in butter. Many make it their soup choice for a Manager’s Special.",7.71,Jason's Deli,"Salads, Sandwiches, Sandwich, Breakfast, Lunch, Healthy, Vegan, Vegetarian, Pickup, Takeout, Deli",29.742011,-95.4102799
"Houston, TX",Bowl Chili ,"With chunks of lean ground beef, lots of fresh herbs and spices in a thick and robust tomato-based sauce, \hot & hearty\"" best describes it. Our Texas chili is pure satisfaction- by itself or matched with a sandwich. 		""",7.71,Jason's Deli,"Salads, Sandwiches, Sandwich, Breakfast, Lunch, Healthy, Vegan, Vegetarian, Pickup, Takeout, Deli",29.742011,-95.4102799
"Houston, TX",Bowl Chicken Noodle Soup ,"Taste our ever-popular combination of tender chicken, egg style pasta noodles and fresh veggies like celery and carrots…with just the right amount of fresh herbs and spices to warm you.",7.71,Jason's Deli,"Salads, Sandwiches, Sandwich, Breakfast, Lunch, Healthy, Vegan, Vegetarian, Pickup, Takeout, Deli",29.742011,-95.4102799
"Houston, TX",Taco Salad,,7.99,Tacos A Go Go,Mexican,29.738444,-95.3798895
"Houston, TX",Veggie Salad,,7.49,Tacos A Go Go,Mexican,29.738444,-95.3798895
"Houston, TX",Bowl Spicy Seafood Gumbo ,"Spice up your meal! Starting with a traditional roux, fresh fish, wild Gulf shrimp, real okra, onions and bell peppers throughout, our gumbo is sure to remind you of The Big Easy. It’s topped with fluffy white rice and parsley.",7.71,Jason's Deli,"Salads, Sandwiches, Sandwich, Breakfast, Lunch, Healthy, Vegan, Vegetarian, Pickup, Takeout, Deli",29.742011,-95.4102799
"Houston, TX",Cup Chili ,"With chunks of lean ground beef, lots of fresh herbs and spices in a thick and robust tomato-based sauce, \hot & hearty\"" best describes it. Our Texas chili is pure satisfaction- by itself or matched with a sandwich. 		""",5.84,Jason's Deli,"Salads, Sandwiches, Sandwich, Breakfast, Lunch, Healthy, Vegan, Vegetarian, Pickup, Takeout, Deli",29.742011,-95.4102799
"Houston, TX",Bowl Chicken Pot Pie ,"Tender chicken, red potatoes, carrots, celery, green peas and spices are mixed with a creamy sauce and topped with a golden, flaky puff pastry. In a bowl, it’s a meal. Our Chicken Pot Pie is simply scrumptious comfort food.",7.71,Jason's Deli,"Salads, Sandwiches, Sandwich, Breakfast, Lunch, Healthy, Vegan, Vegetarian, Pickup, Takeout, Deli",29.742011,-95.4102799
"Houston, TX",Cup Irish Potato Soup,"Once a soup du jour, our creamy Irish Potato Soup has returned to our menu. Raise your spoon to potatoes, milk, sweet cream, sour cream, onions and carrots with a cheddar base in a savory chicken stock. 		 ",5.84,Jason's Deli,"Salads, Sandwiches, Sandwich, Breakfast, Lunch, Healthy, Vegan, Vegetarian, Pickup, Takeout, Deli",29.742011,-95.4102799
"Houston, TX",Cup Tomato Basil ,"A delectable blend of sweet cream, vine ripened tomatoes, virgin olive oil, garlic and fresh-chopped basil makes this vegetarian soup rich…and very famous. Topped with real shredded asiago, you’ll taste honest-to-goodness flavor in every spoonful. A gluten-sensitive choice!",5.84,Jason's Deli,"Salads, Sandwiches, Sandwich, Breakfast, Lunch, Healthy, Vegan, Vegetarian, Pickup, Takeout, Deli",29.742011,-95.4102799
"Houston, TX",Bowl Garden Vegetable Soup ,,7.71,Jason's Deli,"Salads, Sandwiches, Sandwich, Breakfast, Lunch, Healthy, Vegan, Vegetarian, Pickup, Takeout, Deli",29.742011,-95.4102799
"Houston, TX",Bowl Fire Roasted Tortilla Soup ,"Combining chunks of tender chicken with a homemade tortilla masa, real stewed tomatoes, sweet whole kernel corn, jalapeños, green chilies and our secret spice blend gives this soup a true southwestern flair. Topped with tortilla chips, it’s a Jason’s fan favorite. A gluten-sensitive choice!",7.71,Jason's Deli,"Salads, Sandwiches, Sandwich, Breakfast, Lunch, Healthy, Vegan, Vegetarian, Pickup, Takeout, Deli",29.742011,-95.4102799
"Houston, TX",*Bacon & Egg,"flour tortilla, bacon, egg, cheese",3.5,Bebidas,"Smoothies, Tacos, Coffee, Sandwiches",29.7412793,-95.4340316
"Houston, TX",*Chorizo & Egg,"flour tortilla, chorizo, egg, cheese",3.5,Bebidas,"Smoothies, Tacos, Coffee, Sandwiches",29.7412793,-95.4340316
"Houston, TX",*Veggie & Egg,"corn tortilla, egg, sautéed veggies.",3.5,Bebidas,"Smoothies, Tacos, Coffee, Sandwiches",29.7412793,-95.4340316
"Houston, TX",Cup Garden Vegetable  ,,5.84,Jason's Deli,"Salads, Sandwiches, Sandwich, Breakfast, Lunch, Healthy, Vegan, Vegetarian, Pickup, Takeout, Deli",29.742011,-95.4102799
"Houston, TX",*Breakfast Sandwich,"pretzel bun, fried egg, havarti cheese, bacon",8.5,Bebidas,"Smoothies, Tacos, Coffee, Sandwiches",29.7412793,-95.4340316
"Houston, TX",Cup Chicken Noodle Soup ,"Taste our ever-popular combination of tender chicken, egg style pasta noodles and fresh veggies like celery and carrots…with just the right amount of fresh herbs and spices to warm you.",5.84,Jason's Deli,"Salads, Sandwiches, Sandwich, Breakfast, Lunch, Healthy, Vegan, Vegetarian, Pickup, Takeout, Deli",29.742011,-95.4102799
"Houston, TX",Cup Chicken Pot Pie ,"Tender chicken, red potatoes, carrots, celery, green peas and spices are mixed with a creamy sauce and topped with a golden, flaky puff pastry. In a bowl, it’s a meal. Our Chicken Pot Pie is simply scrumptious comfort food.",5.84,Jason's Deli,"Salads, Sandwiches, Sandwich, Breakfast, Lunch, Healthy, Vegan, Vegetarian, Pickup, Takeout, Deli",29.742011,-95.4102799
"Houston, TX",Bowl Tomato Basil ,"A delectable blend of sweet cream, vine ripened tomatoes, virgin olive oil, garlic and fresh-chopped basil makes this vegetarian soup rich…and very famous. Topped with real shredded asiago, you’ll taste honest-to-goodness flavor in every spoonful. A gluten-sensitive choice!",7.71,Jason's Deli,"Salads, Sandwiches, Sandwich, Breakfast, Lunch, Healthy, Vegan, Vegetarian, Pickup, Takeout, Deli",29.742011,-95.4102799
"Houston, TX",Cup Spicy Seafood Gumbo ,"Spice up your meal! Starting with a traditional roux, fresh fish, wild Gulf shrimp, real okra, onions and bell peppers throughout, our gumbo is sure to remind you of The Big Easy. It’s topped with fluffy white rice and parsley.",5.84,Jason's Deli,"Salads, Sandwiches, Sandwich, Breakfast, Lunch, Healthy, Vegan, Vegetarian, Pickup, Takeout, Deli",29.742011,-95.4102799
"Houston, TX",Cup Fire Roasted Tortilla Soup,"Combining chunks of tender chicken with a homemade tortilla masa, real stewed tomatoes, sweet whole kernel corn, jalapeños, green chilies and our secret spice blend gives this soup a true southwestern flair. Topped with tortilla chips, it’s a Jason’s fan favorite. A gluten-sensitive choice!",5.84,Jason's Deli,"Salads, Sandwiches, Sandwich, Breakfast, Lunch, Healthy, Vegan, Vegetarian, Pickup, Takeout, Deli",29.742011,-95.4102799
"Houston, TX",Breakfast Taco,,4.25,Tacos A Go Go,Mexican,29.738444,-95.3798895
"Houston, TX",Cup Rotisserie Chicken & Wild Rice Soup,"A creamy chicken soup with wild rice, rotisserie pulled chicken and vegetables",5.84,Jason's Deli,"Salads, Sandwiches, Sandwich, Breakfast, Lunch, Healthy, Vegan, Vegetarian, Pickup, Takeout, Deli",29.742011,-95.4102799
"Houston, TX",Bowl Rotisserie Chicken & Wild Rice Soup,"A creamy chicken soup with wild rice, rotisserie pulled chicken and vegetables",7.71,Jason's Deli,"Salads, Sandwiches, Sandwich, Breakfast, Lunch, Healthy, Vegan, Vegetarian, Pickup, Takeout, Deli",29.742011,-95.4102799
"Houston, TX",Migas Taco,,4.25,Tacos A Go Go,Mexican,29.738444,-95.3798895
"Houston, TX",Fresh Fruit Cup with Dip (210 cal),"Whole, fresh, luscious fruit is delivered to our delis six days a week and is meticulously prepared daily. Served with creamy fruit dip.",4.32,Jason's Deli,"Salads, Sandwiches, Sandwich, Breakfast, Lunch, Healthy, Vegan, Vegetarian, Pickup, Takeout, Deli",29.742011,-95.4102799
"Houston, TX",Fresh Fruit Bowl (310 cal),"Whole, fresh, luscious fruit is delivered to our delis six days a week and is meticulously prepared daily. Served with creamy fruit dip.",8.88,Jason's Deli,"Salads, Sandwiches, Sandwich, Breakfast, Lunch, Healthy, Vegan, Vegetarian, Pickup, Takeout, Deli",29.742011,-95.4102799
"Houston, TX",Veggie Lovers & Egg Taco,,4.25,Tacos A Go Go,Mexican,29.738444,-95.3798895
"Houston, TX",Mac & Cheese,A side of comfort! Creamy Mac & Cheese can now be added and enjoyed with your meal. ,3.5,Jason's Deli,"Salads, Sandwiches, Sandwich, Breakfast, Lunch, Healthy, Vegan, Vegetarian, Pickup, Takeout, Deli",29.742011,-95.4102799
"Houston, TX",Fresh Fruit Cup no Dip (60 cal),"Whole, fresh, luscious fruit is delivered to our delis six days a week and is meticulously prepared daily.",4.32,Jason's Deli,"Salads, Sandwiches, Sandwich, Breakfast, Lunch, Healthy, Vegan, Vegetarian, Pickup, Takeout, Deli",29.742011,-95.4102799
"Houston, TX",Italian Pasta Salad ,"Tri-color pasta with fresh cut broccoli, bell peppers & black olives featuring Italian dressing.",3.03,Jason's Deli,"Salads, Sandwiches, Sandwich, Breakfast, Lunch, Healthy, Vegan, Vegetarian, Pickup, Takeout, Deli",29.742011,-95.4102799
"Houston, TX",Migas Plate,,11.25,Tacos A Go Go,Mexican,29.738444,-95.3798895
"Houston, TX",Blue Corn Chips & Guacamole ,Our guacamole is fresh-made from scratch at every deli.,3.73,Jason's Deli,"Salads, Sandwiches, Sandwich, Breakfast, Lunch, Healthy, Vegan, Vegetarian, Pickup, Takeout, Deli",29.742011,-95.4102799
"Houston, TX",Steamed Veggies ,"A healthy blend of steamed broccoli, cauliflower, zucchini and organic baby carrots.",3.15,Jason's Deli,"Salads, Sandwiches, Sandwich, Breakfast, Lunch, Healthy, Vegan, Vegetarian, Pickup, Takeout, Deli",29.742011,-95.4102799
"Houston, TX",Lunch Special with Bottled Coke 11am - 3pm Monday - Thursday,"Jollof Rice, Peppered Beef, Bottled Coke",10.0,DUPSY’S A Modern African Kitchen,DUPSY’S A Modern African Kitchen,29.7226889,-95.3704827
"Houston, TX",American Potato Salad ,"A deli classic featuring baked potatoes, red and green onions, hard-boiled eggs, bell pepper and our own seasoning.",3.03,Jason's Deli,"Salads, Sandwiches, Sandwich, Breakfast, Lunch, Healthy, Vegan, Vegetarian, Pickup, Takeout, Deli",29.742011,-95.4102799
"Houston, TX",Blue Corn Chips & Salsa ,"Our salsa features fresh-made pico de gallo, hand-chopped cilantro and fresh-squeezed lime juice.",3.73,Jason's Deli,"Salads, Sandwiches, Sandwich, Breakfast, Lunch, Healthy, Vegan, Vegetarian, Pickup, Takeout, Deli",29.742011,-95.4102799
"Houston, TX",Lunch Special with Bottled Water 11am - 3pm  Monday - Thursday   ,"Jollof Rice, Peppered Beef, Bottled Water",10.0,DUPSY’S A Modern African Kitchen,DUPSY’S A Modern African Kitchen,29.7226889,-95.3704827
"Houston, TX",Fried Plantain Party Tray,,45.0,DUPSY’S A Modern African Kitchen,DUPSY’S A Modern African Kitchen,29.7226889,-95.3704827
"Houston, TX",Sprite - Can,,2.5,Zalat Pizza,Pizza Restaurant,29.7506765,-95.375564
"Houston, TX",Blue Corn Chips & Red Pepper Hummus ,"Order our hummus with chips and add zest to your meal! It’s made from mashed chickpeas, with the crave-appeal of roasted red bell peppers and sesame tahini.",3.73,Jason's Deli,"Salads, Sandwiches, Sandwich, Breakfast, Lunch, Healthy, Vegan, Vegetarian, Pickup, Takeout, Deli",29.742011,-95.4102799
"Houston, TX",Roasted Corn & Black Bean Salad (240 cal),"Another delicious salad bar addition. Pick our spicy, fresh-made Roasted Corn and Black Bean Salad to bring more variety, flavor and color to your next Garden Fresh Salad Bar order.",3.03,Jason's Deli,"Salads, Sandwiches, Sandwich, Breakfast, Lunch, Healthy, Vegan, Vegetarian, Pickup, Takeout, Deli",29.742011,-95.4102799
"Houston, TX",Cheesy App,"Cheddar & mozzarella cheesy breadsticks with marinara, buffalo sauce and SriRANCHa™.",11.5,Zalat Pizza,Pizza Restaurant,29.7506765,-95.375564
"Houston, TX",Green Chili Potato Salad (560 cal),"Spicy potato salad featuring bacon, green onions, ranch dressing and green chili aioli.",3.03,Jason's Deli,"Salads, Sandwiches, Sandwich, Breakfast, Lunch, Healthy, Vegan, Vegetarian, Pickup, Takeout, Deli",29.742011,-95.4102799
"Houston, TX",Broccoli Salad    ,,3.03,Jason's Deli,"Salads, Sandwiches, Sandwich, Breakfast, Lunch, Healthy, Vegan, Vegetarian, Pickup, Takeout, Deli",29.742011,-95.4102799
"Houston, TX",Veggie Quinoa Salad Side,,3.03,Jason's Deli,"Salads, Sandwiches, Sandwich, Breakfast, Lunch, Healthy, Vegan, Vegetarian, Pickup, Takeout, Deli",29.742011,-95.4102799
"Houston, TX","12\ Pepperoni""","Housemade crust, housemade marinara, and cheese, with all-beef pepperoni.",14.99,Zalat Pizza,Pizza Restaurant,29.7506765,-95.375564
"Houston, TX","12\ Sweet Revenge""","Bacon onion jam with infinity swirls of house-made hot honey, mozzarella, salami, crushed red pepper, fresh basil, and a little extra basil on the side. This is likely the best pizza you have ever had in your life.",20.69,Zalat Pizza,Pizza Restaurant,29.7506765,-95.375564
"Houston, TX","12\ Elote""","SriRANCHa™ base, corn, lemon pepper, Parmesan, cilantro garnish, and Valentina swirl.",18.39,Zalat Pizza,Pizza Restaurant,29.7506765,-95.375564
"Houston, TX",32 oz Fountain Drink,,3.62,Jason's Deli,"Salads, Sandwiches, Sandwich, Breakfast, Lunch, Healthy, Vegan, Vegetarian, Pickup, Takeout, Deli",29.742011,-95.4102799
"Houston, TX","12\ Sausage""","Housemade crust, housemade marinara, and cheese, with sausage.",14.99,Zalat Pizza,Pizza Restaurant,29.7506765,-95.375564
"Houston, TX",32 oz Sweet Iced Tea (280 cal),Fresh-Brewed Sweet Tea with cane sugar.,3.62,Jason's Deli,"Salads, Sandwiches, Sandwich, Breakfast, Lunch, Healthy, Vegan, Vegetarian, Pickup, Takeout, Deli",29.742011,-95.4102799
"Houston, TX","12\ Zealot (Our Supreme)""","All-beef pepperoni, sausage, salami, red onions, black olives, mushrooms, red bell peppers, and chives.",19.59,Zalat Pizza,Pizza Restaurant,29.7506765,-95.375564
"Houston, TX",32 oz Wild Berry Hibiscus Tea (100 Cal),Fresh-Brewed Wild Berry Hibiscus Tea lightly sweetened with pure cane sugar - caffeine-free.,3.62,Jason's Deli,"Salads, Sandwiches, Sandwich, Breakfast, Lunch, Healthy, Vegan, Vegetarian, Pickup, Takeout, Deli",29.742011,-95.4102799
"Houston, TX","12\ Pepperoni Masterclass""","Zalat teaches a masterclass in the art of pepperoni pizza. We start with copious amounts of 100% all-beef pepperoni. Add a dash of oregano. A dash of cracked black pepper. And we anchor this greasy, savory, New York pizza deliciousness with crushed garlic.",18.39,Zalat Pizza,Pizza Restaurant,29.7506765,-95.375564
"Houston, TX","12\ Simple Basil""","All-beef pepperoni, cracked black pepper, and fresh basil.",18.39,Zalat Pizza,Pizza Restaurant,29.7506765,-95.375564
"Houston, TX",32 oz Unsweet Iced Tea,Fresh-Brewed Iced Tea,3.62,Jason's Deli,"Salads, Sandwiches, Sandwich, Breakfast, Lunch, Healthy, Vegan, Vegetarian, Pickup, Takeout, Deli",29.742011,-95.4102799
"Houston, TX",32 oz Black Currant Tea ,Fresh-Brewed Black Currant Tea,3.62,Jason's Deli,"Salads, Sandwiches, Sandwich, Breakfast, Lunch, Healthy, Vegan, Vegetarian, Pickup, Takeout, Deli",29.742011,-95.4102799
"Houston, TX",Salsa Verde 6oz,,3.0,Tacos A Go Go,Mexican,29.738444,-95.3798895
"Houston, TX",Salsa Roja 6oz,,3.0,Tacos A Go Go,Mexican,29.738444,-95.3798895
"Houston, TX","12\ Pesto Veggie""","This pizza pie starts with a Tompesto sauce base, a concoction of our house made pizza sauce and pine nut-free basil pesto.  It’s topped with premium mozzarella, baby spinach, red bell peppers, caramelized onions, a house blend of spices, and garnished with chives and a balsamic reduction.  It’s veggie pizza - but bougie.",18.39,Zalat Pizza,Pizza Restaurant,29.7506765,-95.375564
"Houston, TX",tater tots-side,,3.75,Tacos A Go Go,Mexican,29.738444,-95.3798895
"Houston, TX",rice-side,,3.5,Tacos A Go Go,Mexican,29.738444,-95.3798895
"Houston, TX","12\ OG""","All-beef pepperoni, salami, cracked black pepper, and pickled giardiniera.",18.39,Zalat Pizza,Pizza Restaurant,29.7506765,-95.375564
"Houston, TX",Strawberry Shortcake ,"Luscious layers of pound cake, real whipped cream and fresh strawberries.",4.9,Jason's Deli,"Salads, Sandwiches, Sandwich, Breakfast, Lunch, Healthy, Vegan, Vegetarian, Pickup, Takeout, Deli",29.742011,-95.4102799
"Houston, TX","12\ NYC""","New York-style pizza, slightly greasy, with extra oregano. Choose between Cheese, Pepperoni, Sausage, or Half Pepperoni / Half Sausage.",13.79,Zalat Pizza,Pizza Restaurant,29.7506765,-95.375564
"Houston, TX","12\ Cheese""","Housemade crust, housemade marinara, and cheese.",13.79,Zalat Pizza,Pizza Restaurant,29.7506765,-95.375564
"Houston, TX",refried beans-side,,3.5,Tacos A Go Go,Mexican,29.738444,-95.3798895
"Houston, TX",Fudge-Nut Brownie ,"If you can't eat the whole thing, cut into 4 pieces and share brownie bites.",2.33,Jason's Deli,"Salads, Sandwiches, Sandwich, Breakfast, Lunch, Healthy, Vegan, Vegetarian, Pickup, Takeout, Deli",29.742011,-95.4102799
"Houston, TX","12\ Sausage+Pepperoni""",,14.99,Zalat Pizza,Pizza Restaurant,29.7506765,-95.375564
"Houston, TX",Side Habernero Sauce,,1.5,Tacos A Go Go,Mexican,29.738444,-95.3798895
"Houston, TX","12\ Loaded Notato""","Bacon, cheddar, jalapenos, chives, blue cheese ranch and SriRANCHa™.",19.59,Zalat Pizza,Pizza Restaurant,29.7506765,-95.375564
"Houston, TX","12\ Pineapple Express""","The Pineapple Express is sweet and heat perfection. Even people who hate pineapple on pizza LOVE our Pineapple Express! It has bacon, pineapple, crushed red pepper, jalapenos, teriyaki base with a little sesame seed and top swirl, and garnished with fresh cilantro post-bake. This may be our best pizza!",18.39,Zalat Pizza,Pizza Restaurant,29.7506765,-95.375564
"Houston, TX",Side Chipotle Crema,,1.5,Tacos A Go Go,Mexican,29.738444,-95.3798895
"Houston, TX","12\ Buffalo Chicken""","Frank's hot sauce reduction, chicken, chives, and blue cheese ranch.",19.59,Zalat Pizza,Pizza Restaurant,29.7506765,-95.375564
"Houston, TX",flour tortillas (3),,1.25,Tacos A Go Go,Mexican,29.738444,-95.3798895
"Houston, TX","12\ Nashville Hot Chicken & Pickles""","Texas meets Nashville! Crunchy pickles slathered with sweet and spicy Nashville Hot sauce, SriRANCHa™, chicken, and red onions. Crushed red pepper and black pepper add a little kick.",19.59,Zalat Pizza,Pizza Restaurant,29.7506765,-95.375564
"Houston, TX",Strawberry-topped Cheesecake ,Classic cheesecake topped with strawberries.,5.14,Jason's Deli,"Salads, Sandwiches, Sandwich, Breakfast, Lunch, Healthy, Vegan, Vegetarian, Pickup, Takeout, Deli",29.742011,-95.4102799
"Houston, TX",Classic Cheesecake ,An all-time favorite deli dessert with real graham cracker crust.,4.9,Jason's Deli,"Salads, Sandwiches, Sandwich, Breakfast, Lunch, Healthy, Vegan, Vegetarian, Pickup, Takeout, Deli",29.742011,-95.4102799
"Houston, TX",Peach Pancakes - NEW,"Four fluffy Buttermilk Pancakes topped with Granola, Peach Puree, and whipped cream. ",9.49,Corner Bakery Cafe,"Breakfast, lunch, dinner and catering in your corner",29.7727817,-95.3988578
"Houston, TX",black beans-side,,3.5,Tacos A Go Go,Mexican,29.738444,-95.3798895
"Houston, TX",jalapeno ranch-side,,1.5,Tacos A Go Go,Mexican,29.738444,-95.3798895
"Houston, TX","12\ Margherita""","Sliced Roma tomatoes, roasted grape tomatoes, fresh mozzarella, basil, and balsamic glaze.",19.59,Zalat Pizza,Pizza Restaurant,29.7506765,-95.375564
"Houston, TX",Side Pico de Gallo,,1.5,Tacos A Go Go,Mexican,29.738444,-95.3798895
"Houston, TX",pickled jalapeno-side,,1.5,Tacos A Go Go,Mexican,29.738444,-95.3798895
"Houston, TX",Prime Rib Breakfast Panini,,8.49,Corner Bakery Cafe,"Breakfast, lunch, dinner and catering in your corner",29.7727817,-95.3988578
"Houston, TX",Texas Chocolate Cake     ,"Moist chocolate cake covered in chocolate icing, topped with chopped pecans. ",3.38,Jason's Deli,"Salads, Sandwiches, Sandwich, Breakfast, Lunch, Healthy, Vegan, Vegetarian, Pickup, Takeout, Deli",29.742011,-95.4102799
"Houston, TX",Chewy Marshmallow Treat (GS) ,"Marshmallow cream, gluten-free crispy rice puffs and mini marshmallows mixed with a touch of browned butter and a hint of sea salt. Certified Gluten Free & Individually Wrapped.",4.9,Jason's Deli,"Salads, Sandwiches, Sandwich, Breakfast, Lunch, Healthy, Vegan, Vegetarian, Pickup, Takeout, Deli",29.742011,-95.4102799
"Houston, TX",fresh jalapeno-side,,1.5,Tacos A Go Go,Mexican,29.738444,-95.3798895
"Houston, TX",Beefeater Sliders Tray (4990 cal),Hot roast beef with provolone and mayo on tasty potato slider buns. Served with au jus on the side. Twenty-four tasty sliders. (Serves 12),71.48,Jason's Deli,"Salads, Sandwiches, Sandwich, Breakfast, Lunch, Healthy, Vegan, Vegetarian, Pickup, Takeout, Deli",29.742011,-95.4102799
"Houston, TX",Deli Sliders Tray (3750 cal),"Cold, mini sandwiches on potato slider buns; 12 Roasted Turkey Sliders & 12 Ham-Salami Sliders with provolone, shredded lettuce and Roma tomato. Mayo and mustard on the side. (Serves 12)		",63.05,Jason's Deli,"Salads, Sandwiches, Sandwich, Breakfast, Lunch, Healthy, Vegan, Vegetarian, Pickup, Takeout, Deli",29.742011,-95.4102799
"Houston, TX","12\ Meatza""","All-beef pepperoni, sausage, salami, and bacon.",19.59,Zalat Pizza,Pizza Restaurant,29.7506765,-95.375564
"Houston, TX",Prime Rib Panini,,11.99,Corner Bakery Cafe,"Breakfast, lunch, dinner and catering in your corner",29.7727817,-95.3988578
"Houston, TX",Modern Meat & Cheese Tray (11140 cal),"Party-perfect sliced pepperoni & hard salami, cubed pepper jack & cheddar, kalamata & queen stuffed green olives, fire-roasted piquillo peppers, artichoke hearts, pesto aioli, our popular garlic toasties & flatbread. (Serves 10)",95.69,Jason's Deli,"Salads, Sandwiches, Sandwich, Breakfast, Lunch, Healthy, Vegan, Vegetarian, Pickup, Takeout, Deli",29.742011,-95.4102799
"Houston, TX","12\ Chicken Teriyaki""","Chicken, red onions, sweet teriyaki sauce base with a little sesame seed and swirl, and cilantro garnish.",19.59,Zalat Pizza,Pizza Restaurant,29.7506765,-95.375564
"Houston, TX","12\ Pho Shizzle""","Chicken, red bell peppers, caramelized onions, hoisin and sriracha swirl, topped with basil and cilantro garnish.",19.59,Zalat Pizza,Pizza Restaurant,29.7506765,-95.375564
"Houston, TX",Meatballs in Marinara (2960 cal),"New and appetizing for your event! 30 beef & pork meatballs tossed then baked in our family-recipe, seasoned marinara sauce. (Serves 10)",29.36,Jason's Deli,"Salads, Sandwiches, Sandwich, Breakfast, Lunch, Healthy, Vegan, Vegetarian, Pickup, Takeout, Deli",29.742011,-95.4102799
"Houston, TX",Sunshine Breakfast Croissant (510-720 cal) ,"Fresh-cracked egg, melted cheddar and your choice of breakfast sausage, crispy bacon or nitrite-free ham, on an all-butter croissant.",7.59,Jason's Deli,"Salads, Sandwiches, Sandwich, Breakfast, Lunch, Healthy, Vegan, Vegetarian, Pickup, Takeout, Deli",29.742011,-95.4102799
"Houston, TX",Breakfast Sammy (240-400 cal) ,"Flatbread sandwich featuring fresh-cracked egg, melted Muenster and your choice of breakfast sausage, crispy bacon, nitrite-free ham or meatless.",4.55,Jason's Deli,"Salads, Sandwiches, Sandwich, Breakfast, Lunch, Healthy, Vegan, Vegetarian, Pickup, Takeout, Deli",29.742011,-95.4102799
"Houston, TX","12\ Crave""","All-beef pepperoni, salami, cracked black pepper, and red onions.",18.39,Zalat Pizza,Pizza Restaurant,29.7506765,-95.375564
"Houston, TX","12\ Hottie""","All-beef pepperoni, crushed red pepper, jalapeños, Tabasco, and Sriracha.",17.29,Zalat Pizza,Pizza Restaurant,29.7506765,-95.375564
"Houston, TX","14\ Loaded Notato""","Bacon, cheddar, jalapenos, chives, blue cheese ranch and SriRANCHa™.",21.89,Zalat Pizza,Pizza Restaurant,29.7506765,-95.375564
"Houston, TX",Shakshuka,"harissa, chickpea, organic kale, poached egg, kalamata olive, feta, garden herbs with za’atar spiced pita(Vegetarian) ",12.65,Flower Child,"Pickup, Takeout, American (New), Gluten-Free, Vegetarian, Healthy",29.7988843,-95.4103956
"Houston, TX","18\ Loaded Notato""","Bacon, cheddar, jalapenos, chives, blue cheese ranch and SriRANCHa™.",26.49,Zalat Pizza,Pizza Restaurant,29.7506765,-95.375564
"Houston, TX",Gluten-Free Chocolate Chip Cashew Cookies,Four of our Gluten-Free Chocolate Chip Cashew Cookies,9.4,Flower Child,"Pickup, Takeout, American (New), Gluten-Free, Vegetarian, Healthy",29.7988843,-95.4103956
"Houston, TX",16oz Signature Rose Petal Lemonade,Suppliers are currently out of supply on 24 oz cups. We are serving 16 oz beverages until supplies return.,3.05,Flower Child,"Pickup, Takeout, American (New), Gluten-Free, Vegetarian, Healthy",29.7988843,-95.4103956
"Houston, TX",Topo Chico,Sparkling Mineral Water,2.8,Flower Child,"Pickup, Takeout, American (New), Gluten-Free, Vegetarian, Healthy",29.7988843,-95.4103956
"Houston, TX",Seasonal Lemonade,,3.9,Flower Child,"Pickup, Takeout, American (New), Gluten-Free, Vegetarian, Healthy",29.7988843,-95.4103956
"Houston, TX",16oz Passionfruit Black Iced Tea,Suppliers are currently out of supply on 24 oz cups. We are serving 16 oz beverages until supplies return.,3.05,Flower Child,"Pickup, Takeout, American (New), Gluten-Free, Vegetarian, Healthy",29.7988843,-95.4103956
"Houston, TX",16oz Arnold Palmer ,Suppliers are currently out of supply on 24 oz cups. We are serving 16 oz beverages until supplies return.,3.05,Flower Child,"Pickup, Takeout, American (New), Gluten-Free, Vegetarian, Healthy",29.7988843,-95.4103956
"Houston, TX",Fresh Fruit Cup with Dip (210 cal),"Whole, fresh, luscious fruit is delivered to our delis six days a week and is meticulously prepared daily. Served with creamy fruit dip.",4.32,Jason's Deli,"Salads, Sandwiches, Sandwich, Breakfast, Lunch, Healthy, Vegan, Vegetarian, Pickup, Takeout, Deli",29.742011,-95.4102799
"Houston, TX",Draft Kombucha,,7.2,Flower Child,"Pickup, Takeout, American (New), Gluten-Free, Vegetarian, Healthy",29.7988843,-95.4103956
"Houston, TX",Avocado Toast            ,"Fresh avocados, feta, on toasted sourdough. Served with your choice of a cup of soup, fresh fruit, or Mac & Cheese. ",8.18,Jason's Deli,"Salads, Sandwiches, Sandwich, Breakfast, Lunch, Healthy, Vegan, Vegetarian, Pickup, Takeout, Deli",29.742011,-95.4102799
"Houston, TX",Peach Baby Bundt,,3.99,Corner Bakery Cafe,"Breakfast, lunch, dinner and catering in your corner",29.7727817,-95.3988578
"Houston, TX",Bottled Kombucha,,7.2,Flower Child,"Pickup, Takeout, American (New), Gluten-Free, Vegetarian, Healthy",29.7988843,-95.4103956
"Houston, TX",Gingerbread Baby Bundt,,3.99,Corner Bakery Cafe,"Breakfast, lunch, dinner and catering in your corner",29.7727817,-95.3988578
"Houston, TX",Fresh Fruit Bowl (310 cal),"Whole, fresh, luscious fruit is delivered to our delis six days a week and is meticulously prepared daily. Served with creamy fruit dip.",8.88,Jason's Deli,"Salads, Sandwiches, Sandwich, Breakfast, Lunch, Healthy, Vegan, Vegetarian, Pickup, Takeout, Deli",29.742011,-95.4102799
"Houston, TX",Fresh Fruit Cup no Dip (60 cal),"Whole, fresh, luscious fruit is delivered to our delis six days a week and is meticulously prepared daily.",4.32,Jason's Deli,"Salads, Sandwiches, Sandwich, Breakfast, Lunch, Healthy, Vegan, Vegetarian, Pickup, Takeout, Deli",29.742011,-95.4102799
"Houston, TX",Tuscan Grilled Cheese (V),"For a limited time only! Provolone, basil, spinach, oven-roasted tomato, pesto* aioli, grilled sourdough *contains nuts",8.79,Corner Bakery Cafe,"Breakfast, lunch, dinner and catering in your corner",29.7727817,-95.3988578
"Houston, TX",Breakfast Club (580 cal)          ,"Fresh-cracked egg, nitrite-free ham, crispy bacon, melted cheddar and Swiss, tomato, on toasted multigrain wheat.",7.59,Jason's Deli,"Salads, Sandwiches, Sandwich, Breakfast, Lunch, Healthy, Vegan, Vegetarian, Pickup, Takeout, Deli",29.742011,-95.4102799
"Houston, TX",Southwest Breakfast Wrap (570-730 cal) ,"Organic wheat wrap filled with fresh-cracked eggs, melted cheddar, our fresh-made pico de gallo and your choice: breakfast sausage, crispy bacon or nitrite-free ham. Spicy! Served with salsa.",7.59,Jason's Deli,"Salads, Sandwiches, Sandwich, Breakfast, Lunch, Healthy, Vegan, Vegetarian, Pickup, Takeout, Deli",29.742011,-95.4102799
"Houston, TX",Tuscan Grilled Cheese (V),"For a limited time only! Provolone, basil, spinach, oven-roasted tomato, pesto* aioli, grilled sourdough *contains nuts",8.79,Corner Bakery Cafe,"Breakfast, lunch, dinner and catering in your corner",29.7727817,-95.3988578
"Houston, TX",Breakfast Veggie Wrap,"Organic wheat wrap filled with fresh-cracked eggs, mushrooms, organic spinach, our fresco mix of roasted tomatoes, organic spinach, artichoke hearts and Asiago.",7.24,Jason's Deli,"Salads, Sandwiches, Sandwich, Breakfast, Lunch, Healthy, Vegan, Vegetarian, Pickup, Takeout, Deli",29.742011,-95.4102799
"Houston, TX",Peach Pancakes - NEW,"Four fluffy Buttermilk Pancakes topped with Granola, Peach Puree, and whipped cream. ",9.49,Corner Bakery Cafe,"Breakfast, lunch, dinner and catering in your corner",29.7727817,-95.3988578
"Houston, TX",Prime Rib Breakfast Panini,,8.49,Corner Bakery Cafe,"Breakfast, lunch, dinner and catering in your corner",29.7727817,-95.3988578
"Houston, TX",Prime Rib Panini,,11.99,Corner Bakery Cafe,"Breakfast, lunch, dinner and catering in your corner",29.7727817,-95.3988578
"Houston, TX",Peach Baby Bundt,,3.99,Corner Bakery Cafe,"Breakfast, lunch, dinner and catering in your corner",29.7727817,-95.3988578
"Houston, TX",Gingerbread Baby Bundt,,3.99,Corner Bakery Cafe,"Breakfast, lunch, dinner and catering in your corner",29.7727817,-95.3988578
"Houston, TX",Tuscan Grilled Cheese (V),"For a limited time only! Provolone, basil, spinach, oven-roasted tomato, pesto* aioli, grilled sourdough *contains nuts",8.79,Corner Bakery Cafe,"Breakfast, lunch, dinner and catering in your corner",29.7727817,-95.3988578
"Houston, TX",Tuscan Grilled Cheese (V),"For a limited time only! Provolone, basil, spinach, oven-roasted tomato, pesto* aioli, grilled sourdough *contains nuts",8.79,Corner Bakery Cafe,"Breakfast, lunch, dinner and catering in your corner",29.7727817,-95.3988578
"Houston, TX",Perrier,,5.0,JINYA Ramen Bar,Japanese Restaurant,29.7427083,-95.3797071
"Houston, TX",Build Your Own,Choose your flavor of ice cream and up to three toppings,8.95,Marble Slab Creamery,"dessert, desserts, ice cream, frozen yogurt, cake, catering",29.775552,-95.382718
"Houston, TX",Caramel Fudge Swirl Pool,"Sweet cream ice cream, snickers, and fudge. Toppings will be mixed in, we are not allowed to put them on the side.",8.95,Marble Slab Creamery,"dessert, desserts, ice cream, frozen yogurt, cake, catering",29.775552,-95.382718
"Houston, TX",Cherry Vanilla Vacation,"Vanilla ice cream, brownies, maraschino cherries, and caramel. Toppings will be mixed in, we are not allowed to put them on the side.",8.95,Marble Slab Creamery,"dessert, desserts, ice cream, frozen yogurt, cake, catering",29.775552,-95.382718
"Houston, TX",Cookies & Cake,"Birthday cake ice cream, oreos, and cookie dough. Toppings will be mixed in, we are not allowed to put them on the side.",8.95,Marble Slab Creamery,"dessert, desserts, ice cream, frozen yogurt, cake, catering",29.775552,-95.382718
"Houston, TX",Strawberry Skydive,"Strawberry ice cream, oreos, strawberries, and fudge. Toppings will be mixed in, we are not allowed to put them on the side.",8.95,Marble Slab Creamery,"dessert, desserts, ice cream, frozen yogurt, cake, catering",29.775552,-95.382718
"Houston, TX",Cookie Dough Drizzle,"Birthday cake ice cream, cookie dough, oreos, and fudge. Toppings will be mixed in, we are not allowed to put them on the side.",8.95,Marble Slab Creamery,"dessert, desserts, ice cream, frozen yogurt, cake, catering",29.775552,-95.382718
"Houston, TX",Chocolate 2-The-Xtreme,"Dark chocolate ice cream, M&M's, chocolate sprinkles, and fudge. Toppings will be mixed in, we are not allowed to put them on the side.",8.95,Marble Slab Creamery,"dessert, desserts, ice cream, frozen yogurt, cake, catering",29.775552,-95.382718
"Houston, TX",Cotton Candy Ski Jump,"Cotton candy ice cream, mini marshmallows, m and m's, and marshmallow topping. Toppings will be mixed in, we are not allowed to put them on the side.",8.95,Marble Slab Creamery,"dessert, desserts, ice cream, frozen yogurt, cake, catering",29.775552,-95.382718
"Houston, TX",Rainbow Nanza,"Sweet cream ice cream, m and m’s, assorted sprinkles, and marshmallow topping. Toppings will be mixed in, we are not allowed to put them on the side.",8.95,Marble Slab Creamery,"dessert, desserts, ice cream, frozen yogurt, cake, catering",29.775552,-95.382718
"Houston, TX",Birthday Bonanza,"Birthday cake with gummy bears, and assorted sprinkles. Toppings will be mixed in, we are not allowed to put them on the side.",8.95,Marble Slab Creamery,"dessert, desserts, ice cream, frozen yogurt, cake, catering",29.775552,-95.382718
"Houston, TX",S’more,"Chocolate swiss ice cream, chocolate chips, marshmallows, and graham crackers. Toppings will be mixed in, we are not allowed to put them on the side.",8.95,Marble Slab Creamery,"dessert, desserts, ice cream, frozen yogurt, cake, catering",29.775552,-95.382718
"Houston, TX",Peanut Butter Galaxy,"Chocolate Swiss ice cream, reese’s peanut butter cups, reese’s pieces, and peanut butter. Toppings will be mixed in, we are not allowed to put them on the side.",8.95,Marble Slab Creamery,"dessert, desserts, ice cream, frozen yogurt, cake, catering",29.775552,-95.382718
"Houston, TX",Vanilla Cookie Dough Yo-Yo,"Vanilla ice cream, cookie dough, Oreos, and fudge. Toppings will be mixed in, we are not allowed to put them on the side.",8.95,Marble Slab Creamery,"dessert, desserts, ice cream, frozen yogurt, cake, catering",29.775552,-95.382718
"Houston, TX",Snickerdoodle,"Vanilla ice cream, snickers, and caramel. Toppings will be mixed in, we are not allowed to put them on the side.",8.95,Marble Slab Creamery,"dessert, desserts, ice cream, frozen yogurt, cake, catering",29.775552,-95.382718
"Houston, TX",Better Batter Boogie Board,"Birthday cake ice cream, rainbow sprinkles, and fudge. Toppings will be mixed in, we are not allowed to put them on the side.",8.95,Marble Slab Creamery,"dessert, desserts, ice cream, frozen yogurt, cake, catering",29.775552,-95.382718
"Houston, TX",Cookie Pack,,1.89,Marble Slab Creamery,"dessert, desserts, ice cream, frozen yogurt, cake, catering",29.775552,-95.382718
"Houston, TX",Double Doozies,,3.79,Marble Slab Creamery,"dessert, desserts, ice cream, frozen yogurt, cake, catering",29.775552,-95.382718
"Houston, TX",Brownie,,2.99,Marble Slab Creamery,"dessert, desserts, ice cream, frozen yogurt, cake, catering",29.775552,-95.382718
"Houston, TX",Banana Split,"Vanilla, chocolate, and strawberry ice cream with bananas, fudge, caramel, marshmallow topping, whipped cream, peanuts, and a maraschino cherry on top (14 ounces container). Toppings will be added into the container, we are not allowed to put them on the side.",7.35,Marble Slab Creamery,"dessert, desserts, ice cream, frozen yogurt, cake, catering",29.775552,-95.382718
"Houston, TX",Fudge Brownie Delight,"Vanilla ice cream, brownies, fudge, whipped cream, peanuts, and maraschino cherry on top (12 ounces cup). Toppings will be mixed in, we are not allowed to put them on the side.",6.45,Marble Slab Creamery,"dessert, desserts, ice cream, frozen yogurt, cake, catering",29.775552,-95.382718
"Houston, TX",Strawberry Shortcake Sundae,"Sweet cream ice cream, yellow cake, strawberry sauce, fresh strawberries, and whipped cream (12 ounces cup). Toppings will be added into the container, we are not allowed to put them on the side.",6.45,Marble Slab Creamery,"dessert, desserts, ice cream, frozen yogurt, cake, catering",29.775552,-95.382718
"Houston, TX",Classic Sundae,"Vanilla ice cream, brownies, fudge, whipped cream, peanuts, and maraschino cherry on top (12 ounces cup). Toppings will not be on the side.",6.45,Marble Slab Creamery,"dessert, desserts, ice cream, frozen yogurt, cake, catering",29.775552,-95.382718
"Houston, TX",Create Your Own MilkShake,Choose ice cream flavor and up to 3 toppings,7.99,Marble Slab Creamery,"dessert, desserts, ice cream, frozen yogurt, cake, catering",29.775552,-95.382718
"Houston, TX",Cookies 'n Cream Milkshake,"Vanilla ice cream, oreo cookie pieces, whipped cream, and fudge.",7.99,Marble Slab Creamery,"dessert, desserts, ice cream, frozen yogurt, cake, catering",29.775552,-95.382718
"Houston, TX",Blue Cotton Candy Milkshake,"Blue cotton candy ice cream, mini marshmallows, m&m's, whipped cream, and mallo creme.",7.99,Marble Slab Creamery,"dessert, desserts, ice cream, frozen yogurt, cake, catering",29.775552,-95.382718
"Houston, TX",Strawberry Milkshake,"Strawberry ice cream, strawberries, whipped cream.",7.99,Marble Slab Creamery,"dessert, desserts, ice cream, frozen yogurt, cake, catering",29.775552,-95.382718
"Houston, TX",Snickers Milkshake,"Vanilla ice cream, snickers, whipped cream, fudge, and caramel.",7.99,Marble Slab Creamery,"dessert, desserts, ice cream, frozen yogurt, cake, catering",29.775552,-95.382718
"Houston, TX",Coffee Milkshake,"Coffee ice cream, whipped cream, and fudge.",7.99,Marble Slab Creamery,"dessert, desserts, ice cream, frozen yogurt, cake, catering",29.775552,-95.382718
"Houston, TX",Classic Cookies & Cream Ice Cream Cake,"Sweet cream ice cream, chocolate cake base, topped with vanilla frosting and oreos.",29.99,Marble Slab Creamery,"dessert, desserts, ice cream, frozen yogurt, cake, catering",29.775552,-95.382718
"Houston, TX",Chocolate With Reese's Peanut Butter Cup,"Chocolate Ice Cream and Reese’s® Peanut Butter Cups, with more Reese’s® Peanut Butter Cups on top",29.99,Marble Slab Creamery,"dessert, desserts, ice cream, frozen yogurt, cake, catering",29.775552,-95.382718
"Houston, TX",Sprinkle Cake,There’s gold at the bottom of this rainbow and it’s mouthwatering yellow cake with Birthday cake Ice Cream.,29.99,Marble Slab Creamery,"dessert, desserts, ice cream, frozen yogurt, cake, catering",29.775552,-95.382718
"Houston, TX",Coke,,1.99,Marble Slab Creamery,"dessert, desserts, ice cream, frozen yogurt, cake, catering",29.775552,-95.382718
"Houston, TX",Dr. Pepper,,1.99,Marble Slab Creamery,"dessert, desserts, ice cream, frozen yogurt, cake, catering",29.775552,-95.382718
"Houston, TX",Sprite,,1.99,Marble Slab Creamery,"dessert, desserts, ice cream, frozen yogurt, cake, catering",29.775552,-95.382718
"Houston, TX",Bottle Water,,1.99,Marble Slab Creamery,"dessert, desserts, ice cream, frozen yogurt, cake, catering",29.775552,-95.382718
"Houston, TX",Pints,Choose your flavor of ice cream with up to three toppings,9.99,Marble Slab Creamery,"dessert, desserts, ice cream, frozen yogurt, cake, catering",29.775552,-95.382718
"Houston, TX",Quarts,Choose your flavor of ice cream and up to three toppings,13.99,Marble Slab Creamery,"dessert, desserts, ice cream, frozen yogurt, cake, catering",29.775552,-95.382718
"Houston, TX",Fang-tastic Rita,"Made with Lunazul Blanco Tequila, triple sec, blood orange syrup & topped with a set of black fangs. It's just what we need this spooky season. Stop by for one or two, it's only $6!",6.0,Chili's Grill & Bar,Chicken Tenders Burgers Ribs Fajitas & More,29.7763336,-95.3834445
"Houston, TX",Maker's Mark-a-Rita,"Equal parts Maker's Mark Whiskey, Lunazul Blanco Tequila and Chili's fresh sour. Served in a rocks glass and garnished with an orange wedge and lime wedge.",6.0,Chili's Grill & Bar,Chicken Tenders Burgers Ribs Fajitas & More,29.7763336,-95.3834445
"Houston, TX",Hummus,"Served with carrots, celery, cucumber and grilled pita.",5.0,Chatter's Cafe,"Cafes, Breakfast, American (New), Sandwich, Lunch, Catering",29.768141,-95.3975717
"Houston, TX",Fried Calamari,With house made marinara & spicy remoulade.,9.0,Chatter's Cafe,"Cafes, Breakfast, American (New), Sandwich, Lunch, Catering",29.768141,-95.3975717
"Houston, TX",Chatter Burger,1/2 lb. Angus beef with our own Chatter’s spread.,9.25,Chatter's Cafe,"Cafes, Breakfast, American (New), Sandwich, Lunch, Catering",29.768141,-95.3975717
"Houston, TX",California Burger,"Charbroiled chicken breast, avocado, provolone, bacon andmayo.",11.0,Chatter's Cafe,"Cafes, Breakfast, American (New), Sandwich, Lunch, Catering",29.768141,-95.3975717
"Houston, TX",Garden Veggie Burger,"A healthy blend of vegetables, grains and spices with provolone,avocado and roasted garlic aioli.",9.25,Chatter's Cafe,"Cafes, Breakfast, American (New), Sandwich, Lunch, Catering",29.768141,-95.3975717
"Houston, TX",Grilled Chicken Kabob,"Served with Mediterranean rice, seasonal vegetables and St. George sauce.",14.0,Chatter's Cafe,"Cafes, Breakfast, American (New), Sandwich, Lunch, Catering",29.768141,-95.3975717
"Houston, TX",Gyros Plate,"Slices of slow-roasted blend of seasoned lamb & beef, Greciansauce, sliced tomatoes and red onion served with fresh cut friesand grilled pita.",13.0,Chatter's Cafe,"Cafes, Breakfast, American (New), Sandwich, Lunch, Catering",29.768141,-95.3975717
"Houston, TX",Aegean Grill,"Gyros, charbroiled chicken, Mediterranean rice, Grecian sauce and seasonal vegetables.",14.0,Chatter's Cafe,"Cafes, Breakfast, American (New), Sandwich, Lunch, Catering",29.768141,-95.3975717
"Houston, TX",Mediterranean Salad,"Gyros meat, tomato, cucumber, garbanzo beans, feta, Kalamataolives, red onion and stuffed grape leaves",13.0,Chatter's Cafe,"Cafes, Breakfast, American (New), Sandwich, Lunch, Catering",29.768141,-95.3975717
"Houston, TX",Tuscan Pasta Salad,"Penne with basil pesto, olive salad and sundried tomatoes overmixed greens.",9.0,Chatter's Cafe,"Cafes, Breakfast, American (New), Sandwich, Lunch, Catering",29.768141,-95.3975717
"Houston, TX",White Rice (M),,0.99,7 Spice Cajun Seafood,"Seafood, Chicken, Dinner",29.7132791,-95.3139672
"Houston, TX",White Rice (L),,1.99,7 Spice Cajun Seafood,"Seafood, Chicken, Dinner",29.7132791,-95.3139672
"Houston, TX",2 Fish* & 6 Shrimp,Your choice of catfish or tilapia with 6 butterfly shrimps.* WE USE MEKONG CATFISH. CAUTION: MAY CONTAIN FISH BONES.,17.99,7 Spice Cajun Seafood,"Seafood, Chicken, Dinner",29.7132791,-95.3139672
"Houston, TX",1 Fish* & 9 Shrimp,Your choice of catfish or tilapia with 9 butterfly shrimps.* WE USE MEKONG CATFISH. CAUTION: MAY CONTAIN FISH BONES.,16.99,7 Spice Cajun Seafood,"Seafood, Chicken, Dinner",29.7132791,-95.3139672
"Houston, TX",4 Tenders & 6 Shrimp,4 chicken tenders served combined with 6 Butterfly Shrimps,16.99,7 Spice Cajun Seafood,"Seafood, Chicken, Dinner",29.7132791,-95.3139672
"Houston, TX",3 Blackened Fish*,Your choice of catfish or tilapia* WE USE MEKONG CATFISH. CAUTION: MAY CONTAIN FISH BONES.,16.99,7 Spice Cajun Seafood,"Seafood, Chicken, Dinner",29.7132791,-95.3139672
"Houston, TX",Large Fried Crawfish Tails & Etouffee,Fried crawfish tails served with our famous étouffée on the side for the rice to be smothered to your liking,16.99,7 Spice Cajun Seafood,"Seafood, Chicken, Dinner",29.7132791,-95.3139672
"Houston, TX",9 Shrimp & Etouffee,9 (Fried or Blackened) shrimps served with our famous étouffée on the side for the rice to be smothered to your liking,16.99,7 Spice Cajun Seafood,"Seafood, Chicken, Dinner",29.7132791,-95.3139672
"Houston, TX",1 Lb. EZ Peel Shrimp,"Sold by the pound, you can choose your favorite 7Spice flavor for it.",17.99,7 Spice Cajun Seafood,"Seafood, Chicken, Dinner",29.7132791,-95.3139672
"Houston, TX",1/2 Lb. Snow Crab,"1/2 Lb. Snow Crab, you can choose your favorite 7Spice flavor for it.",19.49,7 Spice Cajun Seafood,"Seafood, Chicken, Dinner",29.7132791,-95.3139672
"Houston, TX",James Cheeseburger,"Cheeseburger, Reg fries or tots, Reg Fountain drink.",11.99,JCI Grill,"Burger, American, James Coney Island",29.8259513,-95.3795323
"Houston, TX",Jack o'lantern Pizza,Jack o'lantern Pizza,17.99,Papa Johns,"Pizza, Italian, Chicken Wings",29.7478464,-95.3272023
"Houston, TX",Jack o'lantern,Jack o'lantern,17.99,Papa Johns,"Pizza, Italian, Chicken Wings",29.7478464,-95.3272023
"Houston, TX",Epic Pepperoni-Stuffed Crust Pepperoni Pizza,Epic Pepperoni-Stuffed Crust Pepperoni Pizza,21.68,Papa Johns,"Pizza, Italian, Chicken Wings",29.7478464,-95.3272023
"Houston, TX",Passion Mango,,3.45,Common Bond Bistro & Bakery,"Lunch, Pastries, Breakfast, Cookies, Biscuits & Gravy, Sandwiches, Croissant, Cafes, Sweets, Latte",29.7429809,-95.40232
"Houston, TX",White Chocolate Apple Blondies,pack of 3,10.35,Common Bond Bistro & Bakery,"Lunch, Pastries, Breakfast, Cookies, Biscuits & Gravy, Sandwiches, Croissant, Cafes, Sweets, Latte",29.7429809,-95.40232
"Houston, TX",Cranberry Orange Scone,,3.74,Common Bond Bistro & Bakery,"Lunch, Pastries, Breakfast, Cookies, Biscuits & Gravy, Sandwiches, Croissant, Cafes, Sweets, Latte",29.7429809,-95.40232
"Houston, TX",Peanut Butter Chip,"A total peanut butter stunner. Our soft, sweet peanut butter cookie filled with creamy peanut butter chips.",2.75,Insomnia Cookies,"Cookies, Dessert, Chocolate chip cookie, Snacks, Snacks & Sweets, Fast Food, Sweets",29.7177358,-95.417969
"Houston, TX",Gluten Free Chocolate Chip,"A vegan and gluten-free spin on a classic Chocolate Chip cookie. While made without animal byproducts or ingredients containing gluten, Insomniacs with serious dietary restrictions should always play it safe. All products are prepped in the same facility, so exposure to common food allergens, while limited, is possible.",2.75,Insomnia Cookies,"Cookies, Dessert, Chocolate chip cookie, Snacks, Snacks & Sweets, Fast Food, Sweets",29.7177358,-95.417969
"Houston, TX",Double Chocolate Chunk,"Our dark chocolate cookie is taken to its drool-worthy peak with chunks of smooth, melty milk chocolate.",2.75,Insomnia Cookies,"Cookies, Dessert, Chocolate chip cookie, Snacks, Snacks & Sweets, Fast Food, Sweets",29.7177358,-95.417969
"Houston, TX",Double Chocolate Mint,Our take on a favorite flavor combo. A warm dark chocolate cookie with mint chips and chunks of milk chocolate.,2.75,Insomnia Cookies,"Cookies, Dessert, Chocolate chip cookie, Snacks, Snacks & Sweets, Fast Food, Sweets",29.7177358,-95.417969
"Houston, TX",Whole Milk,Looking for whole milk and nothing but the milk? We've got you covered with an icy-cold bottle of whole milk.,4.25,Insomnia Cookies,"Cookies, Dessert, Chocolate chip cookie, Snacks, Snacks & Sweets, Fast Food, Sweets",29.7177358,-95.417969
"Houston, TX",Gyu-Bento: Build Your Own Bento!,"The closest you can get to the Gyu-Kaku yakiniku experience without grilling the meat yourself. Customize your meal! Select two proteins, two marinades, two sides, and rice portion. Includes Miso Soup, White Rice, and Half Gyu-Kaku Salad.",18.95,Gyu-Kaku Japanese BBQ,Japanese  Restaurant,29.750596,-95.3753185
"Houston, TX",Umakara Beef Bowl,Thin-sliced Yakishabu beef marinated in our sweet & spicy Umakara sauce with sliced onions on a bed of white rice and shredded cabbage. Topped with chopped green onions and sesame seeds.,12.45,Gyu-Kaku Japanese BBQ,Japanese  Restaurant,29.750596,-95.3753185
"Houston, TX",Sukiyaki Fried Rice with Beef Bowl,"Our signature thin-sliced Sukiyaki-marinated beef stir-fried with white rice, egg yolk, mushrooms, and sliced onions. Topped with diced red bell peppers, chopped green onions, and sesame seeds.",12.45,Gyu-Kaku Japanese BBQ,Japanese  Restaurant,29.750596,-95.3753185
"Houston, TX",Fried Chicken Karaage Bowl,Japanese Fried Chicken Karaage on a bed of white rice and shredded cabbage. Topped with Japanese Chili Mayo and chopped green onions.,12.45,Gyu-Kaku Japanese BBQ,Japanese  Restaurant,29.750596,-95.3753185
"Houston, TX",Garlic Fried Rice Bowl,"Our Garlic Fried Rice features white rice stir-fried with egg yolk, sliced onions, sliced garlic. Seasoned with a combination of our Shio Soy Sauce, butter, sesame oil, and black pepper. Topped with chopped green onions and fried garlic chips.",9.95,Gyu-Kaku Japanese BBQ,Japanese  Restaurant,29.750596,-95.3753185
"Houston, TX",Beyond Bibimbap Bowl,"Our beloved Sukiyaki Bibimbap goes BEYOND. 100% plant-based Beyond Beef is marinated in our secret Sukiyaki sauce and stir fried with mushrooms, diced red bell peppers, and sliced white onions. Served over rice. Topped with chopped green onions and sesame seeds. Also contains butter and sesame oil. Picture for visualization purposes only. Beyond Bibimbap will arrive pre-mixed.",12.45,Gyu-Kaku Japanese BBQ,Japanese  Restaurant,29.750596,-95.3753185
"Houston, TX",Garlic Noodles with Chicken,"Thick Japanese noodles stir-fried with chicken, sliced garlic, butter, and soy sauce. Topped with diced red bell peppers, chopped green onions, and sesame seeds.",12.0,Gyu-Kaku Japanese BBQ,Japanese  Restaurant,29.750596,-95.3753185
"Houston, TX",Spicy Beef Ramen,"Gyu-Kaku original recipe: Japanese BBQ meets Ramen! Rich kalbi beef soup and medium thickness ramen noodles topped with thin-sliced beef, boiled egg, green onions, spinach, daikon radish, and sesame seeds. Ramen noodles and hot soup are packaged separately to maintain their maximum deliciousness. Please reheat soup in the microwave (if necessary) and pour over noodles.",11.0,Gyu-Kaku Japanese BBQ,Japanese  Restaurant,29.750596,-95.3753185
"Houston, TX",Garlic Noodles with Crunchy Garlic Shrimp,"Crunchy Garlic Shrimp atop thick Japanese noodles stir-fried with sliced garlic, butter, and soy sauce. Topped with diced red bell peppers, chopped green onions, and sesame seeds.",13.0,Gyu-Kaku Japanese BBQ,Japanese  Restaurant,29.750596,-95.3753185
"Houston, TX",Tonkotsu Kakuni Ramen,"Our Tonkotsu pork bone ramen comes with chunky, fatty braised pork belly Kakuni chashu and is topped with hard-boiled egg, chopped green onions, diced red bell peppers, and sesame seeds. Ramen noodles and hot soup are packaged separately to maintain their maximum deliciousness. Please reheat soup in the microwave (if necessary) and pour over noodles.",11.0,Gyu-Kaku Japanese BBQ,Japanese  Restaurant,29.750596,-95.3753185
"Houston, TX",Miso Yaki-Udon,"Thick, chewy udon noodles stir-fried with pork belly in our special miso-based sauce. Includes sliced mushrooms, onions, broccoli, shredded cabbage, chopped red bell peppers, and green onions. Finished with bonito flakes and a dash of sesame seeds.",11.0,Gyu-Kaku Japanese BBQ,Japanese  Restaurant,29.750596,-95.3753185
"Houston, TX",Goma Negi Shio Ramen,"Beef and shio-based soup with medium-thick ramen noodles and thick braised pork belly Kakuni chashu. Toppings also include boiled egg, green onion, and sesame seeds. Ramen noodles and hot soup are packaged separately to maintain their maximum deliciousness. Please reheat soup in the microwave (if necessary) and pour over noodles.",11.0,Gyu-Kaku Japanese BBQ,Japanese  Restaurant,29.750596,-95.3753185
"Houston, TX",MEGA Garlic Noodles with Chicken,"A TRIPLE SERVING of our Crowd Favorite: Mega Garlic Noodles with Chicken. Serves 3-5 people. Thick Japanese noodles stir-fried with chicken, sliced garlic, butter, and soy sauce. Topped with diced red bell peppers, chopped green onions, and sesame seeds.",29.45,Gyu-Kaku Japanese BBQ,Japanese  Restaurant,29.750596,-95.3753185
"Houston, TX",Mega Sukiyaki Fried Rice with Beef,"A TRIPLE SERVING of our Crowd Favorite: Sukiyaki Fried Rice with Beef. Serves 3-5 people. Our signature thin-sliced Sukiyaki-marinated beef stir-fried with white rice, egg yolk, mushrooms, and sliced onions. Topped with diced red bell peppers, chopped green Onions, and sesame seeds.",29.45,Gyu-Kaku Japanese BBQ,Japanese  Restaurant,29.750596,-95.3753185
"Houston, TX",Half Gyu-Kaku Salad,"Mixed greens, sliced cucumber, cherry tomatoes, and diced red bell pepper. Topped with a boiled egg (sliced), shredded daikon radish, and shredded cabbage. Served with Gyu-Kaku Dressing on the side.",5.45,Gyu-Kaku Japanese BBQ,Japanese  Restaurant,29.750596,-95.3753185
"Houston, TX",Single S'more,"A single S'more pre-softened, wrapped-up, and ready to eat! Graham Cracker, marshmallow, and milk chocolate.",1.95,Gyu-Kaku Japanese BBQ,Japanese  Restaurant,29.750596,-95.3753185
"Houston, TX",Gyu-Combo: 2 Choice of Protein,"The closest you can get to the Gyu-Kaku yakiniku experience without grilling the meat yourself. Customize your meal! Select two proteins as single or double portions, two marinades, and rice portion. Includes Miso Soup, White Rice, and a Set Salad.",14.0,Gyu-Kaku Japanese BBQ,Japanese  Restaurant,29.750596,-95.3753185
"Houston, TX",Gyu-Combo: 3 Choice of Protein,"The closest you can get to the Gyu-Kaku yakiniku experience without grilling the meat yourself. Customize your meal! Select three proteins as single or double portions, three marinades, and rice portion. Includes Miso Soup, White Rice, and a Set Salad.",18.0,Gyu-Kaku Japanese BBQ,Japanese  Restaurant,29.750596,-95.3753185
"Houston, TX",Umakara Beef Rice Bowl,Thin-sliced Yakishabu beef marinated in our sweet & spicy Umakara sauce with sliced onions on a bed of white rice and shredded cabbage. Topped with chopped green onions and sesame seeds.,13.0,Gyu-Kaku Japanese BBQ,Japanese  Restaurant,29.750596,-95.3753185
"Houston, TX",Beef Sukiyaki Fried Rice Bowl,"Our signature thin-sliced Sukiyaki-marinated beef stir-fried with white rice, egg yolk, mushrooms, and sliced onions. Topped with diced red bell peppers, chopped green onions, and sesame seeds.",13.0,Gyu-Kaku Japanese BBQ,Japanese  Restaurant,29.750596,-95.3753185
"Houston, TX",Fried Chicken Karaage Rice Bowl,Japanese Fried Chicken Karaage on a bed of white rice and shredded cabbage. Topped with Japanese Chili Mayo and chopped green onions.,13.0,Gyu-Kaku Japanese BBQ,Japanese  Restaurant,29.750596,-95.3753185
"Houston, TX",Garlic Fried Rice Bowl,"Our Garlic Fried Rice features white rice stir-fried with egg yolk, sliced onions, sliced garlic. Seasoned with a combination of our Shio Soy Sauce, butter, sesame oil, and black pepper. Topped with chopped green onions and fried garlic chips.",10.5,Gyu-Kaku Japanese BBQ,Japanese  Restaurant,29.750596,-95.3753185
"Houston, TX",Beyond Beef Rice Bowl,"Our beloved Sukiyaki Bibimbap goes BEYOND. 100% plant-based Beyond Beef is marinated in our secret Sukiyaki sauce and stir fried with mushrooms, diced red bell peppers, and sliced white onions. Served over rice. Topped with chopped green onions and sesame seeds. Also contains butter and sesame oil. Picture for visualization purposes only. Beyond Bibimbap will arrive pre-mixed.",13.0,Gyu-Kaku Japanese BBQ,Japanese  Restaurant,29.750596,-95.3753185
"Houston, TX",Garlic Shoyu Chicken Noodles,"Thick Japanese noodles stir-fried with chicken, sliced garlic, butter, and soy sauce. Topped with diced red bell peppers, chopped green onions, and sesame seeds.",13.0,Gyu-Kaku Japanese BBQ,Japanese  Restaurant,29.750596,-95.3753185
"Houston, TX",Roast Beef Rice Bowl,"Premium roast beef on a bed of mixed greens and steamed rice. Topped with white and green onions, Signature soy-based barbecue sauce, and kuki wasabi.",14.0,Gyu-Kaku Japanese BBQ,Japanese  Restaurant,29.750596,-95.3753185
"Houston, TX",Spicy Beef Rice Bowl,"Beef rib meat and rice dowsed in our signature Umakara Sauce and mixed with an assortment of bell pepper, shishito pepper, and corn, then garnished with sesame, green onions, and chili flakes.",13.0,Gyu-Kaku Japanese BBQ,Japanese  Restaurant,29.750596,-95.3753185
"Houston, TX",Crunchy Garlic Shrimp Noodles,"Crunchy Garlic Shrimp atop thick Japanese noodles stir-fried with sliced garlic, crunchy chili garlic oil, butter, and soy sauce. Topped with diced red bell peppers, chopped green onions, and sesame seeds. Mildly spicy.",14.0,Gyu-Kaku Japanese BBQ,Japanese  Restaurant,29.750596,-95.3753185
"Houston, TX",Spicy Beef Ramen,"Gyu-Kaku original recipe: Japanese BBQ meets Ramen! Rich kalbi beef soup and medium thickness ramen noodles topped with thin-sliced beef, boiled egg, green onions, spinach, daikon radish, and sesame seeds. Ramen noodles and hot soup are packaged separately to maintain their maximum deliciousness. Please reheat soup in the microwave (if necessary) and pour over noodles.",12.0,Gyu-Kaku Japanese BBQ,Japanese  Restaurant,29.750596,-95.3753185
"Houston, TX",Halloween Half Dozen,"Includes Dashing Pumpkin, Spiderweb Ring, Halloween Sprinkle Cake, Frankenstein Bar, Diablos Rex, and a Mummy Voodoo Doll",15.0,Voodoo Doughnut,World-famous classic and unconventional donuts.,29.7446987,-95.3939142
"Houston, TX",Frankenstein Bar,Bar dipped in green vanilla and poked with a pretzel,3.75,Voodoo Doughnut,World-famous classic and unconventional donuts.,29.7446987,-95.3939142
"Houston, TX",Tonkotsu Ramen,"Our Tonkotsu pork bone ramen comes with chunky, fatty braised pork belly Kakuni chashu and is topped with hard-boiled egg, chopped green onions, diced red bell peppers, and sesame seeds. Ramen noodles and hot soup are packaged separately to maintain their maximum deliciousness. Please reheat soup in the microwave (if necessary) and pour over noodles.",12.0,Gyu-Kaku Japanese BBQ,Japanese  Restaurant,29.750596,-95.3753185
"Houston, TX",Goma Negi Shio Ramen,"Beef and shio-based soup with medium-thick ramen noodles and thick braised pork belly Kakuni chashu. Toppings also include boiled egg, green onion, and sesame seeds. Ramen noodles and hot soup are packaged separately to maintain their maximum deliciousness. Please reheat soup in the microwave (if necessary) and pour over noodles.",12.0,Gyu-Kaku Japanese BBQ,Japanese  Restaurant,29.750596,-95.3753185
"Houston, TX",MEGA Garlic Shoyu Chicken Noodles,"A TRIPLE SERVING of our Crowd Favorite: Mega Garlic Noodles with Chicken. Serves 3-5 people. Thick Japanese noodles stir-fried with chicken, sliced garlic, butter, and soy sauce. Topped with diced red bell peppers, chopped green onions, and sesame seeds.",29.95,Gyu-Kaku Japanese BBQ,Japanese  Restaurant,29.750596,-95.3753185
"Houston, TX",MEGA Beef Sukiyaki Fried Rice,"A TRIPLE SERVING of our Crowd Favorite: Sukiyaki Fried Rice with Beef. Serves 3-5 people. Our signature thin-sliced Sukiyaki-marinated beef stir-fried with white rice, egg yolk, mushrooms, and sliced onions. Topped with diced red bell peppers, chopped green Onions, and sesame seeds.",29.95,Gyu-Kaku Japanese BBQ,Japanese  Restaurant,29.750596,-95.3753185
"Houston, TX",S'mores,"Two S'mores pre-softened, wrapped-up, and ready to eat! Graham Cracker, marshmallow, and milk chocolate.",4.0,Gyu-Kaku Japanese BBQ,Japanese  Restaurant,29.750596,-95.3753185
"Houston, TX",Miso Soup,"A comforting cup of our classic miso soup with seaweed, tofu, and chopped green onions.",3.95,Gyu-Kaku Japanese BBQ,Japanese  Restaurant,29.750596,-95.3753185
"Houston, TX",AVOCOLADA ™,"avocado, pineapple, spinach, kale, coconut & lime",8.99,Tropical Smoothie Cafe,"Smoothies, Sandwiches, Wraps, Salads, Chicken, Cafe",29.7675136,-95.3915905
"Houston, TX",ACAI BERRY BOOST,"acai, pomegranate, banana, blueberries & strawberries ",8.99,Tropical Smoothie Cafe,"Smoothies, Sandwiches, Wraps, Salads, Chicken, Cafe",29.7675136,-95.3915905
"Houston, TX",CHIA BANANA BOOST ®,"banana, chia seeds, almonds, whole-grain oats, cinnamon, dates & coconut with choice of peanut butter or strawberries",8.99,Tropical Smoothie Cafe,"Smoothies, Sandwiches, Wraps, Salads, Chicken, Cafe",29.7675136,-95.3915905
"Houston, TX",PEANUT PARADISE ™,"peanut butter, banana, non-fat yogurt & choice of protein",8.99,Tropical Smoothie Cafe,"Smoothies, Sandwiches, Wraps, Salads, Chicken, Cafe",29.7675136,-95.3915905
"Houston, TX",LEAN MACHINE ™,"strawberries, banana, fat burner & energizer",8.99,Tropical Smoothie Cafe,"Smoothies, Sandwiches, Wraps, Salads, Chicken, Cafe",29.7675136,-95.3915905
"Houston, TX",TRIPLE BERRY OAT ™,"strawberries, blueberries, cranberry, multivitamin, ground flaxseed, whole-grain oats, whey protein & Splenda® ",8.99,Tropical Smoothie Cafe,"Smoothies, Sandwiches, Wraps, Salads, Chicken, Cafe",29.7675136,-95.3915905
"Houston, TX",PEANUT BUTTER CUP ™,"peanut butter, banana & chocolate ",8.99,Tropical Smoothie Cafe,"Smoothies, Sandwiches, Wraps, Salads, Chicken, Cafe",29.7675136,-95.3915905
"Houston, TX",Orange Chicken,,16.25,Kim Son Restaurant,"Chinese, Asian, Buffets, Dim Sum, Vietnamese, Pickup, Takeout",29.7458523,-95.3602462
"Houston, TX",BEACH BUM ™,"strawberries, banana & chocolate",8.99,Tropical Smoothie Cafe,"Smoothies, Sandwiches, Wraps, Salads, Chicken, Cafe",29.7675136,-95.3915905
"Houston, TX",Vietnamese Egg Roll,,11.95,Kim Son Restaurant,"Chinese, Asian, Buffets, Dim Sum, Vietnamese, Pickup, Takeout",29.7458523,-95.3602462
"Houston, TX",Shrimp & Pork Spring Rolls,,10.5,Kim Son Restaurant,"Chinese, Asian, Buffets, Dim Sum, Vietnamese, Pickup, Takeout",29.7458523,-95.3602462
"Houston, TX",Veggie Egg Roll,,11.95,Kim Son Restaurant,"Chinese, Asian, Buffets, Dim Sum, Vietnamese, Pickup, Takeout",29.7458523,-95.3602462
"Houston, TX",Veggie Spring Roll,,10.5,Kim Son Restaurant,"Chinese, Asian, Buffets, Dim Sum, Vietnamese, Pickup, Takeout",29.7458523,-95.3602462
"Houston, TX",Crab Rangoons,,10.25,Kim Son Restaurant,"Chinese, Asian, Buffets, Dim Sum, Vietnamese, Pickup, Takeout",29.7458523,-95.3602462
"Houston, TX",Kim Son Sampler,,15.75,Kim Son Restaurant,"Chinese, Asian, Buffets, Dim Sum, Vietnamese, Pickup, Takeout",29.7458523,-95.3602462
"Houston, TX",MOCHA MADNESS ™ ,"chocolate, coffee, cappuccino & non-fat yogurt",8.99,Tropical Smoothie Cafe,"Smoothies, Sandwiches, Wraps, Salads, Chicken, Cafe",29.7675136,-95.3915905
"Houston, TX",Lunch Ginger Salad,,6.25,Kim Son Restaurant,"Chinese, Asian, Buffets, Dim Sum, Vietnamese, Pickup, Takeout",29.7458523,-95.3602462
"Houston, TX",Lunch Chicken Pho,,11.95,Kim Son Restaurant,"Chinese, Asian, Buffets, Dim Sum, Vietnamese, Pickup, Takeout",29.7458523,-95.3602462
"Houston, TX",Lunch Eye Round Pho,,11.95,Kim Son Restaurant,"Chinese, Asian, Buffets, Dim Sum, Vietnamese, Pickup, Takeout",29.7458523,-95.3602462
"Houston, TX",Lunch Grilled Chicken Salad,,13.95,Kim Son Restaurant,"Chinese, Asian, Buffets, Dim Sum, Vietnamese, Pickup, Takeout",29.7458523,-95.3602462
"Houston, TX",Lunch Grilled Beef Salad,,14.95,Kim Son Restaurant,"Chinese, Asian, Buffets, Dim Sum, Vietnamese, Pickup, Takeout",29.7458523,-95.3602462
"Houston, TX",1/2 Shrimp & Pork Spring Roll,,5.5,Kim Son Restaurant,"Chinese, Asian, Buffets, Dim Sum, Vietnamese, Pickup, Takeout",29.7458523,-95.3602462
"Houston, TX",Grilled Shrimp Salad,,15.95,Kim Son Restaurant,"Chinese, Asian, Buffets, Dim Sum, Vietnamese, Pickup, Takeout",29.7458523,-95.3602462
"Houston, TX",SUNRISE SUNSET ™,"strawberries, pineapple, mango & orange juice",8.09,Tropical Smoothie Cafe,"Smoothies, Sandwiches, Wraps, Salads, Chicken, Cafe",29.7675136,-95.3915905
"Houston, TX",Lunch Saigon Egg Noodle Soup,,13.25,Kim Son Restaurant,"Chinese, Asian, Buffets, Dim Sum, Vietnamese, Pickup, Takeout",29.7458523,-95.3602462
"Houston, TX",Lunch General Tso's Chicken,,11.95,Kim Son Restaurant,"Chinese, Asian, Buffets, Dim Sum, Vietnamese, Pickup, Takeout",29.7458523,-95.3602462
"Houston, TX",Lunch Sweet & Sour Chicken,,11.95,Kim Son Restaurant,"Chinese, Asian, Buffets, Dim Sum, Vietnamese, Pickup, Takeout",29.7458523,-95.3602462
"Houston, TX",Lunch Sesame Chicken,,11.95,Kim Son Restaurant,"Chinese, Asian, Buffets, Dim Sum, Vietnamese, Pickup, Takeout",29.7458523,-95.3602462
"Houston, TX",Lunch Curry Chicken,,11.95,Kim Son Restaurant,"Chinese, Asian, Buffets, Dim Sum, Vietnamese, Pickup, Takeout",29.7458523,-95.3602462
"Houston, TX",Lunch Chicken Broccoli,,11.95,Kim Son Restaurant,"Chinese, Asian, Buffets, Dim Sum, Vietnamese, Pickup, Takeout",29.7458523,-95.3602462
"Houston, TX",PARADISE POINT ™,"strawberries, banana & pineapple",8.09,Tropical Smoothie Cafe,"Smoothies, Sandwiches, Wraps, Salads, Chicken, Cafe",29.7675136,-95.3915905
"Houston, TX",Lunch Chicken Lo-Mein,,12.95,Kim Son Restaurant,"Chinese, Asian, Buffets, Dim Sum, Vietnamese, Pickup, Takeout",29.7458523,-95.3602462
"Houston, TX",Lunch Hunan Chicken,,11.95,Kim Son Restaurant,"Chinese, Asian, Buffets, Dim Sum, Vietnamese, Pickup, Takeout",29.7458523,-95.3602462
"Houston, TX",Lunch Kung Pao Chicken,,11.95,Kim Son Restaurant,"Chinese, Asian, Buffets, Dim Sum, Vietnamese, Pickup, Takeout",29.7458523,-95.3602462
"Houston, TX",Lunch Pepper Chicken,,11.95,Kim Son Restaurant,"Chinese, Asian, Buffets, Dim Sum, Vietnamese, Pickup, Takeout",29.7458523,-95.3602462
"Houston, TX",Lunch Moo Goo Gai Pan,,11.95,Kim Son Restaurant,"Chinese, Asian, Buffets, Dim Sum, Vietnamese, Pickup, Takeout",29.7458523,-95.3602462
"Houston, TX",Lunch Pork Lomein,,12.95,Kim Son Restaurant,"Chinese, Asian, Buffets, Dim Sum, Vietnamese, Pickup, Takeout",29.7458523,-95.3602462
"Houston, TX",POMEGRANATE PLUNGE ™,"pomegranate, banana, cranberry & strawberries",8.09,Tropical Smoothie Cafe,"Smoothies, Sandwiches, Wraps, Salads, Chicken, Cafe",29.7675136,-95.3915905
"Houston, TX",Lunch Beef Broccoli,,12.95,Kim Son Restaurant,"Chinese, Asian, Buffets, Dim Sum, Vietnamese, Pickup, Takeout",29.7458523,-95.3602462
"Houston, TX",Lunch Pepper Steak,,12.95,Kim Son Restaurant,"Chinese, Asian, Buffets, Dim Sum, Vietnamese, Pickup, Takeout",29.7458523,-95.3602462
"Houston, TX",Lunch Beef & Straw Mushrooms,,12.95,Kim Son Restaurant,"Chinese, Asian, Buffets, Dim Sum, Vietnamese, Pickup, Takeout",29.7458523,-95.3602462
"Houston, TX",Lunch Hunan Beef,,12.95,Kim Son Restaurant,"Chinese, Asian, Buffets, Dim Sum, Vietnamese, Pickup, Takeout",29.7458523,-95.3602462
"Houston, TX",Lunch Beef & Snow Pea,,12.95,Kim Son Restaurant,"Chinese, Asian, Buffets, Dim Sum, Vietnamese, Pickup, Takeout",29.7458523,-95.3602462
"Houston, TX",Lunch Beef & Vegetables,,12.95,Kim Son Restaurant,"Chinese, Asian, Buffets, Dim Sum, Vietnamese, Pickup, Takeout",29.7458523,-95.3602462
"Houston, TX",Lunch Beef Lomein,,14.5,Kim Son Restaurant,"Chinese, Asian, Buffets, Dim Sum, Vietnamese, Pickup, Takeout",29.7458523,-95.3602462
"Houston, TX",Lunch General Tso's Shrimp,,13.95,Kim Son Restaurant,"Chinese, Asian, Buffets, Dim Sum, Vietnamese, Pickup, Takeout",29.7458523,-95.3602462
"Houston, TX",Lunch Shrimp & Lobster Sauce,,13.95,Kim Son Restaurant,"Chinese, Asian, Buffets, Dim Sum, Vietnamese, Pickup, Takeout",29.7458523,-95.3602462
"Houston, TX",Lunch Shrimp & Vegetables,,13.95,Kim Son Restaurant,"Chinese, Asian, Buffets, Dim Sum, Vietnamese, Pickup, Takeout",29.7458523,-95.3602462
"Houston, TX",Lunch Kung Pao Shrimp,,13.95,Kim Son Restaurant,"Chinese, Asian, Buffets, Dim Sum, Vietnamese, Pickup, Takeout",29.7458523,-95.3602462
"Houston, TX",Lunch Sesame Shrimp,,13.95,Kim Son Restaurant,"Chinese, Asian, Buffets, Dim Sum, Vietnamese, Pickup, Takeout",29.7458523,-95.3602462
"Houston, TX",Lunch Shrimp & Snow Pea,,13.95,Kim Son Restaurant,"Chinese, Asian, Buffets, Dim Sum, Vietnamese, Pickup, Takeout",29.7458523,-95.3602462
"Houston, TX",Lunch Shrimp Lo-Mein,,14.5,Kim Son Restaurant,"Chinese, Asian, Buffets, Dim Sum, Vietnamese, Pickup, Takeout",29.7458523,-95.3602462
"Houston, TX",MANGO MAGIC ™,"mango, pineapple & non-fat yogurt ",8.09,Tropical Smoothie Cafe,"Smoothies, Sandwiches, Wraps, Salads, Chicken, Cafe",29.7675136,-95.3915905
"Houston, TX",Lunch Hunan Shrimp,,13.95,Kim Son Restaurant,"Chinese, Asian, Buffets, Dim Sum, Vietnamese, Pickup, Takeout",29.7458523,-95.3602462
"Houston, TX",Lunch Mama La's Deluxe Combo,,17.95,Kim Son Restaurant,"Chinese, Asian, Buffets, Dim Sum, Vietnamese, Pickup, Takeout",29.7458523,-95.3602462
"Houston, TX",Lunch Grill Chicken & Shrimp Combo,,13.95,Kim Son Restaurant,"Chinese, Asian, Buffets, Dim Sum, Vietnamese, Pickup, Takeout",29.7458523,-95.3602462
"Houston, TX",BLIMEY LIMEY ™,"strawberries, pineapple, orange juice & lime ",8.09,Tropical Smoothie Cafe,"Smoothies, Sandwiches, Wraps, Salads, Chicken, Cafe",29.7675136,-95.3915905
"Houston, TX",Lunch Grill Chicken & Beef Combo,,12.95,Kim Son Restaurant,"Chinese, Asian, Buffets, Dim Sum, Vietnamese, Pickup, Takeout",29.7458523,-95.3602462
"Houston, TX",JETTY PUNCH ™,strawberries & banana,8.09,Tropical Smoothie Cafe,"Smoothies, Sandwiches, Wraps, Salads, Chicken, Cafe",29.7675136,-95.3915905
"Houston, TX",Lunch Grilled Shrimp & Beef Combo,,14.5,Kim Son Restaurant,"Chinese, Asian, Buffets, Dim Sum, Vietnamese, Pickup, Takeout",29.7458523,-95.3602462
"Houston, TX",KIWI QUENCHER ®,"kiwi, strawberries & non-fat yogurt",8.09,Tropical Smoothie Cafe,"Smoothies, Sandwiches, Wraps, Salads, Chicken, Cafe",29.7675136,-95.3915905
"Houston, TX",AVOCOLADA™,"avocado, pineapple, spinach, kale, coconut & lime",8.99,Tropical Smoothie Cafe,"Smoothies, Sandwiches, Wraps, Salads, Chicken, Cafe",29.7675136,-95.3915905
"Houston, TX",Lunch Killer Combo,,17.95,Kim Son Restaurant,"Chinese, Asian, Buffets, Dim Sum, Vietnamese, Pickup, Takeout",29.7458523,-95.3602462
"Houston, TX",Lunch Grill Lemongrass Chicken Vermicelli,,11.95,Kim Son Restaurant,"Chinese, Asian, Buffets, Dim Sum, Vietnamese, Pickup, Takeout",29.7458523,-95.3602462
"Houston, TX",ACAI BERRY BOOST™,"acai, pomegranate, banana, blueberries & strawberries ",8.99,Tropical Smoothie Cafe,"Smoothies, Sandwiches, Wraps, Salads, Chicken, Cafe",29.7675136,-95.3915905
"Houston, TX",Lunch Grill Honey Glazed Pork Vermicelli,,10.75,Kim Son Restaurant,"Chinese, Asian, Buffets, Dim Sum, Vietnamese, Pickup, Takeout",29.7458523,-95.3602462
"Houston, TX",CHIA BANANA BOOST®,"banana, chia seeds, almonds, whole-grain oats, cinnamon, dates & coconut with choice of peanut butter or strawberries",8.99,Tropical Smoothie Cafe,"Smoothies, Sandwiches, Wraps, Salads, Chicken, Cafe",29.7675136,-95.3915905
"Houston, TX",Lunch Pad Thai Noodles,,13.95,Kim Son Restaurant,"Chinese, Asian, Buffets, Dim Sum, Vietnamese, Pickup, Takeout",29.7458523,-95.3602462
"Houston, TX",Lunch Singapore Noodle,,14.95,Kim Son Restaurant,"Chinese, Asian, Buffets, Dim Sum, Vietnamese, Pickup, Takeout",29.7458523,-95.3602462
"Houston, TX",PEANUT PARADISE™,"peanut butter, banana, non-fat yogurt & choice of protein",8.99,Tropical Smoothie Cafe,"Smoothies, Sandwiches, Wraps, Salads, Chicken, Cafe",29.7675136,-95.3915905
"Houston, TX",Lunch Hong Kong Noodle,,17.5,Kim Son Restaurant,"Chinese, Asian, Buffets, Dim Sum, Vietnamese, Pickup, Takeout",29.7458523,-95.3602462
"Houston, TX",LEAN MACHINE™,"strawberries, banana, fat burner & energizer",8.99,Tropical Smoothie Cafe,"Smoothies, Sandwiches, Wraps, Salads, Chicken, Cafe",29.7675136,-95.3915905
"Houston, TX",Lunch Veggie Lomein,,12.95,Kim Son Restaurant,"Chinese, Asian, Buffets, Dim Sum, Vietnamese, Pickup, Takeout",29.7458523,-95.3602462
"Houston, TX",Lunch Deluxe Tofu,,11.95,Kim Son Restaurant,"Chinese, Asian, Buffets, Dim Sum, Vietnamese, Pickup, Takeout",29.7458523,-95.3602462
"Houston, TX",Lunch General Tso Tofu,,11.95,Kim Son Restaurant,"Chinese, Asian, Buffets, Dim Sum, Vietnamese, Pickup, Takeout",29.7458523,-95.3602462
"Houston, TX",Lunch Hunan Veggies,,11.95,Kim Son Restaurant,"Chinese, Asian, Buffets, Dim Sum, Vietnamese, Pickup, Takeout",29.7458523,-95.3602462
"Houston, TX",TRIPLE BERRY OAT™,"strawberries, blueberries, cranberry, multivitamin, ground flaxseed, whole-grain oats, whey protein & Splenda® ",8.99,Tropical Smoothie Cafe,"Smoothies, Sandwiches, Wraps, Salads, Chicken, Cafe",29.7675136,-95.3915905
"Houston, TX",PEANUT BUTTER CUP™,"peanut butter, banana & chocolate ",8.99,Tropical Smoothie Cafe,"Smoothies, Sandwiches, Wraps, Salads, Chicken, Cafe",29.7675136,-95.3915905
"Houston, TX",BEACH BUM™,"strawberries, banana & chocolate",8.99,Tropical Smoothie Cafe,"Smoothies, Sandwiches, Wraps, Salads, Chicken, Cafe",29.7675136,-95.3915905
"Houston, TX",MOCHA MADNESS™ ,"chocolate, coffee, cappuccino & non-fat yogurt",8.99,Tropical Smoothie Cafe,"Smoothies, Sandwiches, Wraps, Salads, Chicken, Cafe",29.7675136,-95.3915905
"Houston, TX",SUNRISE SUNSET™,"strawberries, pineapple, mango & orange juice",8.09,Tropical Smoothie Cafe,"Smoothies, Sandwiches, Wraps, Salads, Chicken, Cafe",29.7675136,-95.3915905
"Houston, TX",PARADISE POINT™,"strawberries, banana & pineapple",8.09,Tropical Smoothie Cafe,"Smoothies, Sandwiches, Wraps, Salads, Chicken, Cafe",29.7675136,-95.3915905
"Houston, TX",POMEGRANATE PLUNGE™,"pomegranate, banana, cranberry & strawberries",8.09,Tropical Smoothie Cafe,"Smoothies, Sandwiches, Wraps, Salads, Chicken, Cafe",29.7675136,-95.3915905
"Houston, TX",MANGO MAGIC™,"mango, pineapple & non-fat yogurt ",8.09,Tropical Smoothie Cafe,"Smoothies, Sandwiches, Wraps, Salads, Chicken, Cafe",29.7675136,-95.3915905
"Houston, TX",BLIMEY LIMEY™,"strawberries, pineapple, orange juice & lime ",8.09,Tropical Smoothie Cafe,"Smoothies, Sandwiches, Wraps, Salads, Chicken, Cafe",29.7675136,-95.3915905
"Houston, TX",JETTY PUNCH™,strawberries & banana,8.09,Tropical Smoothie Cafe,"Smoothies, Sandwiches, Wraps, Salads, Chicken, Cafe",29.7675136,-95.3915905
"Houston, TX",KIWI QUENCHER®,"kiwi, strawberries & non-fat yogurt",8.09,Tropical Smoothie Cafe,"Smoothies, Sandwiches, Wraps, Salads, Chicken, Cafe",29.7675136,-95.3915905
"Houston, TX",10. Gourmet,"Smoked salmon, goat cheese and balsamic glaze.",10.95,Gusto Gourmet,"Venezuelan, Mediterranean",29.7362742,-95.4108353
"Houston, TX",Hummus and Flatbread,"basil & preserved lemon hummus, tomatoes, vinegar carrots, flatbread",13.25,Brasil,"Breakfast, Coffee, Pizza, Burgers, Sandwiches",29.7426451,-95.4022586
"Houston, TX",Pepperoni,"tomato sauce, mozzarella",15.5,Brasil,"Breakfast, Coffee, Pizza, Burgers, Sandwiches",29.7426451,-95.4022586
"Houston, TX",Fig & Prosciutto Pizza,"mozzarella, garlic oil, parmesan, arugula",16.5,Brasil,"Breakfast, Coffee, Pizza, Burgers, Sandwiches",29.7426451,-95.4022586
"Houston, TX",Margherita,"garlic oil, cherry tomato, mozzarella, basil",15.5,Brasil,"Breakfast, Coffee, Pizza, Burgers, Sandwiches",29.7426451,-95.4022586
"Houston, TX",Sausage & Goat Cheese,"tomato sauce, mozzarella",16.5,Brasil,"Breakfast, Coffee, Pizza, Burgers, Sandwiches",29.7426451,-95.4022586
"Houston, TX",Chicken Verde,"grilled chicken, garlic oil, mozzarella, lemon, arugula",17.5,Brasil,"Breakfast, Coffee, Pizza, Burgers, Sandwiches",29.7426451,-95.4022586
"Houston, TX",Bangin' Pizza,"tomato sauce, fontina, shishitos, calabrian chilis, pepperoncinis, mozzarella",13.0,Brasil,"Breakfast, Coffee, Pizza, Burgers, Sandwiches",29.7426451,-95.4022586
"Houston, TX",Chili Crisp & Chicken,"grilled chicken, chili crisp (contains peanuts), banana peppers, mozzarella, arugula",17.5,Brasil,"Breakfast, Coffee, Pizza, Burgers, Sandwiches",29.7426451,-95.4022586
"Houston, TX",Kale & Artichoke Pizza,"artichoke hearts, ricotta, mozzarella, preserved lemon, olive oil",16.5,Brasil,"Breakfast, Coffee, Pizza, Burgers, Sandwiches",29.7426451,-95.4022586
"Houston, TX",Witches Brew Sour Apple Shake,,9.19,The Burger Joint,Burger Restaurant,29.7453953,-95.3911641
"Houston, TX",Turkey Burger,"Turkey patty, bacon, provolone cheese, crispy cornbread stuffing bites, red onions, baby arugula, herb aioli, & cranberry habanero jam.",13.79,The Burger Joint,Burger Restaurant,29.7453953,-95.3911641
"Houston, TX",Pumpkin Spice Shake,,8.04,The Burger Joint,Burger Restaurant,29.7453953,-95.3911641
"Houston, TX",Gulab Jaman,A traditional deep fried milk pastry served warm in a rosewater-honey syrup.,3.75,Tarka Indian Kitchen,Indian Cuisine,29.7331594,-95.4102219
"Houston, TX",Mango Cheesecake (GF),"Light & moist cheesecake, bursting with flavor from the king of fruits",5.25,Tarka Indian Kitchen,Indian Cuisine,29.7331594,-95.4102219
"Houston, TX",Passion Sunrise,Passion fruit popping boba with house-made strawberry lemonade. ,3.0,Poke Burri,"Donuts, Burritos, Poke",29.7485088,-95.378323
"Houston, TX",Banana Chia Pudding,"Chia seeds soaked overnight in oat milk and sweetened with raw cane sugar. (Gluten-free, vegan)",6.0,moonbowls - Healthy Korean Bowls,Korean Restaurant,29.7226889,-95.3704827
"Houston, TX",Royal Rocky Road Trip Blizzard® Treat,"Brownie pieces, peanuts, and cocoa fudge filled with marshmallow blended with creamy DQ® vanilla soft serve blended to Blizzard® perfection.",4.78,Dairy Queen,"DQ Cakes, Chicken Strip Baskets and Blizzard® Treats.",29.7029031,-95.3570336
"Houston, TX",Pork Belly Skewers,"sous vide pork, pineapple (2 pcs)",7.0,Hando,"Sushi Bars, Asian Fusion, Asian, Sushi, Japanese",29.7903602,-95.4030538
"Houston, TX",Kanpai Club (BLACK) - S,,20.0,Hando,"Sushi Bars, Asian Fusion, Asian, Sushi, Japanese",29.7903602,-95.4030538
"Houston, TX",Kanpai Club (BLACK) - M,,20.0,Hando,"Sushi Bars, Asian Fusion, Asian, Sushi, Japanese",29.7903602,-95.4030538
"Houston, TX",Kanpai Club (BLACK) - L,,20.0,Hando,"Sushi Bars, Asian Fusion, Asian, Sushi, Japanese",29.7903602,-95.4030538
"Houston, TX",Wings,6 count.,13.0,District 7 Pizzeria,"Italian, Pizza, Appetizers, Sandwiches",29.7470344,-95.3579938
"Houston, TX",Steak Fries,"Aioli (butter), Parmesan cheese.",5.0,District 7 Pizzeria,"Italian, Pizza, Appetizers, Sandwiches",29.7470344,-95.3579938
"Houston, TX",Mexican Corn,"Corn, Mayonnaise, Parmesan, Tajin,Valentina sauce",5.0,District 7 Pizzeria,"Italian, Pizza, Appetizers, Sandwiches",29.7470344,-95.3579938
"Houston, TX",Pork Pastor,"3 Tacos With Cilantro and onion. served with black beans,  pico de gallo, salsa verde  ",14.0,District 7 Pizzeria,"Italian, Pizza, Appetizers, Sandwiches",29.7470344,-95.3579938
"Houston, TX",Crusted Chicken Marinara Penne,"Crusted chicken, Parmesan, penne pasta with marinara sauce.",15.0,District 7 Pizzeria,"Italian, Pizza, Appetizers, Sandwiches",29.7470344,-95.3579938
"Houston, TX",Grilled Wings 6 Count,"wings flavors: hot buffalo, rosemary sweetchili, lemon pepper, garlic parmesan, bbq,honey bbq, olive oil & light seasoning",13.0,District 7 Pizzeria,"Italian, Pizza, Appetizers, Sandwiches",29.7470344,-95.3579938
"Houston, TX",Truffle Steak Fries,Steak Truffle Fries Topped with Parsley &Parmesan ,6.0,District 7 Pizzeria,"Italian, Pizza, Appetizers, Sandwiches",29.7470344,-95.3579938
"Houston, TX",BRUSCHETTA  4 pcs ,"- mozzarella, tomato, basil ",15.0,District 7 Pizzeria,"Italian, Pizza, Appetizers, Sandwiches",29.7470344,-95.3579938
"Houston, TX",GRILLED WINGS (24) COUNT ,"wings flavors: hot buffalo, rosemary sweetchili, lemon pepper, garlic parmesan, bbq,honey bbq, olive oil & light seasoning– dip sauces (extra sauce .50ea) ranch,bleu cheese, bbq marinara, Garlic Butter,Hot Buffalo",45.0,District 7 Pizzeria,"Italian, Pizza, Appetizers, Sandwiches",29.7470344,-95.3579938
"Houston, TX",MEXICAN CORN BOWL ,"corn, mayonnaise, parmesan, tajin,valentina sauce",5.0,District 7 Pizzeria,"Italian, Pizza, Appetizers, Sandwiches",29.7470344,-95.3579938
"Houston, TX",Chicken Curry Puff,,8.0,Street Food Thai Market,"Asian, Thai, Takeout, Pickup, Laotian",29.8042275,-95.3851559
"Houston, TX",GRILLED CHICKEN PESTO CLUB ,"Lettuce, tomato, onion, bacon, avocadoserved with fries ",15.0,District 7 Pizzeria,"Italian, Pizza, Appetizers, Sandwiches",29.7470344,-95.3579938
"Houston, TX",Pad Kana Moo Krob,Stir fried crispy pork belly with chinese broccoli and garlic sauce.,20.0,Street Food Thai Market,"Asian, Thai, Takeout, Pickup, Laotian",29.8042275,-95.3851559
"Houston, TX",NY REUBEN ,"Pastrami, sauerkraut, mozzarella, pickles,roastper. ",16.0,District 7 Pizzeria,"Italian, Pizza, Appetizers, Sandwiches",29.7470344,-95.3579938
"Houston, TX",Pad Kana with Chicken,Fresh Chinese Broccoli Stir Fried with Garlic Sauce.,18.0,Street Food Thai Market,"Asian, Thai, Takeout, Pickup, Laotian",29.8042275,-95.3851559
"Houston, TX",PARMESAN CRUSTED CHICKEN ,"Arugula, Mozzarella, Onion, Dispread (addPesto, N/C)",15.0,District 7 Pizzeria,"Italian, Pizza, Appetizers, Sandwiches",29.7470344,-95.3579938
"Houston, TX",Pad Kana with Tofu,Fresh chinese broccoli stir fried with garlic sauce.,18.0,Street Food Thai Market,"Asian, Thai, Takeout, Pickup, Laotian",29.8042275,-95.3851559
"Houston, TX",PARMESAN CRUSTED CHICKEN ,"Linguine Pesto or Marinara, Parmesan,Basil, Tomato",15.0,District 7 Pizzeria,"Italian, Pizza, Appetizers, Sandwiches",29.7470344,-95.3579938
"Houston, TX",Pad Kana with Pork,Fresh Chinese Broccoli Stir Fried with Garlic Sauce.,18.0,Street Food Thai Market,"Asian, Thai, Takeout, Pickup, Laotian",29.8042275,-95.3851559
"Houston, TX",Pad Kana with Beef,Fresh Chinese Broccoli Stir Fried with Garlic Sauce.,18.0,Street Food Thai Market,"Asian, Thai, Takeout, Pickup, Laotian",29.8042275,-95.3851559
"Houston, TX",Fajita Beef,"3 Tacos With Cilantro and onion. served with black beans,  pico de gallo, salsa verde  ",15.0,District 7 Pizzeria,"Italian, Pizza, Appetizers, Sandwiches",29.7470344,-95.3579938
"Houston, TX",Pad Kana with Shrimp,Fresh Chinese Broccoli Stir Fried with Garlic Sauce.,20.0,Street Food Thai Market,"Asian, Thai, Takeout, Pickup, Laotian",29.8042275,-95.3851559
"Houston, TX",Chicken Fajita,"3 Tacos With Cilantro and onion. served with black beans,  pico de gallo, salsa verde  ",15.0,District 7 Pizzeria,"Italian, Pizza, Appetizers, Sandwiches",29.7470344,-95.3579938
"Houston, TX",Sweet Sticky Rice with Mango,,14.0,Street Food Thai Market,"Asian, Thai, Takeout, Pickup, Laotian",29.8042275,-95.3851559
"Houston, TX",Fish,"3 Tacos, Red cabbage, tomato, cilantro, onions, chipotle ranch. served with black beans ",15.0,District 7 Pizzeria,"Italian, Pizza, Appetizers, Sandwiches",29.7470344,-95.3579938
"Houston, TX",Sweet Sticky Rice w/Mango,,14.0,Street Food Thai Market,"Asian, Thai, Takeout, Pickup, Laotian",29.8042275,-95.3851559
"Houston, TX",Chips & Jorge’s Salsa,,5.0,Rudyards British Pub,Rudyards British Pub,29.7499735,-95.396559
"Houston, TX",Chicken & Dumplings,From-scratch chicken soup with buttermilk & chive drop dumplings,15.0,Rudyards British Pub,Rudyards British Pub,29.7499735,-95.396559
"Houston, TX",Grilled Salmon Fillet,,21.24,Connie's Seafood (Heights),"Seafood, Fish & Chips, Fried Rice, Soup, Salads",29.8108938,-95.3823608
"Houston, TX",Calamari 1LB,,27.49,Connie's Seafood (Heights),"Seafood, Fish & Chips, Fried Rice, Soup, Salads",29.8108938,-95.3823608
"Houston, TX",October Flavor Pack,"Navigate the Flavors of Asia with our limited-time only October Flavor Pack! This flavor combination features Firecracker Chicken, Mongolian Steak and Grilled Bourbon Chicken entrée served on a bed of white rice bundled together for only $26.99. *No entrée or protein substitutions available for promotion. Entrée side may be substituted for an additional charge.-Firecracker Chicken: Crispy chicken, tossed in a sweet and spicy Firecracker sauce. Topped with scallions.-Mongolian Steak: Grass-fed, wok-seared steak, garlic, scallions, and mushrooms. Tossed in a rich and sweet soy sauce.-Grilled Bourbon Chicken: Tender grilled chicken, tossed in a sweet and savory Bourbon sauce.",31.99,Pei Wei,"Asian Food, Takeout, Asian, Chinese, Pickup, Family Meals, Gluten-Free",29.727886,-95.4290503
"Houston, TX",Pumpkin Spice Donuts,"Limited-time, scratch-made donuts with real pumpkin, tossed with pumpkin spice and sugar. Served with a sweet dipping sauce.  (6 donuts per serving) ",4.69,Pei Wei,"Asian Food, Takeout, Asian, Chinese, Pickup, Family Meals, Gluten-Free",29.727886,-95.4290503
"Houston, TX",YELLOW CAKE,CLASSIC YELLOW CAKE WITH CHOCOLATE ICING,7.2,Jenni's Noodle House,"Vietnamese, Thai, Asian Fusion, htownathlete",29.7381472,-95.4103748
"Houston, TX",CARROT CAKE,THICK 2-LAYER CARROT CAKE,7.2,Jenni's Noodle House,"Vietnamese, Thai, Asian Fusion, htownathlete",29.7381472,-95.4103748
"Houston, TX","Strawberry, Banana with Nutella (Baked)",,3.65,Argentina Cafe Empanada Factory,"Argentine, Empanadas, Vegetarian, Pizza, Dessert",29.7282967,-95.4378289
"Houston, TX",Spring Roll Bowl,"gluten-free vermicelli, organic mixed greens, seasoned green beans, marinated baked tofu, cashew miso dressing (gluten free)*While supplies last! Call to verify availability of our freshly prepared items*",9.5,JuiceLand,"Healthy, Local, Organic, Latte, Matcha, Cold pressed juices, Salad, Salads, Gluten Free, Vegan, Vegetarian, Smoothies, Coffee, Juice Bars & Smoothies",29.7435912,-95.395878
"Houston, TX",WUNDERSHOWZEN Thursday,"18 oz: almond milk, banana, peanut butter, hemp protein, spinach",5.75,JuiceLand,"Healthy, Local, Organic, Latte, Matcha, Cold pressed juices, Salad, Salads, Gluten Free, Vegan, Vegetarian, Smoothies, Coffee, Juice Bars & Smoothies",29.7435912,-95.395878
"Houston, TX",MORNING SUNSHINE Monday,"18 oz: pineapple, orange, banana, mango, goji berry, local bee pollen",7.5,JuiceLand,"Healthy, Local, Organic, Latte, Matcha, Cold pressed juices, Salad, Salads, Gluten Free, Vegan, Vegetarian, Smoothies, Coffee, Juice Bars & Smoothies",29.7435912,-95.395878
"Houston, TX",BIG PLATE 2.0,"Three mini buttermilk pancakes, two eggs your way, choice of potatoes or grits; select two of the following: breakfast sausage, chicken sausage or bacon",16.8,Black Walnut Cafe,"American (New), Cafes, Breakfast, Lunch",29.761883,-95.4180386
"Houston, TX",BUILD YOUR OWN OMELET,"Three fluffy eggs, wheat, sourdough or English muffin ",8.4,Black Walnut Cafe,"American (New), Cafes, Breakfast, Lunch",29.761883,-95.4180386
"Houston, TX",CROISSANT SANDWICH,"Toasted handcrafted croissant, scrambled eggs, American cheese, choice of applewood smoked bacon, ham, breakfast sausage or apple chicken sausage, fruit",13.65,Black Walnut Cafe,"American (New), Cafes, Breakfast, Lunch",29.761883,-95.4180386
"Houston, TX",AVOCADO BACON BENEDICT,"Two extra-large poached eggs, avocado, peppered bacon, smoked cheddar, toasted English muffin, cayenne citrus hollandaise, scallions, paprika, choice of stone-ground yellow grits or house potatoes",15.75,Black Walnut Cafe,"American (New), Cafes, Breakfast, Lunch",29.761883,-95.4180386
"Houston, TX",HEALTHIER THAN THE REST OMELET,"Three egg whites, spinach, mushrooms, goat cheese, red onions, tomatoes, fruit instead of toast",13.65,Black Walnut Cafe,"American (New), Cafes, Breakfast, Lunch",29.761883,-95.4180386
"Houston, TX",STEAK & EGGS,"Tenderloin filet tips’, two extra-large eggs, house potatoes, lime pepper avocado, flour tortillas, fire-roasted salsa",18.9,Black Walnut Cafe,"American (New), Cafes, Breakfast, Lunch",29.761883,-95.4180386
"Houston, TX",**NEW** CINNAMON ROLL FRENCH TOAST,"Texas-cut challah French toast, cream cheese icing, powdered sugar, pure maple syrup",14.7,Black Walnut Cafe,"American (New), Cafes, Breakfast, Lunch",29.761883,-95.4180386
"Houston, TX",CHORIZO MIGAS,"Four extra-large eggs, chorizo, avocado, fried tortilla chips, fire-roasted salsa, feta, cilantro",13.65,Black Walnut Cafe,"American (New), Cafes, Breakfast, Lunch",29.761883,-95.4180386
"Houston, TX",BIRRIA ENCHILADAS,"Slow-cooked chuck tender, two eggs over easy, mozzarella, tomatillo salsa verde, green onions, corn tortillas, house potatoes",13.65,Black Walnut Cafe,"American (New), Cafes, Breakfast, Lunch",29.761883,-95.4180386
"Houston, TX",TEXAS BREAKFAST,"Two eggs your way, choice of potatoes or grits; breakfast sausage, apple chicken sausage or applewood smoked bacon; served with choice of bread",15.23,Black Walnut Cafe,"American (New), Cafes, Breakfast, Lunch",29.761883,-95.4180386
"Houston, TX",NASHVILLE HOT CHICKEN BENEDICT,"Two extra-large poached eggs, toasted English muffin, crispy hot chicken, cayenne citrus hollandaise, pickled onions, chives, paprika, pure maple syrup, choice of stone-ground yellow grits or house potatoes",16.28,Black Walnut Cafe,"American (New), Cafes, Breakfast, Lunch",29.761883,-95.4180386
"Houston, TX",BUTTERMILK PANCAKE STACK,"Two house-made buttermilk flapjacks, honey whipped butter, powdered sugar, New England maple syrup",10.5,Black Walnut Cafe,"American (New), Cafes, Breakfast, Lunch",29.761883,-95.4180386
"Houston, TX",**NEW** BRISKET BREAKFAST TACOS,"Shredded smoked beef brisket, eggs, mozzarella, tomatillo salsa verde, cheese-crusted flour tortillas, fruit",15.75,Black Walnut Cafe,"American (New), Cafes, Breakfast, Lunch",29.761883,-95.4180386
"Houston, TX",CHORIZO TACO PLATE,"Chorizo, eggs, pico de gallo, cheddar cheese, fire-roasted salsa, cilantro, flour tortillas, house potatoes",12.6,Black Walnut Cafe,"American (New), Cafes, Breakfast, Lunch",29.761883,-95.4180386
"Houston, TX",**NEW** CREOLE SHRIMP OMELET,"Blackened shrimp, tomatoes, roasted peppers and onions, pimento cheese, chives, wheat toast",15.75,Black Walnut Cafe,"American (New), Cafes, Breakfast, Lunch",29.761883,-95.4180386
"Houston, TX",**NEW** HAM & CHEESE OMELET,"Ham, smoked cheddar, American cheese, roasted peppers and onions, scallions, house potatoes, wheat toast",14.7,Black Walnut Cafe,"American (New), Cafes, Breakfast, Lunch",29.761883,-95.4180386
"Houston, TX",**NEW** LEMON BLUEBERRY PANCAKE STACK,"Two house-made buttermilk pancakes, lemon cream cheese icing, blueberry preserves, blueberries, lemon zest, powdered sugar, pure maple syrup",14.7,Black Walnut Cafe,"American (New), Cafes, Breakfast, Lunch",29.761883,-95.4180386
"Houston, TX",BRISKET BENEDICT,"Two extra-large poached eggs, toasted English muffin, smoked brisket, white cheddar, chipotle hollandaise, paprika, scallions, choice of stoneground yellow grits or house potatoes",15.75,Black Walnut Cafe,"American (New), Cafes, Breakfast, Lunch",29.761883,-95.4180386
"Houston, TX",YOGURT & FRUIT BOWL,"Raisin granola, honey whipped Greek yogurt, mango, blueberries, strawberries, maple syrup drizzle",11.55,Black Walnut Cafe,"American (New), Cafes, Breakfast, Lunch",29.761883,-95.4180386
"Houston, TX",BACON JAM CHEESEBURGER BENEDICT,"Two extra-large poached eggs, Gyulais Wagyu patty, toasted English muffin, American cheese, TX® bacon jam, cayenne citrus hollandaise, pickled onions, chives, paprika, choice of stone-ground yellow grits or house potatoes ",16.8,Black Walnut Cafe,"American (New), Cafes, Breakfast, Lunch",29.761883,-95.4180386
"Houston, TX",OATMEAL GRIDDLE CAKES,"Blueberry preserves, whipped cream, powdered sugar, pure maple syrup",10.5,Black Walnut Cafe,"American (New), Cafes, Breakfast, Lunch",29.761883,-95.4180386
"Houston, TX",HOUSE POTATOES,,3.15,Black Walnut Cafe,"American (New), Cafes, Breakfast, Lunch",29.761883,-95.4180386
"Houston, TX",BACON,,3.68,Black Walnut Cafe,"American (New), Cafes, Breakfast, Lunch",29.761883,-95.4180386
"Houston, TX",FRENCH TOAST,,4.73,Black Walnut Cafe,"American (New), Cafes, Breakfast, Lunch",29.761883,-95.4180386
"Houston, TX",1 PANCAKE,,5.25,Black Walnut Cafe,"American (New), Cafes, Breakfast, Lunch",29.761883,-95.4180386
"Houston, TX",1 CHOCOLATE CHIP PANCAKE,,6.3,Black Walnut Cafe,"American (New), Cafes, Breakfast, Lunch",29.761883,-95.4180386
"Houston, TX",2 EXTRA LARGE EGGS,,3.15,Black Walnut Cafe,"American (New), Cafes, Breakfast, Lunch",29.761883,-95.4180386
"Houston, TX",BREAKFAST SAUSAGE PATTIES,,3.68,Black Walnut Cafe,"American (New), Cafes, Breakfast, Lunch",29.761883,-95.4180386
"Houston, TX",STONE-GROUND YELLOW GRITS,,3.15,Black Walnut Cafe,"American (New), Cafes, Breakfast, Lunch",29.761883,-95.4180386
"Houston, TX",LARGE FRESH FRUIT,,5.25,Black Walnut Cafe,"American (New), Cafes, Breakfast, Lunch",29.761883,-95.4180386
"Houston, TX",SMALL FRESH FRUIT,,3.15,Black Walnut Cafe,"American (New), Cafes, Breakfast, Lunch",29.761883,-95.4180386
"Houston, TX",ITALIAN SAUSAGE,,3.15,Black Walnut Cafe,"American (New), Cafes, Breakfast, Lunch",29.761883,-95.4180386
"Houston, TX",1 EXTRA LARGE EGG,,1.58,Black Walnut Cafe,"American (New), Cafes, Breakfast, Lunch",29.761883,-95.4180386
"Houston, TX",TOAST,,2.1,Black Walnut Cafe,"American (New), Cafes, Breakfast, Lunch",29.761883,-95.4180386
"Houston, TX",ENGLISH MUFFIN,,2.1,Black Walnut Cafe,"American (New), Cafes, Breakfast, Lunch",29.761883,-95.4180386
"Houston, TX",CANADIAN BACON,,3.15,Black Walnut Cafe,"American (New), Cafes, Breakfast, Lunch",29.761883,-95.4180386
"Houston, TX",SPINACH AND ARTICHOKE DIP,"Spinach, artichokes, cream cheese, mozzarella, Parmesan, red onions, garlic, sour cream, pico de gallo, fire-roasted salsa, chips",11.55,Black Walnut Cafe,"American (New), Cafes, Breakfast, Lunch",29.761883,-95.4180386
"Houston, TX",BACON JAM DEVILED EGGS,"Deviled eggs, bacon jam, pickled onions ",10.5,Black Walnut Cafe,"American (New), Cafes, Breakfast, Lunch",29.761883,-95.4180386
"Houston, TX",BWC QUESO,"House-made queso, roasted peppers and onions, tomatoes, spicy sausage, cilantro, corn tortilla chips",10.5,Black Walnut Cafe,"American (New), Cafes, Breakfast, Lunch",29.761883,-95.4180386
"Houston, TX",THAI PEANUT BRUSSELS SPROUTS,"Crispy Brussels sprouts, peanut vinaigrette, peanuts, honey",8.4,Black Walnut Cafe,"American (New), Cafes, Breakfast, Lunch",29.761883,-95.4180386
"Houston, TX",VINDALOO WINGS,"Jumbo chicken wings, Vindaloo sauce, Vindaloo seasoning, crispy garlic, scallions",12.6,Black Walnut Cafe,"American (New), Cafes, Breakfast, Lunch",29.761883,-95.4180386
"Houston, TX",PIMENTO CHEESE & CRACKERS,"Roasted red bell peppers, pickled jalapeños, chives, saltine crackers",10.5,Black Walnut Cafe,"American (New), Cafes, Breakfast, Lunch",29.761883,-95.4180386
"Houston, TX",CHICKEN LETTUCE WRAPS,"Thai peanut chicken, bell peppers, pickled onions, peanuts, mint, crispy garlic, lime",10.5,Black Walnut Cafe,"American (New), Cafes, Breakfast, Lunch",29.761883,-95.4180386
"Houston, TX",**NEW** ASIAN GREEN BEANS,"Crispy green beans, golden barbecue sauce, crispy garlic, fresh lime, sesame seed, sunflower seeds",8.4,Black Walnut Cafe,"American (New), Cafes, Breakfast, Lunch",29.761883,-95.4180386
"Houston, TX",CHICKEN BREAST,,15.75,Black Walnut Cafe,"American (New), Cafes, Breakfast, Lunch",29.761883,-95.4180386
"Houston, TX",SCOTTISH SALMON 6OZ,,19.95,Black Walnut Cafe,"American (New), Cafes, Breakfast, Lunch",29.761883,-95.4180386
"Houston, TX",TENDERLOIN FILET TIPS,,26.25,Black Walnut Cafe,"American (New), Cafes, Breakfast, Lunch",29.761883,-95.4180386
"Houston, TX",CHICKEN TORTILLA SOUP Large Tortilla Soup,"Tomato base, vegetables, avocado, habanero",8.93,Black Walnut Cafe,"American (New), Cafes, Breakfast, Lunch",29.761883,-95.4180386
"Houston, TX",CHICKEN TORTILLA SOUP Small Tortilla Soup,"Tomato base, vegetables, avocado, habanero",5.25,Black Walnut Cafe,"American (New), Cafes, Breakfast, Lunch",29.761883,-95.4180386
"Houston, TX",CREAMY TOMATO BASIL SOUP Large Basil Soup,Pesto tomato basil soup with croutons,7.35,Black Walnut Cafe,"American (New), Cafes, Breakfast, Lunch",29.761883,-95.4180386
"Houston, TX",CREAMY TOMATO BASIL SOUP Small Basil Soup,Pesto tomato basil soup with croutons,4.73,Black Walnut Cafe,"American (New), Cafes, Breakfast, Lunch",29.761883,-95.4180386
"Houston, TX",BLACK WALNUT SALAD,"Grilled marinated chicken breast, walnuts, Gorgonzola cheese, julienne green apples, house greens, tomato savory dressing, garlic bread",16.28,Black Walnut Cafe,"American (New), Cafes, Breakfast, Lunch",29.761883,-95.4180386
"Houston, TX",SANTA FE SALAD,"Chilled thinly-sliced chicken breast, roasted corn, black beans, mango, cheddar, tortilla strips, pico de gallo, sweet bell peppers, house greens, spicy mango cilantro dressing, garlic bread",15.75,Black Walnut Cafe,"American (New), Cafes, Breakfast, Lunch",29.761883,-95.4180386
"Houston, TX",BWC CHICKEN COBB SALAD,"Grilled chicken breast, applewood smoked bacon, hard-boiled eggs, Marie cheese, avocado, cherry tomatoes, pickled onions, sunflower seeds, crispy garlic, house-made creamy red wine vinaigrette",16.8,Black Walnut Cafe,"American (New), Cafes, Breakfast, Lunch",29.761883,-95.4180386
"Houston, TX",BLACKENED SALMON BLUEBERRY SPINACH SALAD,"6 oz. Blackened Atlantic salmon, spinach, blueberries, heart of palm, goat cheese, candied walnuts, sun-dried tomatoes, house-made blueberry dressing, garlic bread",19.95,Black Walnut Cafe,"American (New), Cafes, Breakfast, Lunch",29.761883,-95.4180386
"Houston, TX",SHRIMP CAESAR SALAD,"Crispy shrimp, romaine hearts, herbed croutons, Marie cheese, crispy garlic, house-made Caesar dressing, garlic bread",15.75,Black Walnut Cafe,"American (New), Cafes, Breakfast, Lunch",29.761883,-95.4180386
"Houston, TX",STEAK SALAD,"Tenderloin filet tips, mixed greens, artichokes, walnuts, Asian pear, sun-dried tomatoes, celery, creamy tomato dressing, goat cheese, garlic bread",19.95,Black Walnut Cafe,"American (New), Cafes, Breakfast, Lunch",29.761883,-95.4180386
"Houston, TX",ASIAN CHICKEN SALAD,"Grilled chicken, peanut vinaigrette, carrots, mango, mixed greens, roasted peanuts, crispy garlic, sesame seeds, tomato, scallions, cilantro",15.75,Black Walnut Cafe,"American (New), Cafes, Breakfast, Lunch",29.761883,-95.4180386
"Houston, TX",CHIPOTLE CHICKEN PEPPER PASTA,"Grilled marinated chicken breast, chipotle Alfredo sauce, amber butter, pico de gallo, tortilla strips, linguine",15.75,Black Walnut Cafe,"American (New), Cafes, Breakfast, Lunch",29.761883,-95.4180386
"Houston, TX",CHICKEN PARMESAN,"Parmesan-crusted chicken, tomato sauce, mozzarella, sautéed spinach, amber butter, Alfredo sauce, linguine",15.75,Black Walnut Cafe,"American (New), Cafes, Breakfast, Lunch",29.761883,-95.4180386
"Houston, TX",GRILLED SHRIMP ALFREDO,"Blackened shrimp, red onion, garlic, tomatoes, scallion, lemon alfredo sauce, Marie cheese, linguine",17.85,Black Walnut Cafe,"American (New), Cafes, Breakfast, Lunch",29.761883,-95.4180386
"Houston, TX",FOUR CHEESE RAVIOLI,"Truffle alfredo sauce, grilled chicken breast, artichokes, Marie cheese, bread crumbs, chives",18.38,Black Walnut Cafe,"American (New), Cafes, Breakfast, Lunch",29.761883,-95.4180386
"Houston, TX",POT ROAST GRILLED CHEESE,"Slow cooked chuck tender, butter, challah bread, American cheese, house salad, cup of tomato basil soup",15.23,Black Walnut Cafe,"American (New), Cafes, Breakfast, Lunch",29.761883,-95.4180386
"Houston, TX",DOC'S KRAZY TURKEY BURGER,"Seasoned turkey patty, Swiss, sautéed mushrooms, tomato, avocado, spinach, pesto mayo, wheat bun, sweet potato fries",15.75,Black Walnut Cafe,"American (New), Cafes, Breakfast, Lunch",29.761883,-95.4180386
"Houston, TX",NASHVILLE HOT CHICKEN SANDWICH,"Crispy hot chicken, house-made pickles, honey slaw, paprika, brioche bun, house-made potato salad or fries",14.7,Black Walnut Cafe,"American (New), Cafes, Breakfast, Lunch",29.761883,-95.4180386
"Houston, TX",CHICKEN CROISSANT CLUB,"Sliced chicken, Swiss, peppered bacon, lettuce, tomatoes, pesto mayo, handcrafted croissant, choice of fries or housemade potato salad ",15.23,Black Walnut Cafe,"American (New), Cafes, Breakfast, Lunch",29.761883,-95.4180386
"Houston, TX",AMERICAN BURGER,"Half-pound Gyulais Wagyu patty, American cheese, lettuce, tomatoes, house-made pickles, spicy mustard mayo, brioche bun, choice of house-made potato salad or fries ",15.75,Black Walnut Cafe,"American (New), Cafes, Breakfast, Lunch",29.761883,-95.4180386
"Houston, TX",BRISKET BURGER,"Half-pound Gyulais Wagyu patty, smoked brisket, smoked cheddar, golden barbecue sauce, lettuce, pickled onions, crispy garlic, spicy mustard, brioche bun, choice of house-made potato salad or fries",17.85,Black Walnut Cafe,"American (New), Cafes, Breakfast, Lunch",29.761883,-95.4180386
"Houston, TX",THE PIMENTO CHEESEBURGER,"Wagyu and venison patty, house-made pimento cheese, shredded lettuce, challah bun, house-made potato salad or fries",16.8,Black Walnut Cafe,"American (New), Cafes, Breakfast, Lunch",29.761883,-95.4180386
"Houston, TX",AVOCADO & EGG TOAST,"Two eggs over easy, avocado mash, lime pepper, tomatoes, wheat toast ",13.65,Black Walnut Cafe,"American (New), Cafes, Breakfast, Lunch",29.761883,-95.4180386
"Houston, TX",THE BEYOND BURGER,"Beyond Meat®, white cheddar, pickled jalapeños, tomatoes, pickles, mixed greens, jalapeño aioli, wheat bun, house-made potato salad or fries",15.75,Black Walnut Cafe,"American (New), Cafes, Breakfast, Lunch",29.761883,-95.4180386
"Houston, TX",ULTIMATE BACON CHEESEBURGER,"Gyulais wagyu patty, applewood smoked bacon, truffle bacon jam mustard, American cheese, house-made pickles, tomatoes, shredded lettuce, brioche bun, fries or potato salad",17.85,Black Walnut Cafe,"American (New), Cafes, Breakfast, Lunch",29.761883,-95.4180386
"Houston, TX",BWC CHICKEN TENDERS,"Crispy chicken tenders, fries, honey slaw, cayenne ranch and honey mustard dipping sauces",15.75,Black Walnut Cafe,"American (New), Cafes, Breakfast, Lunch",29.761883,-95.4180386
"Houston, TX",POT ROAST DINNER,"Slow cooked chuck tender, garlic mashed potatoes, mushroom gravy, garlic bread",19.95,Black Walnut Cafe,"American (New), Cafes, Breakfast, Lunch",29.761883,-95.4180386
"Houston, TX",ASIAN GLAZED SCOTTISH SALMON,"Asian glazed Scottish salmon fillet, crispy garlic, garlic mashed potatoes, broccolini",19.95,Black Walnut Cafe,"American (New), Cafes, Breakfast, Lunch",29.761883,-95.4180386
"Houston, TX",TEXAS-SIZED WAGYU CHICKEN FRIED STEAK,"8 oz. Snake River Farms cutlet, roasted garlic mashed potatoes, scallions, house-made cream gravy",18.9,Black Walnut Cafe,"American (New), Cafes, Breakfast, Lunch",29.761883,-95.4180386
"Houston, TX",BLACK WALNUT FISH TACOS,"Grilled Mahi Mahi, shredded lettuce, pico de gallo, cilantro, cayenne ranch, fresh lime, corn tortillas, house salad",14.7,Black Walnut Cafe,"American (New), Cafes, Breakfast, Lunch",29.761883,-95.4180386
"Houston, TX",CHICKEN QUESADILLA,"Grilled chicken breast, cheddar, mozzarella, sour cream, pico de gallo, avocado mash, cilantro, flour tortillas, served with street corn",14.7,Black Walnut Cafe,"American (New), Cafes, Breakfast, Lunch",29.761883,-95.4180386
"Houston, TX",BIRRIA TACOS,"Slow-cooked chuck tender, mozzarella, tomatillo salsa verde, chili au jus, corn tortillas, cilantro, fresh lime, served with street corn",16.8,Black Walnut Cafe,"American (New), Cafes, Breakfast, Lunch",29.761883,-95.4180386
"Houston, TX",MEDITERRANEAN CHICKEN,"Grilled chicken breast, artichokes, Kalamata olives, lemon Pavia sauce, garlic mashed potatoes, capers, spinach, crispy garlic, sun-dried tomatoes",15.75,Black Walnut Cafe,"American (New), Cafes, Breakfast, Lunch",29.761883,-95.4180386
"Houston, TX",CHICKEN AND WAFFLES,"Belgian waffle, two eggs over easy, crispy chicken tenders, scallions, powdered sugar, pure maple syrup",16.8,Black Walnut Cafe,"American (New), Cafes, Breakfast, Lunch",29.761883,-95.4180386
"Houston, TX",CRISPY COCONUT SHRIMP,"Jumbo coconut shrimp, honey slaw, sweet potato fries, spicy mango dipping sauce",24.15,Black Walnut Cafe,"American (New), Cafes, Breakfast, Lunch",29.761883,-95.4180386
"Houston, TX",COCONUT SHRIMP TACOS,"Crispy coconut shrimp, honey slaw, chipotle aioli, pickled onions, flour tortillas, house salad",16.8,Black Walnut Cafe,"American (New), Cafes, Breakfast, Lunch",29.761883,-95.4180386
"Houston, TX",PULLED PORK CARNITAS TACOS,"House-braised pork, feta, shredded lettuce, pico de gallo, yellow onions, avocado, spicy mustard mayo, fresh lime, corn tortillas, served with street corn",14.7,Black Walnut Cafe,"American (New), Cafes, Breakfast, Lunch",29.761883,-95.4180386
"Houston, TX",BRISKET TACOS,"Shredded smoked beef brisket, pickled jalapeños, jalapeño aioli, crispy garlic, cilantro, cheese-crusted flour tortillas, served with street corn",16.8,Black Walnut Cafe,"American (New), Cafes, Breakfast, Lunch",29.761883,-95.4180386
"Houston, TX",BEYOND TACOS,"Seasoned Beyond Meat®, Tzatziki sauce, fresh dill, toasted almonds, shredded lettuce, flour tortillas, balsamic vinaigrette house salad",16.8,Black Walnut Cafe,"American (New), Cafes, Breakfast, Lunch",29.761883,-95.4180386
"Houston, TX",KIDS CHICKEN TENDERS,,9.45,Black Walnut Cafe,"American (New), Cafes, Breakfast, Lunch",29.761883,-95.4180386
"Houston, TX",KIDS CHEESY PENNE PASTA WITH CHICKEN,,9.45,Black Walnut Cafe,"American (New), Cafes, Breakfast, Lunch",29.761883,-95.4180386
"Houston, TX",KIDS CHEESEBURGER,,9.45,Black Walnut Cafe,"American (New), Cafes, Breakfast, Lunch",29.761883,-95.4180386
"Houston, TX",KIDS GRILLED CHEESE,,9.45,Black Walnut Cafe,"American (New), Cafes, Breakfast, Lunch",29.761883,-95.4180386
"Houston, TX",SLICE OF HUMMINGBIRD CAKE,,7.35,Black Walnut Cafe,"American (New), Cafes, Breakfast, Lunch",29.761883,-95.4180386
"Houston, TX",ORANGE JUICE Large OJ,,5.25,Black Walnut Cafe,"American (New), Cafes, Breakfast, Lunch",29.761883,-95.4180386
"Houston, TX",ICED TEA Iced Tea,,3.1,Black Walnut Cafe,"American (New), Cafes, Breakfast, Lunch",29.761883,-95.4180386
"Houston, TX",SOFT DRINK,,3.1,Black Walnut Cafe,"American (New), Cafes, Breakfast, Lunch",29.761883,-95.4180386
"Houston, TX",GRAPEFRUIT JUICE,,6.3,Black Walnut Cafe,"American (New), Cafes, Breakfast, Lunch",29.761883,-95.4180386
"Houston, TX",MILK Chocolate Milk,,3.68,Black Walnut Cafe,"American (New), Cafes, Breakfast, Lunch",29.761883,-95.4180386
"Houston, TX",KIDS SODA,,1.84,Black Walnut Cafe,"American (New), Cafes, Breakfast, Lunch",29.761883,-95.4180386
"Houston, TX",MILK Milk,,3.68,Black Walnut Cafe,"American (New), Cafes, Breakfast, Lunch",29.761883,-95.4180386
"Houston, TX",VANILLA LATTE Iced Vanil Latt,,4.99,Black Walnut Cafe,"American (New), Cafes, Breakfast, Lunch",29.761883,-95.4180386
"Houston, TX",VANILLA LATTE Large Vanill Latte,,4.99,Black Walnut Cafe,"American (New), Cafes, Breakfast, Lunch",29.761883,-95.4180386
"Houston, TX",HOUSE COFFEE,,2.89,Black Walnut Cafe,"American (New), Cafes, Breakfast, Lunch",29.761883,-95.4180386
"Houston, TX",CAPPUCCINO SM Cappuccino,,3.68,Black Walnut Cafe,"American (New), Cafes, Breakfast, Lunch",29.761883,-95.4180386
"Houston, TX",WHITE CHOCOLATE MOCHA SM White Mocha,,4.2,Black Walnut Cafe,"American (New), Cafes, Breakfast, Lunch",29.761883,-95.4180386
"Houston, TX",LATTE SM Latte,,3.68,Black Walnut Cafe,"American (New), Cafes, Breakfast, Lunch",29.761883,-95.4180386
"Houston, TX",FRAPPE Coffee Frappe,,5.25,Black Walnut Cafe,"American (New), Cafes, Breakfast, Lunch",29.761883,-95.4180386
"Houston, TX",CARAMEL LATTE SM Caramel Latt,,4.2,Black Walnut Cafe,"American (New), Cafes, Breakfast, Lunch",29.761883,-95.4180386
"Houston, TX",ESPRESSO Espresso,,2.1,Black Walnut Cafe,"American (New), Cafes, Breakfast, Lunch",29.761883,-95.4180386
"Houston, TX",HOT CHOCOLATE Large Hot Chocolate,,4.2,Black Walnut Cafe,"American (New), Cafes, Breakfast, Lunch",29.761883,-95.4180386
"Houston, TX",CAFE MOCHA SM Cafe Mocha,,4.2,Black Walnut Cafe,"American (New), Cafes, Breakfast, Lunch",29.761883,-95.4180386
"Houston, TX",HOT CHOCOLATE SM Hot Chocolate,,3.15,Black Walnut Cafe,"American (New), Cafes, Breakfast, Lunch",29.761883,-95.4180386
"Houston, TX",PEPPERMINT MOCHA SM Mint Mocha,,4.2,Black Walnut Cafe,"American (New), Cafes, Breakfast, Lunch",29.761883,-95.4180386
"Houston, TX",AMERICANO SM Americano,,3.15,Black Walnut Cafe,"American (New), Cafes, Breakfast, Lunch",29.761883,-95.4180386
"Houston, TX",FRAPPE Caramel Frappe,,5.25,Black Walnut Cafe,"American (New), Cafes, Breakfast, Lunch",29.761883,-95.4180386
"Houston, TX",FRAPPE Marshmello Frap,,5.25,Black Walnut Cafe,"American (New), Cafes, Breakfast, Lunch",29.761883,-95.4180386
"Houston, TX",CARAMEL MACCHIATO SM Crml Mach,,4.2,Black Walnut Cafe,"American (New), Cafes, Breakfast, Lunch",29.761883,-95.4180386
"Houston, TX",ESPRESSO CON PANNA SM Espresso Panna,,2.63,Black Walnut Cafe,"American (New), Cafes, Breakfast, Lunch",29.761883,-95.4180386
"Houston, TX",ESPRESSO Dbl Espresso,,2.63,Black Walnut Cafe,"American (New), Cafes, Breakfast, Lunch",29.761883,-95.4180386
"Houston, TX",ESPRESSO MACCHIATO Dbl Espres Mach,,2.89,Black Walnut Cafe,"American (New), Cafes, Breakfast, Lunch",29.761883,-95.4180386
"Houston, TX",ESPRESSO MACCHIATO Espresso Mach,,2.63,Black Walnut Cafe,"American (New), Cafes, Breakfast, Lunch",29.761883,-95.4180386
"Houston, TX",FRAPPE Raspberry Frapp,,5.25,Black Walnut Cafe,"American (New), Cafes, Breakfast, Lunch",29.761883,-95.4180386
"Houston, TX",VALENCIA SM Valencia,,4.2,Black Walnut Cafe,"American (New), Cafes, Breakfast, Lunch",29.761883,-95.4180386
"Houston, TX",VANILLA LATTE SM Vanill Latte,,4.2,Black Walnut Cafe,"American (New), Cafes, Breakfast, Lunch",29.761883,-95.4180386
"Houston, TX",SUSHI AND SASHIMI COMBINATION,"Half California Roll†, two sashimi slices of each: tuna, salmon and yellowtail, served with one piece of salmon, yellowtail, tuna and shrimp nigiri with steamed rice.",34.2,RA Sushi,"Asian Food, Japanese, Healthy, Asian, Sushi Bars, Sushi",29.7561567,-95.3696597
"Houston, TX",SUSHI COMBINATION,"Half California Roll†, two sashimi slices of each: tuna, salmon and yellowtail, served with one piece of salmon, yellowtail, tuna and shrimp nigiri with steamed rice.",34.2,RA Sushi,"Asian Food, Japanese, Healthy, Asian, Sushi Bars, Sushi",29.7561567,-95.3696597
"Houston, TX",Scone ,Bacon and Cheddar scone .,4.65,Roast And Brew Cafe,Roast And Brew Cafe,29.8030393,-95.41578
"Houston, TX",Bottle Fanta Orange 355ml,,4.5,Fat Bao,"Asian Fusion, Ramen",29.735152,-95.4180754
"Houston, TX",Fruity Lychee,"Fruity tea, lychee.",6.15,Teapresso Bar,"Coffee, Pickup, Takeout, Boba, Bubble Tea",29.8015501,-95.4108497
"Houston, TX",Fruity Red,"Fruity tea, strawberry, kumquat.",6.15,Teapresso Bar,"Coffee, Pickup, Takeout, Boba, Bubble Tea",29.8015501,-95.4108497
"Houston, TX",Death Wish Americano (Hot),Unsweetened.,4.59,Teapresso Bar,"Coffee, Pickup, Takeout, Boba, Bubble Tea",29.8015501,-95.4108497
"Houston, TX",Create Your Own Pancake Combo,"Choice of any 2 same-flavored pancakes, served with 2 eggs* your way, 2 custom-cured hickory-smoked bacon strips or 2 pork sausage links & golden hash browns.",14.39,IHOP,"Chicken, Milk Shakes, American, Burgers, Sandwiches, Pancakes, Breakfast",29.729884,-95.416786
"Houston, TX",Organic Americano (Hot),Unsweetened.,3.59,Teapresso Bar,"Coffee, Pickup, Takeout, Boba, Bubble Tea",29.8015501,-95.4108497
"Houston, TX",Decaf Organic Americano (Hot),Unsweetened.,3.59,Teapresso Bar,"Coffee, Pickup, Takeout, Boba, Bubble Tea",29.8015501,-95.4108497
"Houston, TX",NEW! Thick ‘N Fluffy French Toast Combo,"One slice of our Thick & Fluffy French Toast, 2 eggs*, 2 custom-cured hickory-smoked bacon strips or 2 pork sausage links & golden hash browns.",14.39,IHOP,"Chicken, Milk Shakes, American, Burgers, Sandwiches, Pancakes, Breakfast",29.729884,-95.416786
"Houston, TX",Pumpkin Spice Frappe,,5.99,Teapresso Bar,"Coffee, Pickup, Takeout, Boba, Bubble Tea",29.8015501,-95.4108497
"Houston, TX",Belgian Waffle Combo,Our house-made golden-brown Belgian waffle is served with 2 eggs* your way and 2 custom-cured hickory-smoked bacon strips or 2 pork sausage links.,14.39,IHOP,"Chicken, Milk Shakes, American, Burgers, Sandwiches, Pancakes, Breakfast",29.729884,-95.416786
"Houston, TX",Create Your Own Crepe Combo,"Choose your crepe flavor, served with 2 eggs* your way, 2 custom-cured hickory-smoked bacon strips or 2 pork sausage links & golden hash browns.",14.39,IHOP,"Chicken, Milk Shakes, American, Burgers, Sandwiches, Pancakes, Breakfast",29.729884,-95.416786
"Houston, TX",Forza Family Feast,"Fuel your crew without having to hit pause with the exclusive Forza Family Feast. Enjoy 4 servings each of scrambled eggs and golden hash browns, 8 hickory-smoked bacon strips, 8 pork sausage links, and of course 8 world-famous buttermilk pancakes. Team up to take down this delicious feast today! Serves 4. Available for a limited time through IHOP ‘N Go only. Not available for dine-in.       ",29.99,IHOP,"Chicken, Milk Shakes, American, Burgers, Sandwiches, Pancakes, Breakfast",29.729884,-95.416786
"Houston, TX",Thick ‘N Fluffy Strawberry Banana French Toast,"Two slices of thick and fluffy artisan bread dipped & griddled in our new vanilla, cinnamon French Toast batter, then topped with glazed strawberries, fresh banana slices & powdered sugar.",12.71,IHOP,"Chicken, Milk Shakes, American, Burgers, Sandwiches, Pancakes, Breakfast",29.729884,-95.416786
"Houston, TX",Gingersnap Milkshake,"Premium vanilla ice cream blended with gingersnap cookies, gingersnap syrup and a caramel drizzle. Crowned with whipped topping, gingersnap cookies & red currants.",5.51,IHOP,"Chicken, Milk Shakes, American, Burgers, Sandwiches, Pancakes, Breakfast",29.729884,-95.416786
"Houston, TX",Thick ‘N Fluffy Lemon Ricotta Mixed Berry French Toast,"Two slices of thick and fluffy artisan bread dipped & griddled in our new vanilla, cinnamon French Toast batter, then topped with creamy lemon ricotta, seasonal mixed berry topping & powdered sugar.",12.71,IHOP,"Chicken, Milk Shakes, American, Burgers, Sandwiches, Pancakes, Breakfast",29.729884,-95.416786
"Houston, TX",Gingersnap Hot Chocolate,"Rich & creamy gingersnap hot chocolate. Crowned with whipped topping, gingersnap cookies & red currants.",4.67,IHOP,"Chicken, Milk Shakes, American, Burgers, Sandwiches, Pancakes, Breakfast",29.729884,-95.416786
"Houston, TX",Pumpkin Spice Pancake Combo,"Two pumpkin pancakes made with real pumpkin and seasonal spices, crowned with creamy whipped topping. Served with 2 bacon strips or 2 pork sausage links, 2 eggs* and hash browns",14.39,IHOP,"Chicken, Milk Shakes, American, Burgers, Sandwiches, Pancakes, Breakfast",29.729884,-95.416786
"Houston, TX",Jalapeño Cheese Bites,"Six golden, crispy jalapeño & cheddar cheese bites served with buttermilk ranch for dipping.",4.8,IHOP,"Chicken, Milk Shakes, American, Burgers, Sandwiches, Pancakes, Breakfast",29.729884,-95.416786
"Houston, TX",Quick 2-Egg Breakfast,"2 eggs*, hash browns, 2 bacon strips or 2 pork sausage links & toast. ",7.2,IHOP,"Chicken, Milk Shakes, American, Burgers, Sandwiches, Pancakes, Breakfast",29.729884,-95.416786
"Houston, TX",Ham & Cheese Omelette,"Ham, Jack & Cheddar & white cheese sauce. Served with 3 Buttermilk Pancakes.",8.4,IHOP,"Chicken, Milk Shakes, American, Burgers, Sandwiches, Pancakes, Breakfast",29.729884,-95.416786
"Houston, TX",The Classic Steakburger,"American, lettuce, tomato, red onion, pickles & IHOP® Sauce. ",8.4,IHOP,"Chicken, Milk Shakes, American, Burgers, Sandwiches, Pancakes, Breakfast",29.729884,-95.416786
"Houston, TX",Buttermilk Crispy Chicken Sandwich,"Buttermilk crispy chicken breast, American, lettuce, tomato, red onion, pickles & IHOP® Sauce. ",8.4,IHOP,"Chicken, Milk Shakes, American, Burgers, Sandwiches, Pancakes, Breakfast",29.729884,-95.416786
"Houston, TX",BLT Sandwich,"Hickory-smoked bacon, lettuce, tomato & mayo on toasted white bread.",7.2,IHOP,"Chicken, Milk Shakes, American, Burgers, Sandwiches, Pancakes, Breakfast",29.729884,-95.416786
"Houston, TX",Mozza Sticks,6 Mozzarella cheese sticks served with marinara.,4.8,IHOP,"Chicken, Milk Shakes, American, Burgers, Sandwiches, Pancakes, Breakfast",29.729884,-95.416786
"Houston, TX",Crispy Chicken Strips,3 buttermilk crispy chicken strips – choose Original or tossed in either Frank’s RedHot® Buffalo sauce or tangy BBQ sauce. Served with choice of dipping sauce.,4.8,IHOP,"Chicken, Milk Shakes, American, Burgers, Sandwiches, Pancakes, Breakfast",29.729884,-95.416786
"Houston, TX",Chicken & Pancakes,Four buttermilk crispy chicken strips made with all-natural chicken breast & 3 buttermilk pancakes. Served with choice of sauce.,8.4,IHOP,"Chicken, Milk Shakes, American, Burgers, Sandwiches, Pancakes, Breakfast",29.729884,-95.416786
"Houston, TX",Onion Rings,,3.59,IHOP,"Chicken, Milk Shakes, American, Burgers, Sandwiches, Pancakes, Breakfast",29.729884,-95.416786
"Houston, TX",Mashed Potatoes & Gravy,Creamy mashed potatoes and our signature brown gravy. (130-590 cal.),3.35,KFC,Fried chicken & sides,29.8112588,-95.3998653
"Houston, TX",Mashed Potatoes (No Gravy),Creamy mashed potatoes. (110-460 cal.),3.35,KFC,Fried chicken & sides,29.8112588,-95.3998653
"Houston, TX",Flu Terminator,"Strawberries, blueberries, bananas and fresh squeezed orange juice.",7.0,Island Grill,An American Mediterranean Restaurant,29.7171594,-95.4143133
"Houston, TX",Berry Cool Berry,"strawberries, pineapple, blueberries, raspberries, apple juice",7.0,Island Grill,An American Mediterranean Restaurant,29.7171594,-95.4143133
"Houston, TX",Strawberry Wave,"Strawberries, banana and apple juice.",7.0,Island Grill,An American Mediterranean Restaurant,29.7171594,-95.4143133
"Houston, TX",Island Sunrise,"pineapple, peaches, strawberries, apple juice, papaya juice",7.0,Island Grill,An American Mediterranean Restaurant,29.7171594,-95.4143133
"Houston, TX",Paradise Cooler,"Pineapple, peaches, strawberries, coconut juice and apple juice",7.0,Island Grill,An American Mediterranean Restaurant,29.7171594,-95.4143133
"Houston, TX",Coco Colada,"Pineapple, bananas, coconut juice and apple juice",7.0,Island Grill,An American Mediterranean Restaurant,29.7171594,-95.4143133
"Houston, TX",Vita Rush,"peaches, banana, strawberries",7.0,Island Grill,An American Mediterranean Restaurant,29.7171594,-95.4143133
"Houston, TX",Passion Dream,"banana, strawberries, soy milk",7.0,Island Grill,An American Mediterranean Restaurant,29.7171594,-95.4143133
"Houston, TX",Island Oasis,"strawberries, pineapple, papaya juice, coconut juice",7.0,Island Grill,An American Mediterranean Restaurant,29.7171594,-95.4143133
"Houston, TX",Island Nectar,"Pineapples, apple juice and nonfat vanilla yogurt.",7.0,Island Grill,An American Mediterranean Restaurant,29.7171594,-95.4143133
"Houston, TX",President George H.W. Bush,"Crafted by and for the man himself in 2000...strawberries, blueberries, banana",8.0,Island Grill,An American Mediterranean Restaurant,29.7171594,-95.4143133
"Houston, TX",Ironman Rush,"strawberries, banana",8.0,Island Grill,An American Mediterranean Restaurant,29.7171594,-95.4143133
"Houston, TX",Peanut Butter Buster,"banana, raspberries, peanut butter",8.0,Island Grill,An American Mediterranean Restaurant,29.7171594,-95.4143133
"Houston, TX",Lance Berkman," banana, peanut butter",8.0,Island Grill,An American Mediterranean Restaurant,29.7171594,-95.4143133
"Houston, TX",Java Jolt,"banana, coffee, whey protein, nonfat vanilla yogurt",8.0,Island Grill,An American Mediterranean Restaurant,29.7171594,-95.4143133
"Houston, TX",Muscle Beach,"strawberries, pineapple",8.0,Island Grill,An American Mediterranean Restaurant,29.7171594,-95.4143133
"Houston, TX",NRG,"banana, blueberries",7.5,Island Grill,An American Mediterranean Restaurant,29.7171594,-95.4143133
"Houston, TX",Chocolate Dynamite,"chocolate nonfat yogurt, banana",7.5,Island Grill,An American Mediterranean Restaurant,29.7171594,-95.4143133
"Houston, TX",Liquid Sunshine,"apples, carrots, parsley, celery, strawberries, peaches",8.0,Island Grill,An American Mediterranean Restaurant,29.7171594,-95.4143133
"Houston, TX",Smoog Sailing,"carrots, apple, strawberries, ginger",8.0,Island Grill,An American Mediterranean Restaurant,29.7171594,-95.4143133
"Houston, TX",Jamaican Jolt,"banana, carrots, ginger, papaya juice",8.0,Island Grill,An American Mediterranean Restaurant,29.7171594,-95.4143133
"Houston, TX",Seaside Oasis,"carrots, ginger, apple, peaches",8.0,Island Grill,An American Mediterranean Restaurant,29.7171594,-95.4143133
"Houston, TX",Fresh Squeezed Orange Juice,,6.0,Island Grill,An American Mediterranean Restaurant,29.7171594,-95.4143133
"Houston, TX",Emerald Isle Cooler,"Carrots, celery, beets, spinach and parsley",8.0,Island Grill,An American Mediterranean Restaurant,29.7171594,-95.4143133
"Houston, TX",Fresh Squeezed Grapefruit Juice,,7.5,Island Grill,An American Mediterranean Restaurant,29.7171594,-95.4143133
"Houston, TX",Apple Rush ,,7.5,Island Grill,An American Mediterranean Restaurant,29.7171594,-95.4143133
"Houston, TX",Garden Quencher,"tomato, carrots, apple, beets, celery",8.0,Island Grill,An American Mediterranean Restaurant,29.7171594,-95.4143133
"Houston, TX","B1. Fresh Shrimp, Pork & Chives (8)",,9.49,Bao Shi Yi,"Chinese, Dumplings, Snacks, Noodles, Rice Bowl",29.732268,-95.418508
"Houston, TX",Carne Asada,Grilled steak ,3.99,Laredo Taco Company,"Convenience, Snacks, Ice Cream, Grocery, Breakfast, Lunch, Enchiladas, Carnitas, Barbacoa, Tacos, Nachos",29.7314516,-95.3822571
"Houston, TX",Refried Beans,Freshly prepared refried pinto beans.,2.19,Laredo Taco Company,"Convenience, Snacks, Ice Cream, Grocery, Breakfast, Lunch, Enchiladas, Carnitas, Barbacoa, Tacos, Nachos",29.7314516,-95.3822571
"Houston, TX",Half Dozen Tacos,Choose 6 of your favorite tacos.,26.94,Laredo Taco Company,"Convenience, Snacks, Ice Cream, Grocery, Breakfast, Lunch, Enchiladas, Carnitas, Barbacoa, Tacos, Nachos",29.7314516,-95.3822571
"Houston, TX",Dozen Tacos,Choose 12 of your favorite tacos.,53.88,Laredo Taco Company,"Convenience, Snacks, Ice Cream, Grocery, Breakfast, Lunch, Enchiladas, Carnitas, Barbacoa, Tacos, Nachos",29.7314516,-95.3822571
"Houston, TX",Torta,,3.99,Laredo Taco Company,"Convenience, Snacks, Ice Cream, Grocery, Breakfast, Lunch, Enchiladas, Carnitas, Barbacoa, Tacos, Nachos",29.7314516,-95.3822571
"Houston, TX",Cool Blue Gatorade (28oz),,2.99,Laredo Taco Company,"Convenience, Snacks, Ice Cream, Grocery, Breakfast, Lunch, Enchiladas, Carnitas, Barbacoa, Tacos, Nachos",29.7314516,-95.3822571
"Houston, TX",Lemon Lime Gatorade (28oz),,2.99,Laredo Taco Company,"Convenience, Snacks, Ice Cream, Grocery, Breakfast, Lunch, Enchiladas, Carnitas, Barbacoa, Tacos, Nachos",29.7314516,-95.3822571
"Houston, TX",Fruit Punch Gatorade (28oz),,2.99,Laredo Taco Company,"Convenience, Snacks, Ice Cream, Grocery, Breakfast, Lunch, Enchiladas, Carnitas, Barbacoa, Tacos, Nachos",29.7314516,-95.3822571
"Houston, TX",Lime Cucumber Gatorade (28oz),,2.99,Laredo Taco Company,"Convenience, Snacks, Ice Cream, Grocery, Breakfast, Lunch, Enchiladas, Carnitas, Barbacoa, Tacos, Nachos",29.7314516,-95.3822571
"Houston, TX",Lemon Cooler Cookies,"Lemon, Coconut & White Chocolate",2.5,World of Sourdough,"American, Sandwiches, Salads, Soup, Cookies",29.7750788,-95.3875446
"Houston, TX",Coke 20oz,,2.49,Laredo Taco Company,"Convenience, Snacks, Ice Cream, Grocery, Breakfast, Lunch, Enchiladas, Carnitas, Barbacoa, Tacos, Nachos",29.7314516,-95.3822571
"Houston, TX",Coke 12 Pack 12oz,,8.99,Laredo Taco Company,"Convenience, Snacks, Ice Cream, Grocery, Breakfast, Lunch, Enchiladas, Carnitas, Barbacoa, Tacos, Nachos",29.7314516,-95.3822571
"Houston, TX",Dr Pepper 20oz,,2.49,Laredo Taco Company,"Convenience, Snacks, Ice Cream, Grocery, Breakfast, Lunch, Enchiladas, Carnitas, Barbacoa, Tacos, Nachos",29.7314516,-95.3822571
"Houston, TX",Fanta Pineapple 20oz,,2.49,Laredo Taco Company,"Convenience, Snacks, Ice Cream, Grocery, Breakfast, Lunch, Enchiladas, Carnitas, Barbacoa, Tacos, Nachos",29.7314516,-95.3822571
"Houston, TX",A&W Root Beer 20oz,,2.49,Laredo Taco Company,"Convenience, Snacks, Ice Cream, Grocery, Breakfast, Lunch, Enchiladas, Carnitas, Barbacoa, Tacos, Nachos",29.7314516,-95.3822571
"Houston, TX",Fanta Orange 20oz,,2.49,Laredo Taco Company,"Convenience, Snacks, Ice Cream, Grocery, Breakfast, Lunch, Enchiladas, Carnitas, Barbacoa, Tacos, Nachos",29.7314516,-95.3822571
"Houston, TX","The French Dip (6\ Specialty Sandwich)""","Served with House Spread, Swiss Cheese, Au Jus, Served Hot",14.39,World of Sourdough,"American, Sandwiches, Salads, Soup, Cookies",29.7750788,-95.3875446
"Houston, TX",Fanta Pina Colada 20oz,,2.49,Laredo Taco Company,"Convenience, Snacks, Ice Cream, Grocery, Breakfast, Lunch, Enchiladas, Carnitas, Barbacoa, Tacos, Nachos",29.7314516,-95.3822571
"Houston, TX",Sprite 20oz,,2.49,Laredo Taco Company,"Convenience, Snacks, Ice Cream, Grocery, Breakfast, Lunch, Enchiladas, Carnitas, Barbacoa, Tacos, Nachos",29.7314516,-95.3822571
"Houston, TX",Coke Zero 20oz,,2.49,Laredo Taco Company,"Convenience, Snacks, Ice Cream, Grocery, Breakfast, Lunch, Enchiladas, Carnitas, Barbacoa, Tacos, Nachos",29.7314516,-95.3822571
"Houston, TX",Squirt 20oz,,2.49,Laredo Taco Company,"Convenience, Snacks, Ice Cream, Grocery, Breakfast, Lunch, Enchiladas, Carnitas, Barbacoa, Tacos, Nachos",29.7314516,-95.3822571
"Houston, TX",#2 Roast Beef,"Top Round London Broil, Thinly Sliced",11.59,World of Sourdough,"American, Sandwiches, Salads, Soup, Cookies",29.7750788,-95.3875446
"Houston, TX",Dr Pepper & Cream Soda 20z,,2.49,Laredo Taco Company,"Convenience, Snacks, Ice Cream, Grocery, Breakfast, Lunch, Enchiladas, Carnitas, Barbacoa, Tacos, Nachos",29.7314516,-95.3822571
"Houston, TX","Smoked Brisket (6\ Specialty Sandwich)""","SAVORY SMOKED BRISKET, HOUSE SPREAD, TOMATOES, GREEN CHILI COLESLAW, BARBECUE SAUCE, CHEDDAR CHEESE, PREPARED HOT",14.39,World of Sourdough,"American, Sandwiches, Salads, Soup, Cookies",29.7750788,-95.3875446
"Houston, TX",Diet Coke 20oz,,2.49,Laredo Taco Company,"Convenience, Snacks, Ice Cream, Grocery, Breakfast, Lunch, Enchiladas, Carnitas, Barbacoa, Tacos, Nachos",29.7314516,-95.3822571
"Houston, TX",Sprite Diet Zero 20oz,,2.49,Laredo Taco Company,"Convenience, Snacks, Ice Cream, Grocery, Breakfast, Lunch, Enchiladas, Carnitas, Barbacoa, Tacos, Nachos",29.7314516,-95.3822571
"Houston, TX",White Chocolate Macadamia,White Chocolate Macadamia,2.5,World of Sourdough,"American, Sandwiches, Salads, Soup, Cookies",29.7750788,-95.3875446
"Houston, TX",#14 Italian,"Dry Salami, Thinly Sliced Pepperoni, Mozzarella Cheese, Balsamic Vinegar and Olive Oil",11.59,World of Sourdough,"American, Sandwiches, Salads, Soup, Cookies",29.7750788,-95.3875446
"Houston, TX",#3 Turkey,Gourmet Turkey Breast,11.59,World of Sourdough,"American, Sandwiches, Salads, Soup, Cookies",29.7750788,-95.3875446
"Houston, TX",A&W Cream Soda 20oz,,2.49,Laredo Taco Company,"Convenience, Snacks, Ice Cream, Grocery, Breakfast, Lunch, Enchiladas, Carnitas, Barbacoa, Tacos, Nachos",29.7314516,-95.3822571
"Houston, TX",Big Blue 20oz,,2.49,Laredo Taco Company,"Convenience, Snacks, Ice Cream, Grocery, Breakfast, Lunch, Enchiladas, Carnitas, Barbacoa, Tacos, Nachos",29.7314516,-95.3822571
"Houston, TX",Diet Dr Pepper 20oz,,2.49,Laredo Taco Company,"Convenience, Snacks, Ice Cream, Grocery, Breakfast, Lunch, Enchiladas, Carnitas, Barbacoa, Tacos, Nachos",29.7314516,-95.3822571
"Houston, TX",#4 Ham & Turkey,"Black Forest Smoked Ham, Gourmet Turkey Breast",11.59,World of Sourdough,"American, Sandwiches, Salads, Soup, Cookies",29.7750788,-95.3875446
"Houston, TX",Pepsi 20oz,,2.49,Laredo Taco Company,"Convenience, Snacks, Ice Cream, Grocery, Breakfast, Lunch, Enchiladas, Carnitas, Barbacoa, Tacos, Nachos",29.7314516,-95.3822571
"Houston, TX",#13 Garlic Pesto,Gourmet Turkey Breast with Pesto Aioli Spread,11.59,World of Sourdough,"American, Sandwiches, Salads, Soup, Cookies",29.7750788,-95.3875446
"Houston, TX",#5 Turkey & Salami,"Gourmet Turkey Breast, Genoa Salami",11.59,World of Sourdough,"American, Sandwiches, Salads, Soup, Cookies",29.7750788,-95.3875446
"Houston, TX",#9 Cracked Pepper Turkey,Black Pepper Turkey Breast,11.59,World of Sourdough,"American, Sandwiches, Salads, Soup, Cookies",29.7750788,-95.3875446
"Houston, TX",Mountain Dew 20oz,,2.49,Laredo Taco Company,"Convenience, Snacks, Ice Cream, Grocery, Breakfast, Lunch, Enchiladas, Carnitas, Barbacoa, Tacos, Nachos",29.7314516,-95.3822571
"Houston, TX",#8 Pastrami & Turkey,"Thinly Sliced Lean Pastrami, Gourmet Turkey Breast",11.59,World of Sourdough,"American, Sandwiches, Salads, Soup, Cookies",29.7750788,-95.3875446
"Houston, TX",Coke Cherry 20oz,,2.49,Laredo Taco Company,"Convenience, Snacks, Ice Cream, Grocery, Breakfast, Lunch, Enchiladas, Carnitas, Barbacoa, Tacos, Nachos",29.7314516,-95.3822571
"Houston, TX",#7 Pastrami Reuben with Sauerkraut ,"Lean Pastrami, Sauerkraut, Swiss Cheese, Served Hot",11.59,World of Sourdough,"American, Sandwiches, Salads, Soup, Cookies",29.7750788,-95.3875446
"Houston, TX",#1 Ham,Black Forest Smoked Ham,11.59,World of Sourdough,"American, Sandwiches, Salads, Soup, Cookies",29.7750788,-95.3875446
"Houston, TX",#11 Chicken Salad,"Chicken Breast, Celery, Cranberries, Red Grapes and Pecans",11.59,World of Sourdough,"American, Sandwiches, Salads, Soup, Cookies",29.7750788,-95.3875446
"Houston, TX",Diet Mountain Dew 20oz,,2.49,Laredo Taco Company,"Convenience, Snacks, Ice Cream, Grocery, Breakfast, Lunch, Enchiladas, Carnitas, Barbacoa, Tacos, Nachos",29.7314516,-95.3822571
"Houston, TX",#6 Pastrami,"Thinly Sliced Lean Pastrami, Served Hot",11.59,World of Sourdough,"American, Sandwiches, Salads, Soup, Cookies",29.7750788,-95.3875446
"Houston, TX","Caprese (6\ Specialty Sandwich)""","Fresh Mozzarella Cheese, Pesto Aioli, Lettuce, Tomato & Balsamic Glaze, Served Melted or Cold",14.39,World of Sourdough,"American, Sandwiches, Salads, Soup, Cookies",29.7750788,-95.3875446
"Houston, TX",#12 Tuna Salad,Albacore Tuna Salad,11.59,World of Sourdough,"American, Sandwiches, Salads, Soup, Cookies",29.7750788,-95.3875446
"Houston, TX",Canada Dry Ginger Ale 20oz,,2.49,Laredo Taco Company,"Convenience, Snacks, Ice Cream, Grocery, Breakfast, Lunch, Enchiladas, Carnitas, Barbacoa, Tacos, Nachos",29.7314516,-95.3822571
"Houston, TX",#10 Veggie,"Garden Fresh Lettuce, Tomatoes, Cucumbers, Carrots, Bell Peppers and Avocado",11.59,World of Sourdough,"American, Sandwiches, Salads, Soup, Cookies",29.7750788,-95.3875446
"Houston, TX",Kids Meal - Mac & Cheese,"Mac & Cheese, Applesauce, Milk or Bottled Water (Milk brand my vary from store to store)",11.59,World of Sourdough,"American, Sandwiches, Salads, Soup, Cookies",29.7750788,-95.3875446
"Houston, TX",Kids Meal - Sandwich,"Half Sandwich Served on sliced Honey Wheat Bread, Applesauce, Milk or Bottled Water",11.59,World of Sourdough,"American, Sandwiches, Salads, Soup, Cookies",29.7750788,-95.3875446
"Houston, TX",Fanta Strawberry 20oz,,2.49,Laredo Taco Company,"Convenience, Snacks, Ice Cream, Grocery, Breakfast, Lunch, Enchiladas, Carnitas, Barbacoa, Tacos, Nachos",29.7314516,-95.3822571
"Houston, TX",Chips,Assorted chips for you to choose from.,2.5,World of Sourdough,"American, Sandwiches, Salads, Soup, Cookies",29.7750788,-95.3875446
"Houston, TX",Fanta Grape 20oz,,2.49,Laredo Taco Company,"Convenience, Snacks, Ice Cream, Grocery, Breakfast, Lunch, Enchiladas, Carnitas, Barbacoa, Tacos, Nachos",29.7314516,-95.3822571
"Houston, TX",Dr Pepper 12 Pack 12oz Can,,8.99,Laredo Taco Company,"Convenience, Snacks, Ice Cream, Grocery, Breakfast, Lunch, Enchiladas, Carnitas, Barbacoa, Tacos, Nachos",29.7314516,-95.3822571
"Houston, TX",Gatorade Cool Blue 28oz,,2.99,Laredo Taco Company,"Convenience, Snacks, Ice Cream, Grocery, Breakfast, Lunch, Enchiladas, Carnitas, Barbacoa, Tacos, Nachos",29.7314516,-95.3822571
"Houston, TX",Gatorade Frost Glacier Freeze 28oz,,2.99,Laredo Taco Company,"Convenience, Snacks, Ice Cream, Grocery, Breakfast, Lunch, Enchiladas, Carnitas, Barbacoa, Tacos, Nachos",29.7314516,-95.3822571
"Houston, TX",Gatorade Lemon Lime 28oz,,2.99,Laredo Taco Company,"Convenience, Snacks, Ice Cream, Grocery, Breakfast, Lunch, Enchiladas, Carnitas, Barbacoa, Tacos, Nachos",29.7314516,-95.3822571
"Houston, TX",Par Baked Baguette,"Our San Francisco Sourdough Baguette partially baked, ready to bake at home for that just out of the oven flavor.",5.25,World of Sourdough,"American, Sandwiches, Salads, Soup, Cookies",29.7750788,-95.3875446
"Houston, TX",Gatorade Fruit Punch 28oz,,2.99,Laredo Taco Company,"Convenience, Snacks, Ice Cream, Grocery, Breakfast, Lunch, Enchiladas, Carnitas, Barbacoa, Tacos, Nachos",29.7314516,-95.3822571
"Houston, TX",Gatorade Lime Cucumber 28oz,,2.99,Laredo Taco Company,"Convenience, Snacks, Ice Cream, Grocery, Breakfast, Lunch, Enchiladas, Carnitas, Barbacoa, Tacos, Nachos",29.7314516,-95.3822571
"Houston, TX",Orange 16 oz,"Organic Orange, Organic Carrot, Organic Pineapple, Organic Turmeric*Our team works very hard to keep the cold-press fridge stocked, but we can't guarantee your store will have every option available! Please call to confirm availability.Nutritional information is based on 8oz serving.Total Calories - 102Calories from Fat - 3Total Fat - 0 gSaturated Fat - 0 gTrans Fat - 0 gCholesterol - 0 mgSodium - 102 mgTotal Carbs - 23 gDietary Fiber - 0 gSugars - 23 gProtein - 2 g",14.34,Clean Juice,"Smoothies, Healthy, Juice Bars & Smoothies, Wraps, Toast, Sandwiches, Juice, Breakfast and Lunch, Breakfast, Salads & Sandwiches",29.7904035,-95.3979767
"Houston, TX",Green 16 oz,"Organic Spinach, Organic Kale, Organic Celery, Organic Cucumber, Organic Ginger, Organic Lemon*Our team works very hard to keep the cold-press fridge stocked, but we can't guarantee your store will have every option available! Please call to confirm availability.Nutritional information is based on 8oz serving.Total Calories - 24Calories from Fat - 0Total Fat - 0 gSaturated Fat - 0 gTrans Fat - 0 gCholesterol - 0 mgSodium - 175 mgTotal Carbs - 4 gDietary Fiber - 0 gSugars - 4 gProtein - 2 g",14.34,Clean Juice,"Smoothies, Healthy, Juice Bars & Smoothies, Wraps, Toast, Sandwiches, Juice, Breakfast and Lunch, Breakfast, Salads & Sandwiches",29.7904035,-95.3979767
"Houston, TX",Sweet Green 16 oz,"Organic Cucumber, Organic Apple, Organic Kale, Organic Spinach, Organic Mint*Our team works very hard to keep the cold-press fridge stocked, but we can't guarantee your store will have every option available! Please call to confirm availability.Nutritional information is based on 8oz serving.Total Calories - 72Calories from Fat - 3Total Fat - 0 gSaturated Fat - 0 gTrans Fat - 0 gCholesterol - 0 mgSodium - 64 mgTotal Carbs - 16 gDietary Fiber - 0 gSugars - 16 gProtein - 1 g",14.34,Clean Juice,"Smoothies, Healthy, Juice Bars & Smoothies, Wraps, Toast, Sandwiches, Juice, Breakfast and Lunch, Breakfast, Salads & Sandwiches",29.7904035,-95.3979767
"Houston, TX",The Original Cleanse,"Available the day after ordering, call the store for availability if needed sooner.6 Cold Pressed Juices - Sweet Green, Orange, Green, Yellow, Red, WhiteTotal Calories - 870Total Fat - 28 gTotal Carbs - 232 gSugars - 158 gProtein - 32 gNutrition facts based on 16 oz serving.",85.15,Clean Juice,"Smoothies, Healthy, Juice Bars & Smoothies, Wraps, Toast, Sandwiches, Juice, Breakfast and Lunch, Breakfast, Salads & Sandwiches",29.7904035,-95.3979767
"Houston, TX",Green 12 oz,"Cucumber, Celery, Fennel, Spinach, Lemon & Ginger",10.74,Clean Juice,"Smoothies, Healthy, Juice Bars & Smoothies, Wraps, Toast, Sandwiches, Juice, Breakfast and Lunch, Breakfast, Salads & Sandwiches",29.7904035,-95.3979767
"Houston, TX",Sweet Green 12 oz,"Apple, Cucumber, Spinach, Mint & Lemon",10.74,Clean Juice,"Smoothies, Healthy, Juice Bars & Smoothies, Wraps, Toast, Sandwiches, Juice, Breakfast and Lunch, Breakfast, Salads & Sandwiches",29.7904035,-95.3979767
"Houston, TX",Orange 12 oz,"Carrot, Orange, Pineapple & Turmeric",10.74,Clean Juice,"Smoothies, Healthy, Juice Bars & Smoothies, Wraps, Toast, Sandwiches, Juice, Breakfast and Lunch, Breakfast, Salads & Sandwiches",29.7904035,-95.3979767
"Houston, TX",Pink 12 oz,"Filtered Water, Lemon, Agave, & Dragon Fruit",9.54,Clean Juice,"Smoothies, Healthy, Juice Bars & Smoothies, Wraps, Toast, Sandwiches, Juice, Breakfast and Lunch, Breakfast, Salads & Sandwiches",29.7904035,-95.3979767
"Houston, TX",Yellow 12 oz,"Filtered Water, Lemon, Maple Syrup & Cayenne",9.54,Clean Juice,"Smoothies, Healthy, Juice Bars & Smoothies, Wraps, Toast, Sandwiches, Juice, Breakfast and Lunch, Breakfast, Salads & Sandwiches",29.7904035,-95.3979767
"Houston, TX",Red 12 oz,"Apple, Pineapple, Beet, Carrot & Lemon",10.74,Clean Juice,"Smoothies, Healthy, Juice Bars & Smoothies, Wraps, Toast, Sandwiches, Juice, Breakfast and Lunch, Breakfast, Salads & Sandwiches",29.7904035,-95.3979767
"Houston, TX",Gold 16 oz,"Filtered Water, Himalayan Pink Sea Salt, Organic Black Pepper, Organic Cashews, Organic Cinnamon, Organic Maple Syrup, Organic Turmeric, Organic VanillaNutritional information is based on 8oz serving.Total Calories - 214Calories from Fat - 114Total Fat - 13 gSaturated Fat - 2 gTrans Fat - 0 gCholesterol - 0 mgSodium - 134 mgTotal Carbs - 21 gDietary Fiber - 1 gSugars - 13 gProtein - 5 g Available the day after ordering, call the store for availability if needed sooner.",14.34,Clean Juice,"Smoothies, Healthy, Juice Bars & Smoothies, Wraps, Toast, Sandwiches, Juice, Breakfast and Lunch, Breakfast, Salads & Sandwiches",29.7904035,-95.3979767
"Houston, TX",Cashew Milk Latte 16 oz,"Organic Cold Brew Coffee , Organic Cashews, Organic Vanilla, Organic Cinnamon, Organic Maple Syrup, Organic Himalayan Pink Sea Salt*Our team works very hard to keep the cold-press fridge stocked, but we can't guarantee your store will have every option available! Please call to confirm availability.Nutritional information is based on 16oz serving.Total Calories - 157Calories from Fat - 85Total Fat - 9 gSaturated Fat - 2 gTrans Fat - 0 gCholesterol - 0 mgSodium - 143 mgTotal Carbs - 15 gDietary Fiber - 1 gSugars - 10 gProtein - 4 g",14.34,Clean Juice,"Smoothies, Healthy, Juice Bars & Smoothies, Wraps, Toast, Sandwiches, Juice, Breakfast and Lunch, Breakfast, Salads & Sandwiches",29.7904035,-95.3979767
"Houston, TX",Cacao Milk 16 oz,"Organic Cashews, Organic Vanilla, Organic Cinnamon, Organic Maple Syrup, Organic Himalayan Pink Sea Salt, Organic Cacao*Our team works very hard to keep the cold-press fridge stocked, but we can't guarantee your store will have every option available! Please call to confirm availability.Nutritional information is based on 8oz serving.Total Calories - 219Calories from Fat - 115Total Fat - 13 gSaturated Fat - 2 gTrans Fat - 0 gCholesterol - 0 mgSodium - 85 mgTotal Carbs - 21 gDietary Fiber - 2 gSugars - 13 gProtein - 5 g",14.34,Clean Juice,"Smoothies, Healthy, Juice Bars & Smoothies, Wraps, Toast, Sandwiches, Juice, Breakfast and Lunch, Breakfast, Salads & Sandwiches",29.7904035,-95.3979767
"Houston, TX",White 16 oz,"Filtered Water, Organic Cashews, Organic Vanilla, Organic Cinnamon, Organic Maple Syrup, Organic Himalayan Pink Sea Salt*Our team works very hard to keep the cold-press fridge stocked, but we can't guarantee your store will have every option available! Please call to confirm availability.Nutritional information is based on 8oz serving.Total Calories - 202Calories from Fat - 117Total Fat - 13 gSaturated Fat - 2 gTrans Fat - 0 gCholesterol - 0 mgSodium - 196 mgTotal Carbs - 17 gDietary Fiber - 1 gSugars - 11 gProtein - 5 g",14.34,Clean Juice,"Smoothies, Healthy, Juice Bars & Smoothies, Wraps, Toast, Sandwiches, Juice, Breakfast and Lunch, Breakfast, Salads & Sandwiches",29.7904035,-95.3979767
"Houston, TX",The Super Greens Cleanse,"Sweet Green, Green, Sweet Green, Green, Wheatgrass Wellness Shot",44.34,Clean Juice,"Smoothies, Healthy, Juice Bars & Smoothies, Wraps, Toast, Sandwiches, Juice, Breakfast and Lunch, Breakfast, Salads & Sandwiches",29.7904035,-95.3979767
"Houston, TX",1 Day Cleanse,"Designed to rest & reset your body with a balanced nutrient schedule, these 6 organic cold-pressed juices are a must for combating processed food and customizing nutritional benefits.",59.94,Clean Juice,"Smoothies, Healthy, Juice Bars & Smoothies, Wraps, Toast, Sandwiches, Juice, Breakfast and Lunch, Breakfast, Salads & Sandwiches",29.7904035,-95.3979767
"Houston, TX",2 Day Cleanse,Give your body a little extra renewal with our two-day cleanse option! This option includes 12 organic juices.,119.88,Clean Juice,"Smoothies, Healthy, Juice Bars & Smoothies, Wraps, Toast, Sandwiches, Juice, Breakfast and Lunch, Breakfast, Salads & Sandwiches",29.7904035,-95.3979767
"Houston, TX",3 Day Cleanse,Take your cleansing to the next level with this major toxin flush! This cleanse includes 18 organic juices.,179.82,Clean Juice,"Smoothies, Healthy, Juice Bars & Smoothies, Wraps, Toast, Sandwiches, Juice, Breakfast and Lunch, Breakfast, Salads & Sandwiches",29.7904035,-95.3979767
"Houston, TX",5 Day Cleanse,"For the ultimate detox, try our five day option! We salute you, cleanser. This cleanse includes 30 organic juices.",299.7,Clean Juice,"Smoothies, Healthy, Juice Bars & Smoothies, Wraps, Toast, Sandwiches, Juice, Breakfast and Lunch, Breakfast, Salads & Sandwiches",29.7904035,-95.3979767
"Houston, TX",Pick 5 Pack,Choose 5 wellness shots for the price of 4.,23.76,Clean Juice,"Smoothies, Healthy, Juice Bars & Smoothies, Wraps, Toast, Sandwiches, Juice, Breakfast and Lunch, Breakfast, Salads & Sandwiches",29.7904035,-95.3979767
"Houston, TX",Traditional Thanksgiving,"Fried Turkey, Cornbread Dressing (contains chicken), Collard Greens with Smoked Turkey, Candied Yams and Smoked Gouda Mac and Cheese.Includes: Fresh Cranberry Sauce and your choice of cornbread muffins or rolls",350.0,Creole Kitchen and Daiquris,"Southern, Salads, Soup",29.7005205,-95.3764521
"Houston, TX",Creole Thanksgiving,"Fried Turkey or 15 Fried Catfish Filets, Seafood Dressing (Andioulle Sausage and Shrimp), Ettoufee (crawfish or shrimp), red beans and rice with smoked turkey, greens beans with smoked turkey Includes: Fresh Cranberry Sauce and your choice of yeast rolls or cornbread muffins",375.0,Creole Kitchen and Daiquris,"Southern, Salads, Soup",29.7005205,-95.3764521
"Houston, TX",Fried  Whole Turkey,,70.0,Creole Kitchen and Daiquris,"Southern, Salads, Soup",29.7005205,-95.3764521
"Houston, TX",Fried Turkey (Carved),,80.0,Creole Kitchen and Daiquris,"Southern, Salads, Soup",29.7005205,-95.3764521
"Houston, TX",Fried Catfish Filets,,85.0,Creole Kitchen and Daiquris,"Southern, Salads, Soup",29.7005205,-95.3764521
"Houston, TX",Cornbread Dressing (Chicken),,60.0,Creole Kitchen and Daiquris,"Southern, Salads, Soup",29.7005205,-95.3764521
"Houston, TX",Seafood Dressing (Shrimp and Andouille Sausage),,80.0,Creole Kitchen and Daiquris,"Southern, Salads, Soup",29.7005205,-95.3764521
"Houston, TX",Veggie Dressing (Vegetarian Cornbread with Cauliflower and Carrots),,50.0,Creole Kitchen and Daiquris,"Southern, Salads, Soup",29.7005205,-95.3764521
"Houston, TX",Collard Greens w/ Smoked Turkey,,60.0,Creole Kitchen and Daiquris,"Southern, Salads, Soup",29.7005205,-95.3764521
"Houston, TX",Green Beans w/ Smoked Turkey,,40.0,Creole Kitchen and Daiquris,"Southern, Salads, Soup",29.7005205,-95.3764521
"Houston, TX",Smoked Gouda Mac and Cheese,,60.0,Creole Kitchen and Daiquris,"Southern, Salads, Soup",29.7005205,-95.3764521
"Houston, TX",Red Beans and Rice with Smoked Turkey,,50.0,Creole Kitchen and Daiquris,"Southern, Salads, Soup",29.7005205,-95.3764521
"Houston, TX",Garlic Mashed Potatoes,,40.0,Creole Kitchen and Daiquris,"Southern, Salads, Soup",29.7005205,-95.3764521
"Houston, TX","Loaded Mashed Potatoes (Bacon, Cheese, Sour Cream and Chives)",,60.0,Creole Kitchen and Daiquris,"Southern, Salads, Soup",29.7005205,-95.3764521
"Houston, TX",Ettoufee,,75.0,Creole Kitchen and Daiquris,"Southern, Salads, Soup",29.7005205,-95.3764521
"Houston, TX",Banana Pudding,,50.0,Creole Kitchen and Daiquris,"Southern, Salads, Soup",29.7005205,-95.3764521
"Houston, TX",Hot Dog,100% All-Beef Hot Dog,5.49,Fuddruckers,"Burgers, American",29.711993,-95.3813178
"Houston, TX",Strawberry Cheesecake (12 slices),,75.0,Creole Kitchen and Daiquris,"Southern, Salads, Soup",29.7005205,-95.3764521
"Houston, TX",Salted Caramel Turtle Cheesecake (12 slices),,75.0,Creole Kitchen and Daiquris,"Southern, Salads, Soup",29.7005205,-95.3764521
"Houston, TX",Blueberry White Chocolate Cobbler Cheesecake (12 slices),,100.0,Creole Kitchen and Daiquris,"Southern, Salads, Soup",29.7005205,-95.3764521
"Houston, TX",Fresh Cranberry Sauce,,15.0,Creole Kitchen and Daiquris,"Southern, Salads, Soup",29.7005205,-95.3764521
"Houston, TX",Cornbread Muffins,,35.0,Creole Kitchen and Daiquris,"Southern, Salads, Soup",29.7005205,-95.3764521
"Houston, TX",Rolls,,35.0,Creole Kitchen and Daiquris,"Southern, Salads, Soup",29.7005205,-95.3764521
"Houston, TX",Brown Gravy (Quart),,25.0,Creole Kitchen and Daiquris,"Southern, Salads, Soup",29.7005205,-95.3764521
"Houston, TX",Fresh Lemonade (Gallon),,15.0,Creole Kitchen and Daiquris,"Southern, Salads, Soup",29.7005205,-95.3764521
"Houston, TX",Sweet Tea (Gallon),,12.0,Creole Kitchen and Daiquris,"Southern, Salads, Soup",29.7005205,-95.3764521
"Houston, TX",Daiquiri Of The Week (1/2 Gallon),,24.0,Creole Kitchen and Daiquris,"Southern, Salads, Soup",29.7005205,-95.3764521
"Houston, TX",Banana Chia Pudding,"Chia seeds soaked overnight in oat milk and sweetened with raw cane sugar. (Gluten-free, vegan)",6.5,F#ck Carbs,"Salads, Healthy, Gluten-Free, Pizza",29.7226889,-95.3704827
"Houston, TX",Lamb Keema,,32.0,Kiran's,Traditional Indian Cuisine,29.733959,-95.422517
"Houston, TX",Paneer Bhurji,,28.0,Kiran's,Traditional Indian Cuisine,29.733959,-95.422517
"Houston, TX",Lamb,,32.0,Kiran's,Traditional Indian Cuisine,29.733959,-95.422517
"Houston, TX",Paneer,,28.0,Kiran's,Traditional Indian Cuisine,29.733959,-95.422517
"Houston, TX",DS Candied Kettle Corn,"kettle corn, togarashi spice, brisket burnt ends.**dairy",6.25,Loro Asian Smokehouse,"Snacks, Rice Bowl, Sandwiches, Salads",29.7907707,-95.4074284
"Houston, TX",Pork Chop,"18oz. Grilled double bone-in pork chops, apple compote, mashed potatoes, sauteed spinach.",40.99,The Federal American Grill,"American (Traditional), Steakhouses",29.7669988,-95.4090417
"Houston, TX",Buffalo Bayou 1836 Copper Ale,,7.99,The Federal American Grill,"American (Traditional), Steakhouses",29.7669988,-95.4090417
"Houston, TX",The Prisoner | California,,73.99,The Federal American Grill,"American (Traditional), Steakhouses",29.7669988,-95.4090417
"Houston, TX",Bill Withers Fried Oyster,"Chopped iceberg, chicken fried oysters, bleu cheese crumbles, bacon, cherry tomatoes, ranch dressing.",17.99,The Federal American Grill,"American (Traditional), Steakhouses",29.7669988,-95.4090417
"Houston, TX",Spicy Buffalo Chicken,"Fried chicken breast tossed in wing sauce, ranch, bleu cheese crumbles, lettuce, tomato, pickles, jalapeño-cheddar bun.",16.99,The Federal American Grill,"American (Traditional), Steakhouses",29.7669988,-95.4090417
"Houston, TX",No Label Cali Boy,,8.99,The Federal American Grill,"American (Traditional), Steakhouses",29.7669988,-95.4090417
"Houston, TX",DS Smoked Salmon Dip,"yuzu, sriracha aioli, togarashi, wonton chips**gluten, eggs, sesame, garlic",10.5,Loro Asian Smokehouse,"Snacks, Rice Bowl, Sandwiches, Salads",29.7907707,-95.4074284
"Houston, TX",Session,,6.99,The Federal American Grill,"American (Traditional), Steakhouses",29.7669988,-95.4090417
"Houston, TX",Austin Eastciders Cider,,8.99,The Federal American Grill,"American (Traditional), Steakhouses",29.7669988,-95.4090417
"Houston, TX",Chiarlo Nivole Moscato d`Asti | Italy (375ml),,28.99,The Federal American Grill,"American (Traditional), Steakhouses",29.7669988,-95.4090417
"Houston, TX",DS Smoked Three Bean Salad,"chilies, shallot, thai herbs, sesame",6.75,Loro Asian Smokehouse,"Snacks, Rice Bowl, Sandwiches, Salads",29.7907707,-95.4074284
"Houston, TX",DS Loro Cheeseburger,"brisket-onion jam, muenster cheese, lettuce, pickles brioche bun**gluten, dairy, onion **temperature requests are unavailable",16.5,Loro Asian Smokehouse,"Snacks, Rice Bowl, Sandwiches, Salads",29.7907707,-95.4074284
"Houston, TX",DS Brisket Bun,"papaya salad, peanuts, chili aioli, thai herbs**gluten, dairy, egg, soy, garlic, peanut, sesame, fish sauce",15.5,Loro Asian Smokehouse,"Snacks, Rice Bowl, Sandwiches, Salads",29.7907707,-95.4074284
"Houston, TX",DS Chicken Sandwich,"fried chicken, spicy honey, citrus cabbage slaw, smoked hot sauce, pickles **gluten, egg, dairy(slaw and hot sauce come on the side)",13.75,Loro Asian Smokehouse,"Snacks, Rice Bowl, Sandwiches, Salads",29.7907707,-95.4074284
"Houston, TX",DS Cod Sandwich,"yuzu 1000 island, sweet cucumber pickles, caraway slaw",13.75,Loro Asian Smokehouse,"Snacks, Rice Bowl, Sandwiches, Salads",29.7907707,-95.4074284
"Houston, TX",DS Pork Belly Plate,"house hoisin sauce, celery, onion**gluten, soy, garlic, sesame",16.0,Loro Asian Smokehouse,"Snacks, Rice Bowl, Sandwiches, Salads",29.7907707,-95.4074284
"Houston, TX",Eggplant Parmesan,"Parmesan crusted eggplant, Monterrey Jack cheese & a sweet & spicy caper tomato sauce.",17.0,Ouisie's Table,"Brunch, Seafood, Sandwiches, Dessert, Salads",29.7460082,-95.4431674
"Houston, TX",Theresa’s Fresh Fruit Plate ,"Cantaloupe, Apples, Banana, Pears & Fresh Berries.",9.0,Ouisie's Table,"Brunch, Seafood, Sandwiches, Dessert, Salads",29.7460082,-95.4431674
"Houston, TX",Homemade White Bread Loaf,,5.4,Goode Company BBQ,Barbecue Restaurant,29.7269913,-95.4182615
"Houston, TX",Chocolate Chip Cookie Dough Layered Sundae,"Three scoops of Chocolate Chip Cookie Dough ice cream with layers of hot fudge and cookie dough pieces, topped with caramel.",9.11,Baskin-Robbins,"Ice cream cups & cones, milkshakes, and more. While every measure will be taken to deliver exceptional product, product temperature and quality may be affected by longer delivery times. All of our products may have come into contact with allergens including eggs, fish, milk, peanuts, shellfish, soy, tree nuts, or wheat. Please contact your local Baskin Robbins shop for more information.",29.7424853,-95.4256238
"Houston, TX",3 Scoop Sundae,"Your choice of 3-2.5 oz. scoops of ice cream topped with your choice of wet topping, chopped almonds, and a cherry. Delivered products will not include whipped cream.",8.36,Baskin-Robbins,"Ice cream cups & cones, milkshakes, and more. While every measure will be taken to deliver exceptional product, product temperature and quality may be affected by longer delivery times. All of our products may have come into contact with allergens including eggs, fish, milk, peanuts, shellfish, soy, tree nuts, or wheat. Please contact your local Baskin Robbins shop for more information.",29.7424853,-95.4256238
"Houston, TX",Milkshake,Your choice of ice cream blended with Milk and Simple Syrup,6.98,Baskin-Robbins,"Ice cream cups & cones, milkshakes, and more. While every measure will be taken to deliver exceptional product, product temperature and quality may be affected by longer delivery times. All of our products may have come into contact with allergens including eggs, fish, milk, peanuts, shellfish, soy, tree nuts, or wheat. Please contact your local Baskin Robbins shop for more information.",29.7424853,-95.4256238
"Houston, TX",Kids PBJ,Yummy PB&J.  Served with fruit and chips.,7.0,Postino,"Italian, American (New), Lunch, Breakfast",29.7466712576973,-95.3903216249212
"Houston, TX",Italian Sausage,"Our delicious Italian sausage with sautéed onions and poblano peppers, smothered with marinara and mozzarella on a toasted hoagie roll.",14.0,Spaghetti Western Italian Cafe,"Italian, Pizza, Calzones, Sandwiches",29.8027026,-95.4329497
"Houston, TX",Chicken Caesar,"Grilled chicken, romaine lettuce, roma tomatoes, and mozzarella on fresh baked focaccia.",14.0,Spaghetti Western Italian Cafe,"Italian, Pizza, Calzones, Sandwiches",29.8027026,-95.4329497
"Houston, TX",Blackened Chicken,"Spicy blackened chicken breast topped with American cheese, tomatoes, and lettuce on toasted focaccia.",12.95,Spaghetti Western Italian Cafe,"Italian, Pizza, Calzones, Sandwiches",29.8027026,-95.4329497
"Houston, TX",Veggie,"Portabella mushrooms, zucchini, squash, eggplant, tomatoes, and fresh mozzarella served with pesto sauce on fresh baked focaccia.",11.95,Spaghetti Western Italian Cafe,"Italian, Pizza, Calzones, Sandwiches",29.8027026,-95.4329497
"Houston, TX",The Tombstone Chicken,We take a grilled chicken breast and place it between two slices of eggplant parmesan and top it with field greens wrapped in a slice of fresh zucchini. It is served with our chipotle alfredo and marinara sauces.,16.0,Spaghetti Western Italian Cafe,"Italian, Pizza, Calzones, Sandwiches",29.8027026,-95.4329497
"Houston, TX",Ne wYork Style Cheesecake,Drizzled with raspberry sauce,9.0,Spaghetti Western Italian Cafe,"Italian, Pizza, Calzones, Sandwiches",29.8027026,-95.4329497
"Houston, TX",Spaghetti W/Meatballs,Spaghetti pasta with 2 big juicy meatballs served with our fabulous meat sauce,16.0,Spaghetti Western Italian Cafe,"Italian, Pizza, Calzones, Sandwiches",29.8027026,-95.4329497
"Houston, TX",Spaghetti w/Italian Sausage,Spaghetti pasta serve with a link of savory Italian Sausage with our fabulous meat sauce,16.0,Spaghetti Western Italian Cafe,"Italian, Pizza, Calzones, Sandwiches",29.8027026,-95.4329497
"Houston, TX",Chicken Parmesan,"Lightly breaded, pan fried chicken breast topped with marinara and mozzarella served on a toasted hoagie roll.",15.0,Spaghetti Western Italian Cafe,"Italian, Pizza, Calzones, Sandwiches",29.8027026,-95.4329497
"Houston, TX",Meatball,Fall of our big juicy meatballs smothered with marinara and mozzarella served on a toasted hoagie roll.,15.0,Spaghetti Western Italian Cafe,"Italian, Pizza, Calzones, Sandwiches",29.8027026,-95.4329497
"Houston, TX",Italian Hoagie,"Mortadella, salami, ham, black olives, lettuce, mozzarella, and tomatoes on a toasted hoagie roll. Served with feta vinaigrette dressing.",15.0,Spaghetti Western Italian Cafe,"Italian, Pizza, Calzones, Sandwiches",29.8027026,-95.4329497
"Houston, TX",Spaghetti Western Po-Boy,"Your choice of either shrimp, catfish, or crawfish with lettuce and tomato on a toasted hoagie roll.",16.0,Spaghetti Western Italian Cafe,"Italian, Pizza, Calzones, Sandwiches",29.8027026,-95.4329497
"Houston, TX",The Western Burger,"1/2 Lb. of certified angus beef with American cheese, lettuce, tomato, red onions and pickles.",15.0,Spaghetti Western Italian Cafe,"Italian, Pizza, Calzones, Sandwiches",29.8027026,-95.4329497
"Houston, TX",Spaghetti Western Cheesesteak,Thinly sliced certified angus beef sautéed with onions and mozzarella cheese served on a toasted hoagie roll.,15.0,Spaghetti Western Italian Cafe,"Italian, Pizza, Calzones, Sandwiches",29.8027026,-95.4329497
"Houston, TX",Grilled Chicken Breast,Topped with sliced bacon and melted mozzarella cheese on a toasted onion roll.,15.0,Spaghetti Western Italian Cafe,"Italian, Pizza, Calzones, Sandwiches",29.8027026,-95.4329497
"Houston, TX",The Classic,"Pepperoni pizza in all its glory, lots of cheese and pepperoni.",15.0,Spaghetti Western Italian Cafe,"Italian, Pizza, Calzones, Sandwiches",29.8027026,-95.4329497
"Houston, TX",The Bad,"Italian sausage, sliced meatballs, and pepperonis. (it's so good to be bad!).",17.0,Spaghetti Western Italian Cafe,"Italian, Pizza, Calzones, Sandwiches",29.8027026,-95.4329497
"Houston, TX",Margherita,Roma tomatoes and fresh basil.,14.0,Spaghetti Western Italian Cafe,"Italian, Pizza, Calzones, Sandwiches",29.8027026,-95.4329497
"Houston, TX",Pizza & Salad Combo,You get a big ol' slice of your choice of pizza and either our house or our Caesar salad.,15.0,Spaghetti Western Italian Cafe,"Italian, Pizza, Calzones, Sandwiches",29.8027026,-95.4329497
"Houston, TX",The Ugly,"Grilled chicken, red onions, roma tomatoes and our spicy chipotle tomatillo sauce.",15.0,Spaghetti Western Italian Cafe,"Italian, Pizza, Calzones, Sandwiches",29.8027026,-95.4329497
"Houston, TX",Shrimp & Pesto,"Pesto sauce, shrimp and mozzarella topped with feta cheese and basil.",17.0,Spaghetti Western Italian Cafe,"Italian, Pizza, Calzones, Sandwiches",29.8027026,-95.4329497
"Houston, TX",The Good,"Zucchini, yellow squash, eggplant, broccoli, tomatoes and portabella mushrooms. Topped with feta cheese and fresh basil.",15.0,Spaghetti Western Italian Cafe,"Italian, Pizza, Calzones, Sandwiches",29.8027026,-95.4329497
"Houston, TX",Hawaiian,Canadian bacon and pineapple,15.0,Spaghetti Western Italian Cafe,"Italian, Pizza, Calzones, Sandwiches",29.8027026,-95.4329497
"Houston, TX",The Blondie,"Grilled chicken and our very own creamy, spicy chipotle alfredo sauce.",15.0,Spaghetti Western Italian Cafe,"Italian, Pizza, Calzones, Sandwiches",29.8027026,-95.4329497
"Houston, TX",Fried Mozzarella,Fried mozzarella sticks served with our tangy marinara sauce.,11.0,Spaghetti Western Italian Cafe,"Italian, Pizza, Calzones, Sandwiches",29.8027026,-95.4329497
"Houston, TX",Fried Ravioli,Cheese filled ravioli lightly breaded and deep fried to golden. Served with our tangy marinara sauce.,13.0,Spaghetti Western Italian Cafe,"Italian, Pizza, Calzones, Sandwiches",29.8027026,-95.4329497
"Houston, TX",Stuffed Mushrooms,"Mushroom caps filled with a delightful seafood stuffing, smothered in our roast garlic cream sauce, topped with mozzarella cheese and baked to perfection.",15.0,Spaghetti Western Italian Cafe,"Italian, Pizza, Calzones, Sandwiches",29.8027026,-95.4329497
"Houston, TX",Italian Nachos,"Crispy wonton chips topped with alfredo sauce, ground sausage, mozzarella cheese, tomatoes, black olives, green onions, and banana peppers.",13.0,Spaghetti Western Italian Cafe,"Italian, Pizza, Calzones, Sandwiches",29.8027026,-95.4329497
"Houston, TX",Potato Skins,"We load 'em up with chicken, bacon, green onions, jalapenos, cheddar and mozzarella cheese and then we top 'em with a dollop of sour cream.",13.0,Spaghetti Western Italian Cafe,"Italian, Pizza, Calzones, Sandwiches",29.8027026,-95.4329497
"Houston, TX",Buffalo Wings,Spicy chicken wings and drumettes served with celery.,15.0,Spaghetti Western Italian Cafe,"Italian, Pizza, Calzones, Sandwiches",29.8027026,-95.4329497
"Houston, TX",Caesar Salad,Fresh romaine tossed with our Caesar dressing topped with croutons and parmesan cheese.,13.0,Spaghetti Western Italian Cafe,"Italian, Pizza, Calzones, Sandwiches",29.8027026,-95.4329497
"Houston, TX",Side Salads,A small version of your choice of our house or Caesar salad purchased with any entree.,4.0,Spaghetti Western Italian Cafe,"Italian, Pizza, Calzones, Sandwiches",29.8027026,-95.4329497
"Houston, TX",The Classic Calzone,"Pepperoni, sausage, pizza sauce, and our five cheese pizza blend.",17.0,Spaghetti Western Italian Cafe,"Italian, Pizza, Calzones, Sandwiches",29.8027026,-95.4329497
"Houston, TX",Chicken & Spinach,"Grilled chicken, fresh spinach, tomato, mushrooms, ricotta and mozzarella cheeses with marinara on the side.",17.0,Spaghetti Western Italian Cafe,"Italian, Pizza, Calzones, Sandwiches",29.8027026,-95.4329497
"Houston, TX",Spaghetti with Meatballs & Italian Sausage,Served with our fantastic meat sauce.,19.0,Spaghetti Western Italian Cafe,"Italian, Pizza, Calzones, Sandwiches",29.8027026,-95.4329497
"Houston, TX",The Spaghetti Western Formal Wear,"Bowtie pasta tossed with chicken, sun dried tomatoes, and mushrooms in our roasted garlic cream sauce.",15.0,Spaghetti Western Italian Cafe,"Italian, Pizza, Calzones, Sandwiches",29.8027026,-95.4329497
"Houston, TX",Grilled Chicken Chipotle,Fettuccine and grilled chicken breast tossed in our signature chipotle alfredo sauce.,15.0,Spaghetti Western Italian Cafe,"Italian, Pizza, Calzones, Sandwiches",29.8027026,-95.4329497
"Houston, TX",Veggie Pasta,"Penne pasta, zucchini, squash, mushrooms, spinach, artichokes, and tomatoes topped with fresh basil in extra virgin olive oil.",15.0,Spaghetti Western Italian Cafe,"Italian, Pizza, Calzones, Sandwiches",29.8027026,-95.4329497
"Houston, TX",Scallopine,"Sautéed with capers, mushrooms, artichokes, and smoked bacon topped with lemon butter. Served with a side of fettuccine alfredo.",18.0,Spaghetti Western Italian Cafe,"Italian, Pizza, Calzones, Sandwiches",29.8027026,-95.4329497
"Houston, TX",Marsala,Sautéed with mushrooms in a marsala wine sauce. Served with a side of fettuccine alfredo.,18.0,Spaghetti Western Italian Cafe,"Italian, Pizza, Calzones, Sandwiches",29.8027026,-95.4329497
"Houston, TX",Pecan Crusted Catfish,Catfish filet coated with crushed pecans and topped with crawfish etouffee and served with orzo pasta.,20.0,Spaghetti Western Italian Cafe,"Italian, Pizza, Calzones, Sandwiches",29.8027026,-95.4329497
"Houston, TX",Grilled Pork Chop,A 10 Oz chop grilled and basted with a jalapeno kiwi glaze. Served with garlic mashed potatoes and sautéed asparagus.,22.0,Spaghetti Western Italian Cafe,"Italian, Pizza, Calzones, Sandwiches",29.8027026,-95.4329497
"Houston, TX",Southwestern Lasagna,"Chicken, sour cream, and five cheeses layered in pasta sheets and smothered in our chipotle tomatillo sauce.",17.0,Spaghetti Western Italian Cafe,"Italian, Pizza, Calzones, Sandwiches",29.8027026,-95.4329497
"Houston, TX",Portabella Crab Cake,"We take a portabella mushroom, lay on an Italian bread crumbed crab cake and top with grilled shrimp and our roasted garlic cream sauce all served on a bed of orzo pasta.",21.0,Spaghetti Western Italian Cafe,"Italian, Pizza, Calzones, Sandwiches",29.8027026,-95.4329497
"Houston, TX",Portabella Chicken,"Grilled chicken breast, topped with a portabella mushroom and mozzarella smothered in our marsala wine sauce. Served with sautéed spinach and fettuccine alfredo.",20.0,Spaghetti Western Italian Cafe,"Italian, Pizza, Calzones, Sandwiches",29.8027026,-95.4329497
"Houston, TX",Key Lime Cheesecake,The classic key lime pie blended with cheesecake for added richness and smoothness with a sweet graham cracker crust.,10.0,Spaghetti Western Italian Cafe,"Italian, Pizza, Calzones, Sandwiches",29.8027026,-95.4329497
"Houston, TX",Chocolate Eruption,"Delicious chocolate mousse cake with pieces of new York cheesecake and a caramel center. Covered with chocolate shavings, almonds, choc chips.",10.0,Spaghetti Western Italian Cafe,"Italian, Pizza, Calzones, Sandwiches",29.8027026,-95.4329497
"Houston, TX",New York Style Cheesecake,Drizzled with raspberry sauce.,10.0,Spaghetti Western Italian Cafe,"Italian, Pizza, Calzones, Sandwiches",29.8027026,-95.4329497
"Houston, TX",Coca Cola,,3.0,Spaghetti Western Italian Cafe,"Italian, Pizza, Calzones, Sandwiches",29.8027026,-95.4329497
"Houston, TX",St. Arnold Root Beer,,4.0,Spaghetti Western Italian Cafe,"Italian, Pizza, Calzones, Sandwiches",29.8027026,-95.4329497
"Houston, TX",House Recipe Sweet Tea,,3.0,Spaghetti Western Italian Cafe,"Italian, Pizza, Calzones, Sandwiches",29.8027026,-95.4329497
"Houston, TX",Diet Coke,,3.0,Spaghetti Western Italian Cafe,"Italian, Pizza, Calzones, Sandwiches",29.8027026,-95.4329497
"Houston, TX",Fresh Brewed Iced Tea,,3.0,Spaghetti Western Italian Cafe,"Italian, Pizza, Calzones, Sandwiches",29.8027026,-95.4329497
"Houston, TX",Sprite,,3.0,Spaghetti Western Italian Cafe,"Italian, Pizza, Calzones, Sandwiches",29.8027026,-95.4329497
"Houston, TX",Lemonade,,3.0,Spaghetti Western Italian Cafe,"Italian, Pizza, Calzones, Sandwiches",29.8027026,-95.4329497
"Houston, TX",Crawfish Cheese Bread,,12.5,Crawfish Cafe Heights,Seafood,29.7896319,-95.409561
"Houston, TX",Whole Fried Flounder,Choice of two sides. Comes with cocktail and tartar sauce.,22.5,Crawfish Cafe Heights,Seafood,29.7896319,-95.409561
"Houston, TX",Mexican Coke,,3.15,Crawfish Cafe Heights,Seafood,29.7896319,-95.409561
"Houston, TX",Spooky Confetti,"Vanilla bean cake studded with Halloween colored sprinkles, frosted with vanilla butter cream, rimmed in more sprinkles and topped with \TRICK OR TREAT\"" fondant.	""",5.5,Crave Cupcakes,"Dessert, Takeout, Pickup, Cupcakes",29.7214356,-95.4189031
"Houston, TX",Halloween Jack -O'- Lantern Sugar Cookie,Our delicious Halloween jack-o'-lantern cookie is a sugar cookie frosted with our signature royal icing and jack-o'-lantern fondant.	,6.25,Crave Cupcakes,"Dessert, Takeout, Pickup, Cupcakes",29.7214356,-95.4189031
"Houston, TX",Thanksgiving Confetti,"Vanilla bean cake studded with Halloween colored sprinkles, frosted with vanilla butter cream, rimmed in more sprinkles and topped with \TRICK OR TREAT\"" fondant.	""",5.5,Crave Cupcakes,"Dessert, Takeout, Pickup, Cupcakes",29.7214356,-95.4189031
"Houston, TX",Apple Pie,Vanilla cake filled with seasonal apple pie and topped with cinnamon cream cheese frosting. ,5.5,Crave Cupcakes,"Dessert, Takeout, Pickup, Cupcakes",29.7214356,-95.4189031
"Houston, TX",Pecan Pie,Vanilla bean cupcake filled with Pecan pie topped maple buttercream frosting and garnished with maple glazed pecans.,5.5,Crave Cupcakes,"Dessert, Takeout, Pickup, Cupcakes",29.7214356,-95.4189031
"Houston, TX",Soda Bottle, ,3.85,Jersey Mike's Subs,"Sandwiches, Cheesesteaks, Deli, Fast Food",29.7720069,-95.3989044
"Houston, TX",Pure Leaf Tea, ,3.85,Jersey Mike's Subs,"Sandwiches, Cheesesteaks, Deli, Fast Food",29.7720069,-95.3989044
"Houston, TX",Brownie,Gooey chocolate chip brownies. ,3.2,Jersey Mike's Subs,"Sandwiches, Cheesesteaks, Deli, Fast Food",29.7720069,-95.3989044
"Houston, TX",Double Chocolate (210 Cals),"It starts with rich cocoa cookie dough sprinkled end to end with semi-sweet chocolate chips and sweet white chips, baked fresh to be crispy outside, soft inside.  Try our most chocolatey cookie ever and be doubly happy.",0.83,Subway,"Sandwiches, Salads, Dessert, Snacks",29.7575786,-95.3688454
"Houston, TX",Lay's® Dill Pickle (230 Cals),"It all starts with farm-grown potatoes, cooked and seasoned to perfection. Then we add the flavor of dill pickle. So every LAY'S® potato chip is perfectly crispy and delicious.",1.67,Subway,"Sandwiches, Salads, Dessert, Snacks",29.7575786,-95.3688454
"Houston, TX",6 Pack Cookie Box (0 Cals),"Our New 6 Pack Cookie Box is the most delicious out-of-the-box thinking. That’s because you can get 1 of our 5 delectable fresh-baked cookies in one place. One for you, one for him, one for her and even more to keep sharing…or not! Get the New 6 Pack Cookie Box today and get that sweet treat you’re craving.",4.54,Subway,"Sandwiches, Salads, Dessert, Snacks",29.7575786,-95.3688454
"Houston, TX",12 Pack Cookie Box (0 Cals),"12 cookies. 1 delicious order. That’s what our new 12 Cookie Box is all about. You get a dozen of 1 of our 5 delectable fresh-baked cookies and a one-way ticket to sweet treats that you can share with friends, family or co-workers. With so many choices, there’s a cookie for everyone.",8.89,Subway,"Sandwiches, Salads, Dessert, Snacks",29.7575786,-95.3688454
"Houston, TX",#6 The Boss,It’s the mother of all meatball subs. Juicy meatballs drenched in marinara sauce with slices of pepperoni and BelGioioso® Fresh Mozzarella. Sprinkled with parmesan and served toasted on Italian Herbs & Cheese bread.,6.95,Subway,"Sandwiches, Salads, Dessert, Snacks",29.7575786,-95.3688454
"Houston, TX",#2 The Outlaw™,"Spicy, cheesy, smoky — this one’s got it all. Juicy steak meets double Pepper Jack cheese, with green peppers, red onions, and Baja Chipotle sauce toasted on Artisan Italian bread. Try not to fall head over heels.",7.19,Subway,"Sandwiches, Salads, Dessert, Snacks",29.7575786,-95.3688454
"Houston, TX",#9 The Champ™,"Tender hand-pulled rotisserie-style chicken, a double helping of Monterey Cheddar, green peppers, and red onions. Topped off with creamy Peppercorn Ranch and served toasted on Artisan Italian bread. This one’s a winner!",7.19,Subway,"Sandwiches, Salads, Dessert, Snacks",29.7575786,-95.3688454
"Houston, TX",#4 Supreme Meats,"One sandwich reigns supreme. Black Forest ham, Genoa salami, pepperoni, and our capicola on fresh-baked Artisan Italian bread with provolone cheese, lettuce, tomatoes, red onions, and banana peppers…all topped off with our famous MVP Parmesan Vinaigrette®.",7.06,Subway,"Sandwiches, Salads, Dessert, Snacks",29.7575786,-95.3688454
"Houston, TX",#10 All-American Club®,"The American classic. Oven-roasted turkey, Black Forest ham, crisp bacon, and American cheese with lettuce, tomatoes, red onions, and mayo. Served toasted on Artisan Italian bread.",7.07,Subway,"Sandwiches, Salads, Dessert, Snacks",29.7575786,-95.3688454
"Houston, TX",#11 Subway Club®,"Oven-roasted turkey, Black Forest ham, USDA Choice Roast Beef, provolone cheese piled on Hearty Multigrain bread and topped with lettuce, tomatoes, red onions, and mayo. A club sandwich the Subway® style.",7.06,Subway,"Sandwiches, Salads, Dessert, Snacks",29.7575786,-95.3688454
"Houston, TX",#1 The Philly,"The classic cheesesteak stacked with juicy steak and a double helping of provolone toasted on Artisan Italian bread and topped with green peppers, red onions and mayo.",7.19,Subway,"Sandwiches, Salads, Dessert, Snacks",29.7575786,-95.3688454
"Houston, TX",#3 The Monster™,"Got a monstrous appetite? We’re talking thick juicy steak, crisp bacon, a double helping of Monterey cheddar, green peppers and red onions piled high and served toasted on Artisan Italian bread and topped off with creamy Peppercorn Ranch.",7.89,Subway,"Sandwiches, Salads, Dessert, Snacks",29.7575786,-95.3688454
"Houston, TX",#5 Bella Mozza,"Lotsa meat and lotsa mozzarella make this special. Thin-sliced Black Forest ham, our capicola, and BelGioioso® Fresh Mozzarella on fresh-baked Artisan Italian bread. Topped with spinach, tomatoes, red onions, and banana peppers and drizzled with our tangy MVP Parmesan Vinaigrette®.",7.19,Subway,"Sandwiches, Salads, Dessert, Snacks",29.7575786,-95.3688454
"Houston, TX",#7 The MexiCali,"Head for the Southwest with juicy rotisserie-style chicken, smashed avocado, double Pepper Jack cheese, lettuce, tomatoes, and red onions topped with our smoky Baja Chipotle sauce and served toasted on Artisan Italian bread.",7.91,Subway,"Sandwiches, Salads, Dessert, Snacks",29.7575786,-95.3688454
"Houston, TX",#8 The Great Garlic™,"Our NEW creamy garlic sauce is the secret to this sub. We pile juicy rotisserie-style chicken, crispy bacon, provolone, lettuce, tomatoes, red onions served toasted on Artisan Italian bread…all topped off with our NEW creamy Roasted Garlic Aioli. Irresistible!",7.55,Subway,"Sandwiches, Salads, Dessert, Snacks",29.7575786,-95.3688454
"Houston, TX",#12 Turkey Cali Club™,"Eat fresh, California style. Oven-roasted turkey, crisp bacon, BelGioioso® Fresh Mozzarella, and smashed Hass avocado. Topped with spinach, tomatoes, red onions, and mayo toasted on Hearty Multigrain bread.",8.63,Subway,"Sandwiches, Salads, Dessert, Snacks",29.7575786,-95.3688454
"Houston, TX",Tuna,"You’ll love every bite of our classic tuna sandwich. 100% wild caught tuna blended with creamy mayo then topped with your choice of crisp, fresh veggies. 100% delicious.",6.22,Subway,"Sandwiches, Salads, Dessert, Snacks",29.7575786,-95.3688454
"Houston, TX",Oven Roasted Turkey,"If a classic is what you crave, our thin-sliced Oven Roasted Turkey is the sandwich for you. It’s full of flavor and made to order with your choice of crisp veggies, served on our freshly baked, Hearty Multigrain bread.",6.23,Subway,"Sandwiches, Salads, Dessert, Snacks",29.7575786,-95.3688454
"Houston, TX",Black Forest Ham,"Our Black Forest Ham sandwich is a true classic. We add lettuce, baby spinach, cucumbers, green peppers and red onions to our delicious, thin-sliced ham and serve it on our Hearty Multigrain bread. Want cheese? Just ask.",5.62,Subway,"Sandwiches, Salads, Dessert, Snacks",29.7575786,-95.3688454
"Houston, TX",Spicy Italian,"Our Spicy Italian sandwich is a combo of pepperoni and Genoa salami. Pile on cheese, crunchy veggies, and finish it with your favorite sauce. Or don't. Your call. ",5.75,Subway,"Sandwiches, Salads, Dessert, Snacks",29.7575786,-95.3688454
"Houston, TX",Cold Cut Combo®,"The Cold Cut Combo® sandwich with ham, salami, and bologna (all turkey based) is a long-time Subway® favorite. Yeah. It's that good.",5.42,Subway,"Sandwiches, Salads, Dessert, Snacks",29.7575786,-95.3688454
"Houston, TX",Italian B.M.T.®,"The Italian B.M.T.® sandwich is filled with Genoa salami, spicy pepperoni, and Black Forest Ham. Big. Meaty. Tasty. Get it. ",6.23,Subway,"Sandwiches, Salads, Dessert, Snacks",29.7575786,-95.3688454
"Houston, TX",Meatball Marinara,"The Meatball Marinara sandwich is drenched in irresistible marinara sauce, sprinkled with Parmesan cheese,  topped with whatever you want (no judgement) and perfectly toasted just for you.",5.42,Subway,"Sandwiches, Salads, Dessert, Snacks",29.7575786,-95.3688454
"Houston, TX",Roast Beef,"Choice Angus Roast Beef, Hearty Multigrain Bread, and plenty of fresh veggies make this lunchtime classic one to remember.",7.55,Subway,"Sandwiches, Salads, Dessert, Snacks",29.7575786,-95.3688454
"Houston, TX",Steak & Cheese,"Our Steak & Cheese sandwich is where warm, delicious steak gets topped with melty cheesiness. Get crazy with veggies and sauces to make it what you want.",7.78,Subway,"Sandwiches, Salads, Dessert, Snacks",29.7575786,-95.3688454
"Houston, TX",Veggie Delite®,"The Veggie Delite® sandwich is crispy, crunchy, vegetarian perfection. With lettuce, baby spinach, tomatoes, cucumbers, green peppers and red onions, all on our Hearty Multigrain bread.",5.27,Subway,"Sandwiches, Salads, Dessert, Snacks",29.7575786,-95.3688454
"Houston, TX",Buffalo Chicken,"When you’re looking to spice things up, do it with Frank’s RedHot® and buffalo chicken. Our Buffalo Chicken Footlong is made with everyone’s favorite hot sauce – Frank’s RedHot® and topped with peppercorn ranch. Try it with lettuce, tomatoes and cucumbers! Frank’s RedHot® is a registered trademark of McCormick & Co. and used under license by Subway Franchisee Advertising Fund Trust Ltd.®/© Subway IP LLC 2021.",6.71,Subway,"Sandwiches, Salads, Dessert, Snacks",29.7575786,-95.3688454
"Houston, TX",Chicken & Bacon Ranch,"What do you get when you mix juicy Rotisserie-Style Chicken, melty Monterey Cheddar Cheese, Hickory-Smoked Bacon, and our creamy Peppercorn Ranch? Your sandwich happy place.",7.67,Subway,"Sandwiches, Salads, Dessert, Snacks",29.7575786,-95.3688454
"Houston, TX",Grilled Chicken ,"Tender grilled chicken loaded on our Hearty Multigrain bread with your choice of veggies. A little lettuce, tomatoes, onions and baby spinach, and you can’t go wrong.",6.71,Subway,"Sandwiches, Salads, Dessert, Snacks",29.7575786,-95.3688454
"Houston, TX",Rotisserie-Style Chicken,"Who doesn’t love tender, juicy rotisserie-style chicken? Especially when it’s served on our Hearty Multigrain bread with your choice of veggies. We like lettuce, tomatoes, red onions, and peppers, but hey, it’s your sandwich, do what you like.",6.83,Subway,"Sandwiches, Salads, Dessert, Snacks",29.7575786,-95.3688454
"Houston, TX",Oven Roasted Turkey & Ham,"Enjoy the flavor of tender, thin-sliced oven roasted turkey and Black Forest Ham with your favorite veggies, from juicy tomatoes to sweet red onions, all served on freshly baked, Hearty Multigrain bread.",6.22,Subway,"Sandwiches, Salads, Dessert, Snacks",29.7575786,-95.3688454
"Houston, TX",Veggie Patty,"Delicious vegan patties with lettuce, tomatoes, cucumbers, green peppers and red onions, all served on our freshly baked Hearty Multigrain bread.",6.59,Subway,"Sandwiches, Salads, Dessert, Snacks",29.7575786,-95.3688454
"Houston, TX",Chicken & Bacon Ranch Melt,"How can you improve Rotisserie-Style Chicken, Hickory-Smoked Bacon, and Peppercorn Ranch? With a whole lot of gooey Provolone Cheese and veggies.",8.87,Subway,"Sandwiches, Salads, Dessert, Snacks",29.7575786,-95.3688454
"Houston, TX",Meatball Marinara Melt,"Add some melty goodness to your Meatball Marinara sub. Make it a Fresh Melt™ and get craveable meatballs and tangy marinara sauce topped with American and parmesan, all grilled to cheesy perfection. Freshly made in front of you.",6.71,Subway,"Sandwiches, Salads, Dessert, Snacks",29.7575786,-95.3688454
"Houston, TX",Tuna Melt,"100% wild-caught tuna with mayo. Fresh onion. Melty provolone. We brought the best ingredients together for something that satisfies your cravings for both fresh and savory. It’s not just a tuna melt, it’s a Fresh Melt™. Freshly made in front of you.",7.43,Subway,"Sandwiches, Salads, Dessert, Snacks",29.7575786,-95.3688454
"Houston, TX",Egg Roll-8 pieces,,9.0,American Deli,"Deli, Takeout, Gyro, Chicken, Burgers, Fast Food, Chicken Wings, Cheesesteaks, Family Meals, Pickup",29.7000121,-95.3600172
"Houston, TX",Italian B.M.T.® Melt,"Three craveable meats, melty cheese and fresh veggies. It’s not too good to be true, it’s the Italian B.M.T.® Melt. Now you can get the flavors you crave along with the goodness of fresh tomatoes, peppers and onions, that’s a win-win.",6.49,Subway,"Sandwiches, Salads, Dessert, Snacks",29.7575786,-95.3688454
"Houston, TX",Oven Roasted Turkey Melt,"The Oven Roasted Turkey Melt is loaded with fresh veggies like tomatoes, peppers and onions, and grilled on our Hearty Multigrain bread until the American cheese is as melty and cheesy as you want it. Cravings, covered.",7.43,Subway,"Sandwiches, Salads, Dessert, Snacks",29.7575786,-95.3688454
"Houston, TX",Spicy Italian Melt,"Spicy Italian Melt combines the mouth-watering flavor of pepperoni, salami and cheese grilled to melty perfection with the feel-good flavor of spinach, tomatoes and peppers. Guess you can have it all.",6.95,Subway,"Sandwiches, Salads, Dessert, Snacks",29.7575786,-95.3688454
"Houston, TX",Buffalo Chicken Melt,"Packed with grilled chicken, plus just the right amount of Frank's RedHot® Buffalo sauce, a little peppercorn ranch to beat the heat and all the veggies you can fit in there. Frank’s RedHot® is a registered trademark of McCormick & Co. and used under license by Subway Franchisee Advertising Fund Trust Ltd. ®/© Subway IP LLC 2021.",7.9,Subway,"Sandwiches, Salads, Dessert, Snacks",29.7575786,-95.3688454
"Houston, TX",Ham & Cheese Melt,"Your cravings called, and we answered with melty goodness and fresh veggies, too. The Ham & Cheese Melt combines Black Forest ham, fresh tomato and American cheese and grills them all up to create an indulgent choice that’s freshly made, too.",6.83,Subway,"Sandwiches, Salads, Dessert, Snacks",29.7575786,-95.3688454
"Houston, TX",Steak & Cheese Melt,"Grilled, melty and cheesy but also loaded with fresh vegetables? The Steak & Cheese Melt is just that, freshly made with onions and peppers and perfectly grilled to cover all your cravings.",7.9,Subway,"Sandwiches, Salads, Dessert, Snacks",29.7575786,-95.3688454
"Houston, TX","Bacon, Egg & Cheese","Start your day in a sizzlin' way with  bacon, egg, and melty cheese on freshly toasted flatbread (or whatever you like). Pile on your favorite veggies and sauce. Start the day right. ",5.15,Subway,"Sandwiches, Salads, Dessert, Snacks",29.7575786,-95.3688454
"Houston, TX","Steak, Egg & Cheese","No matter what side of the bed you wake up on, you’ll love this. Yummy egg  with tender and delicious steak covered in melty cheese. That's one beautiful breakfast.",5.27,Subway,"Sandwiches, Salads, Dessert, Snacks",29.7575786,-95.3688454
"Houston, TX","Black Forest Ham, Egg & Cheese","Enjoy savory Black Forest ham, melted cheese, and egg -  all on your favorite bread. Add your choice of veggies for a tasty way to start the day. Hello, delicious. ",5.15,Subway,"Sandwiches, Salads, Dessert, Snacks",29.7575786,-95.3688454
"Houston, TX",Egg & Cheese,A classic for a reason. Our Egg and Cheese is simply delicious. Enjoy a fluffy egg with melted cheese. Try it toasted - It's unbeatable.,5.15,Subway,"Sandwiches, Salads, Dessert, Snacks",29.7575786,-95.3688454
"Houston, TX",Coffee Traveler - Veranda Blend®,"A convenient carrier filled with 96 fl oz of our brewed Starbucks® Blonde Veranda Blend® (equivalent to 12 8-fl-oz cups), perfect for meetings, picnic gatherings or any occasion that calls for coffee.",23.45,Starbucks,"Coffee & Tea, Breakfast, Lunch, and Sweets",29.7505562,-95.3747082
"Houston, TX",Coffee Traveler - Dark Roast,A convenient carrier filled with 96 fl oz of brewed Starbucks® Dark Roast coffee.,23.45,Starbucks,"Coffee & Tea, Breakfast, Lunch, and Sweets",29.7505562,-95.3747082
"Houston, TX",Coffee Traveler - Pike Place® Roast,"A convenient carrier filled with 96 fl oz of our featured brewed medium roast coffee (equivalent of twelve 8 fl oz cups)—a perfect pick-me-up for meetings, picnics or whatever occasion calls for coffee.",23.45,Starbucks,"Coffee & Tea, Breakfast, Lunch, and Sweets",29.7505562,-95.3747082
"Houston, TX",Coffee Traveler - Decaf Pike Place® Roast,"A convenient carrier filled with 96 fl oz of our featured brewed decaf coffee (equivalent of twelve 8 fl oz cups)—a perfect companion for meetings, picnics or whatever occasion calls for coffee.",23.45,Starbucks,"Coffee & Tea, Breakfast, Lunch, and Sweets",29.7505562,-95.3747082
"Houston, TX",Apple Crisp Oatmilk Frappuccino® Blended Beverage,"Flavors of apple, cinnamon and brown sugar blended with coffee, oatmilk and ice. Topped with a spiced apple drizzle and whipped cream.",6.15,Starbucks,"Coffee & Tea, Breakfast, Lunch, and Sweets",29.7505562,-95.3747082
"Houston, TX",Iced Black Tea Lemonade,"Premium black tea sweetened just right, then shaken with refreshing lemonade and ice for this Arnold Palmer-inspired beverage. A distinguished, satisfying treat.",4.25,Starbucks,"Coffee & Tea, Breakfast, Lunch, and Sweets",29.7505562,-95.3747082
"Houston, TX",Mango Dragonfruit Lemonade Starbucks Refreshers® Beverage,"This tropical-inspired pick-me-up—crafted with a clever combination of vibrant lemonade, sweet mango and refreshing dragonfruit flavors and hand-shaken with ice plus a scoop of real diced dragonfruit.",5.45,Starbucks,"Coffee & Tea, Breakfast, Lunch, and Sweets",29.7505562,-95.3747082
"Houston, TX",Paradise Drink Starbucks Refreshers® Beverage,Tropical flavors of pineapple and passionfruit combine with diced pineapple and creamy coconutmilk to create a delicious island escape.,5.45,Starbucks,"Coffee & Tea, Breakfast, Lunch, and Sweets",29.7505562,-95.3747082
"Houston, TX",Ethos® Bottled Water,"For every bottle of Ethos® water you buy, Starbucks will donate 5 cents to support humanitarian programs in coffee-growing communities, providing clean, safe water to those in need.",2.95,Starbucks,"Coffee & Tea, Breakfast, Lunch, and Sweets",29.7505562,-95.3747082
"Houston, TX",Mango Dragonfruit Starbucks Refreshers® Beverage,A tropical-inspired pick-me-up--crafted with a refreshing combination of sweet mango and dragonfruit flavors and hand-shaken with ice plus a scoop of real diced dragonfruit.,4.65,Starbucks,"Coffee & Tea, Breakfast, Lunch, and Sweets",29.7505562,-95.3747082
"Houston, TX",Dragon Drink® Starbucks Refreshers® Beverage,"This tropical-inspired pick-me-up—crafted with sweet mango and dragonfruit flavors and hand-shaken with creamy coconutmilk, ice and a scoop of real diced dragonfruit--creates a refreshing and surprising delight in the fall.",5.45,Starbucks,"Coffee & Tea, Breakfast, Lunch, and Sweets",29.7505562,-95.3747082
"Houston, TX",Evolution Fresh® Organic Vital Berry,"Bright berries, orange and mango blend together for a satisfying smoothie with a delicious punch of vitamin C.",5.75,Starbucks,"Coffee & Tea, Breakfast, Lunch, and Sweets",29.7505562,-95.3747082
"Houston, TX",Horizon® Chocolate Organic Milk,"A single-serve milk box with 32mg of DHA Omega-3! DHA is a valuable nutrient that may help support the brain, heart and eyes.",2.95,Starbucks,"Coffee & Tea, Breakfast, Lunch, and Sweets",29.7505562,-95.3747082
"Houston, TX",Galvanina Sparkling Water,"The essential refresher. Our sparking, natural mineral water will quench your thirst with effervescent ease.",2.95,Starbucks,"Coffee & Tea, Breakfast, Lunch, and Sweets",29.7505562,-95.3747082
"Houston, TX","Bacon, Gouda & Egg Sandwich","Sizzling applewood-smoked bacon, Parmesan cage-free egg frittata and melted aged Gouda on an artisan roll. -HIGH-PROTEIN",5.65,Starbucks,"Coffee & Tea, Breakfast, Lunch, and Sweets",29.7505562,-95.3747082
"Houston, TX","Sausage, Cheddar & Egg Sandwich","A savory sausage patty, fluffy cage-free eggs and aged Cheddar cheese on a perfectly toasted English muffin. -HIGH-PROTEIN",4.95,Starbucks,"Coffee & Tea, Breakfast, Lunch, and Sweets",29.7505562,-95.3747082
"Houston, TX","Bacon, Sausage & Egg Wrap","Double-smoked bacon, savory pork sausage and cage-free scrambled eggs combined with Cheddar cheese and potatoes--all wrapped in a flour tortilla.- HIGH-PROTEIN",7.25,Starbucks,"Coffee & Tea, Breakfast, Lunch, and Sweets",29.7505562,-95.3747082
"Houston, TX","Spinach, Feta & Egg White Wrap","Cage-free egg whites are combined with spinach, feta cheese and sun-dried tomato cream cheese inside a whole-wheat wrap. - VEGETARIAN - HIGH-PROTEIN",5.25,Starbucks,"Coffee & Tea, Breakfast, Lunch, and Sweets",29.7505562,-95.3747082
"Houston, TX","Turkey Bacon, Cheddar & Egg White Sandwich","Sizzling turkey bacon and cage-free egg whites paired with creamy, melted, reduced-fat white Cheddar cheese on a wheat English muffin. -HIGH-PROTEIN",5.25,Starbucks,"Coffee & Tea, Breakfast, Lunch, and Sweets",29.7505562,-95.3747082
"Houston, TX",Bacon & Gruyère Egg Bites,"Applewood-smoked bacon and aged Gruyère Monterey Jack cheeses folded into cage-free eggs and cooked using the French \sous vide\"" technique to create a velvety texture that's full of flavor.-HIGH-PROTEIN""",5.75,Starbucks,"Coffee & Tea, Breakfast, Lunch, and Sweets",29.7505562,-95.3747082
"Houston, TX","Double-Smoked Bacon, Cheddar & Egg Sandwich","Bacon smoked for six hours over hickory wood chips, stacked with a cage-free fried egg, topped with a melted slice of sharp Cheddar cheese—all on our signature croissant bun. -HIGH-PROTEIN",6.45,Starbucks,"Coffee & Tea, Breakfast, Lunch, and Sweets",29.7505562,-95.3747082
"Houston, TX",Egg White & Roasted Red Pepper Egg Bites,"Cage-free egg whites combined with Monterey Jack cheese, spinach and fire-roasted red peppers and cooked using the French \sous vide\"" technique to create a velvety texture that's full of flavor.-VEGETARIAN-HIGH-PROTEIN""",5.75,Starbucks,"Coffee & Tea, Breakfast, Lunch, and Sweets",29.7505562,-95.3747082
"Houston, TX",Avocado Spread,"Avocadoes mixed with lime, sea salt, garlic and a touch of spice—specially packaged to maintain freshness without the use of heat, additives or preservatives.",1.55,Starbucks,"Coffee & Tea, Breakfast, Lunch, and Sweets",29.7505562,-95.3747082
"Houston, TX",Birthday Cake Pop,"Bite-sized vanilla cake mixed with vanilla buttercream, dipped in pink chocolaty icing and topped with white sprinkles. -VEGETARIAN",3.55,Starbucks,"Coffee & Tea, Breakfast, Lunch, and Sweets",29.7505562,-95.3747082
"Houston, TX",Chocolate Croissant,"Two generous pieces of chocolate wrapped in a butter croissant with soft, flaky layers and a golden-brown crust. -VEGETARIAN",4.45,Starbucks,"Coffee & Tea, Breakfast, Lunch, and Sweets",29.7505562,-95.3747082
"Houston, TX",Banana Walnut & Pecan Loaf,"Bananas, walnuts and pecans mixed into a moist, nutty, classic banana bread. - VEGETARIAN",3.95,Starbucks,"Coffee & Tea, Breakfast, Lunch, and Sweets",29.7505562,-95.3747082
"Houston, TX",Plain Bagel,"Classic soft, chewy and thick New York–style bagel. Available with cream cheese or butter.- VEGAN- VEGETARIAN",2.95,Starbucks,"Coffee & Tea, Breakfast, Lunch, and Sweets",29.7505562,-95.3747082
"Houston, TX",Butter Croissant,"Classic butter croissant with soft, flaky layers and a golden-brown crust. -VEGETARIAN",4.25,Starbucks,"Coffee & Tea, Breakfast, Lunch, and Sweets",29.7505562,-95.3747082
"Houston, TX",Blueberry Muffin,"Soft muffin with sweet, juicy blueberries and a hint of lemon, finished with a crunchy sugar topping. -VEGETARIAN",3.75,Starbucks,"Coffee & Tea, Breakfast, Lunch, and Sweets",29.7505562,-95.3747082
"Houston, TX",Cheese Danish,"Flaky, butter croissant dough with soft, warm cheese in the center. - VEGETARIAN",3.95,Starbucks,"Coffee & Tea, Breakfast, Lunch, and Sweets",29.7505562,-95.3747082
"Houston, TX",Glazed Doughnut,Old-fashioned cake doughnut glazed with sweet icing. - VEGETARIAN,2.95,Starbucks,"Coffee & Tea, Breakfast, Lunch, and Sweets",29.7505562,-95.3747082
"Houston, TX",Cookies & Cream Cake Pop,"Chocolate cake blended with creamy, sandwich-cookie buttercream and cookie bits, dipped in white-chocolaty coating and finished with dark-chocolaty cookie crumb.-VEGETARIAN",3.55,Starbucks,"Coffee & Tea, Breakfast, Lunch, and Sweets",29.7505562,-95.3747082
"Houston, TX",Pumpkin Scone,A spiced pumpkin scone topped with sweet icing.- VEGETARIAN,3.95,Starbucks,"Coffee & Tea, Breakfast, Lunch, and Sweets",29.7505562,-95.3747082
"Houston, TX",Unicorn Cake Pop,"Creamy vanilla cake with confetti sprinkles shaped into a unicorn, dipped in a white-chocolaty icing and finished with a magical design.- VEGETARIAN",3.75,Starbucks,"Coffee & Tea, Breakfast, Lunch, and Sweets",29.7505562,-95.3747082
"Houston, TX",Double Chocolate Brownie,Rich chocolate brownie with generous chunks of semisweet chocolate.- VEGETARIAN,3.75,Starbucks,"Coffee & Tea, Breakfast, Lunch, and Sweets",29.7505562,-95.3747082
"Houston, TX",Everything Bagel,"Soft, chewy and thick New York–style bagel topped with onion, garlic, salt, poppy and sesame seeds. Available with cream cheese or butter. - VEGAN - VEGETARIAN",2.95,Starbucks,"Coffee & Tea, Breakfast, Lunch, and Sweets",29.7505562,-95.3747082
"Houston, TX",Lime-Frosted Coconut Bar,"A delightful combination of chewy coconut and oatmeal with mini white chocolate chips, topped with lime frosting made with cream cheese, drizzled with a white-chocolaty coating and sprinkled with coconut.- VEGETARIAN",3.75,Starbucks,"Coffee & Tea, Breakfast, Lunch, and Sweets",29.7505562,-95.3747082
"Houston, TX",Cinnamon Coffee Cake,"Buttery, moist, coffee cake swirled with a cinnamon-sugar blend and finished with a crunchy streusel topping. -VEGETARIAN",4.25,Starbucks,"Coffee & Tea, Breakfast, Lunch, and Sweets",29.7505562,-95.3747082
"Houston, TX",Owl Cake Pop,"Vanilla cake mixed with buttercream, dipped in purple-chocolaty icing and finished with an owl-face design.",3.75,Starbucks,"Coffee & Tea, Breakfast, Lunch, and Sweets",29.7505562,-95.3747082
"Houston, TX",Blueberry Scone,"Buttermilk scone with blueberries, crème fraîche and a hint of lemon zest. - VEGETARIAN",3.75,Starbucks,"Coffee & Tea, Breakfast, Lunch, and Sweets",29.7505562,-95.3747082
"Houston, TX",Petite Vanilla Bean Scone,"Moist, fluffy, petite scone made with real vanilla beans and vanilla extract.-VEGETARIAN",1.85,Starbucks,"Coffee & Tea, Breakfast, Lunch, and Sweets",29.7505562,-95.3747082
"Houston, TX",Avocado Spread,"Avocadoes mixed with lime, sea salt, garlic and a touch of spice—specially packaged to maintain freshness without the use of heat, additives or preservatives.",1.55,Starbucks,"Coffee & Tea, Breakfast, Lunch, and Sweets",29.7505562,-95.3747082
"Houston, TX",Cheese & Fruit Protein Box,"Brie, Gouda and aged Cheddar cheeses paired with olive oil and sea-salt crackers, apples and grapes.",7.25,Starbucks,"Coffee & Tea, Breakfast, Lunch, and Sweets",29.7505562,-95.3747082
"Houston, TX",Tomato & Mozzarella on Focaccia,"Roasted tomatoes, mozzarella, spinach and basil pesto layered on toasted focaccia bread. - VEGETARIAN - HIGH-PROTEIN",6.95,Starbucks,"Coffee & Tea, Breakfast, Lunch, and Sweets",29.7505562,-95.3747082
"Houston, TX",Crispy Grilled Cheese on Sourdough,"A blend of white Cheddar and mozzarella cheeses on sourdough bread, topped with a Parmesan butter spread. - VEGETARIAN - HIGH-PROTEIN",7.25,Starbucks,"Coffee & Tea, Breakfast, Lunch, and Sweets",29.7505562,-95.3747082
"Houston, TX",Avocado Spread,"Avocadoes mixed with lime, sea salt, garlic and a touch of spice—specially packaged to maintain freshness without the use of heat, additives or preservatives.",1.55,Starbucks,"Coffee & Tea, Breakfast, Lunch, and Sweets",29.7505562,-95.3747082
"Houston, TX",Madeleines,"Made with quality ingredients, these rich and buttery French cakes are soft and moist in the center and baked with lightly crisped edges.",2.95,Starbucks,"Coffee & Tea, Breakfast, Lunch, and Sweets",29.7505562,-95.3747082
"Houston, TX",String Cheese,As a mess-free car snack or a quick add-on to round out their lunch box—this string cheese is always a fan favorite. Made with low-moisture part-skim mozzarella cheese.,1.95,Starbucks,"Coffee & Tea, Breakfast, Lunch, and Sweets",29.7505562,-95.3747082
"Houston, TX",KIND® Salted Caramel & Dark Chocolate Nut Bar,"Whole cashews and pecans combined with the smooth, rich flavors of salted caramel and dark chocolate may seem indulgent, but this snack—made with just 5 g of sugar—only tastes like dessert.",2.65,Starbucks,"Coffee & Tea, Breakfast, Lunch, and Sweets",29.7505562,-95.3747082
"Houston, TX",Vanilla Biscotti with Almonds,"These crispy, delicious vanilla cookies topped with crunchy almonds are love at first bite. Perfect for dipping into your favorite coffee or espresso beverage.",2.25,Starbucks,"Coffee & Tea, Breakfast, Lunch, and Sweets",29.7505562,-95.3747082
"Houston, TX",Salted Almond Chocolate Bites,Triple chocolate-covered almonds with gray sea salt: a flavorful nutty-salty experience.,3.25,Starbucks,"Coffee & Tea, Breakfast, Lunch, and Sweets",29.7505562,-95.3747082
"Houston, TX",Dark Chocolate Covered Espresso Beans,Our espresso coffee beans (the best in the world) get even better when drenched in a layer of luscious dark chocolate.,3.25,Starbucks,"Coffee & Tea, Breakfast, Lunch, and Sweets",29.7505562,-95.3747082
"Houston, TX",Starbucks Butter Popcorn,"Perfectly buttery with just the right amount of salt, this fluffy snack favorite makes movie theaters everywhere jealous.",1.75,Starbucks,"Coffee & Tea, Breakfast, Lunch, and Sweets",29.7505562,-95.3747082
"Houston, TX",Perfect Bar® - Dark Chocolate Chip Peanut Butter,"The original peanut butter bar receives an upgrade with a sprinkle of Fair Trade dark chocolate chips and a pinch of sea salt. Plus, protein-packed with 20 organic superfoods, this guilt-free go-to bar satisfies any salty-sweet craving.",4.45,Starbucks,"Coffee & Tea, Breakfast, Lunch, and Sweets",29.7505562,-95.3747082
"Houston, TX",KIND® Blueberry Vanilla & Cashew Bar,"A chewy blend of blueberries and cashews, combined with the sweet taste of vanilla. It's goodness on the go.",2.65,Starbucks,"Coffee & Tea, Breakfast, Lunch, and Sweets",29.7505562,-95.3747082
"Houston, TX",Avocado Spread,"Avocadoes mixed with lime, sea salt, garlic and a touch of spice—specially packaged to maintain freshness without the use of heat, additives or preservatives.",1.55,Starbucks,"Coffee & Tea, Breakfast, Lunch, and Sweets",29.7505562,-95.3747082
"Houston, TX",Berry Trio Parfait,"Nonfat vanilla yogurt combined with sliced strawberries, whole blueberries, raspberries and topped with a crisp honey-oat granola. - VEGETARIAN - HIGH-PROTEIN",4.95,Starbucks,"Coffee & Tea, Breakfast, Lunch, and Sweets",29.7505562,-95.3747082
"Houston, TX",Rolled & Steel-Cut Oatmeal,"A blend of rolled and whole-grain steel-cut oats topped with raisins, dried cranberries, sliced almonds, pecans, walnuts and brown sugar. Customize toppings any way you like.- VEGETARIAN",4.25,Starbucks,"Coffee & Tea, Breakfast, Lunch, and Sweets",29.7505562,-95.3747082
"Houston, TX",Caramel Brulée Latte,"Our signature espresso, steamed milk and rich caramel brulée sauce finished with whipped cream and a supreme topping of even more caramel brulée bits.",6.25,Starbucks,"Coffee & Tea, Breakfast, Lunch, and Sweets",29.7505562,-95.3747082
"Houston, TX",Chestnut Praline Latte,"First we begin with our signature espresso and velvety steamed milk, and then add flavors of caramelized chestnuts and spices—all topped with a holiday finale of whipped cream and specially spiced praline crumbs.",6.25,Starbucks,"Coffee & Tea, Breakfast, Lunch, and Sweets",29.7505562,-95.3747082
"Houston, TX",Toasted White Chocolate Mocha,"Our signature espresso paired with flavors of caramelized white chocolate combined with steamed milk and topped with whipped cream and festive holiday sugar sparkles and crispy white pearls—a sweet, oh-so-delightfully merry treat.",6.25,Starbucks,"Coffee & Tea, Breakfast, Lunch, and Sweets",29.7505562,-95.3747082
"Houston, TX",Peppermint White Chocolate Mocha,"Rich espresso meets a trio of white chocolate sauce, peppermint-flavored syrup and steamed milk, topped with sweet whipped cream and dark-chocolate curls—an oh-so-delightfully merry treat.",6.25,Starbucks,"Coffee & Tea, Breakfast, Lunch, and Sweets",29.7505562,-95.3747082
"Houston, TX",Sugar Cookie Almondmilk Latte,"Sugar cookie-flavored syrup combined with Starbucks® Blonde espresso and steamed almondmilk, topped with red and green sprinkles.",6.25,Starbucks,"Coffee & Tea, Breakfast, Lunch, and Sweets",29.7505562,-95.3747082
"Houston, TX",Peppermint Mocha,"Our festive all-star Peppermint Mocha brightens the holidays: signature Espresso Roast combines with steamed milk, sweet mocha sauce and peppermint-flavored syrup, topped with whipped cream and dark-chocolate curls.",6.25,Starbucks,"Coffee & Tea, Breakfast, Lunch, and Sweets",29.7505562,-95.3747082
"Houston, TX",Chai Tea Latte,"Black tea infused with cinnamon, clove and other warming spices is combined with steamed milk and topped with foam for the perfect balance of sweet and spicy. An iconic chai cup.",4.95,Starbucks,"Coffee & Tea, Breakfast, Lunch, and Sweets",29.7505562,-95.3747082
"Houston, TX",Peppermint Hot Chocolate,"A big welcome back to our classic holiday hot chocolate—lovingly made with chocolaty mocha sauce, peppermint-flavored syrup and steamed milk and sweetly topped with whipped cream and dark-chocolate curls.",3.95,Starbucks,"Coffee & Tea, Breakfast, Lunch, and Sweets",29.7505562,-95.3747082
"Houston, TX",Peppermint White Hot Chocolate,"A sweet twist on holiday hot chocolate—white chocolate mocha sauce, peppermint-flavored syrup and steamed milk, topped with whipped cream and dark-chocolate curls.",3.95,Starbucks,"Coffee & Tea, Breakfast, Lunch, and Sweets",29.7505562,-95.3747082
"Houston, TX",Toasted White Hot Chocolate,"Hot chocolate taken to a new level—flavors of caramelized white chocolate combined with steamed milk and finished with whipped cream, festive holiday sugar sparkles and crispy white pearls.",3.95,Starbucks,"Coffee & Tea, Breakfast, Lunch, and Sweets",29.7505562,-95.3747082
"Houston, TX",Caramel Brulée Crème,Steamed milk and rich caramel brulée sauce deliciously finished with whipped cream and a caramel brulée topping—an ode to holiday sweetness.,3.95,Starbucks,"Coffee & Tea, Breakfast, Lunch, and Sweets",29.7505562,-95.3747082
"Houston, TX",Chestnut Praline Crème,Steamed milk and flavors of caramelized chestnuts and spices—topped with whipped cream and spiced praline crumbs—come together for this festive moment.,3.95,Starbucks,"Coffee & Tea, Breakfast, Lunch, and Sweets",29.7505562,-95.3747082
"Houston, TX",Peppermint Mocha Frappuccino® Blended Beverage,"A delectable blend of chocolaty-pepperminty perfection in every cool sip—Frappuccino® Roast coffee, mocha sauce, peppermint-flavored syrup, milk and ice, topped with whipped cream and dark-chocolate curls.",6.15,Starbucks,"Coffee & Tea, Breakfast, Lunch, and Sweets",29.7505562,-95.3747082
"Houston, TX",Peppermint White Chocolate Mocha Frappuccino® Blended Beverage,"A delectable blend of white chocolaty-pepperminty perfection in every cool sip—Frappuccino® Roast coffee, white chocolate mocha sauce, peppermint-flavored syrup, milk and ice, topped with whipped cream and dark-chocolate curls.",6.15,Starbucks,"Coffee & Tea, Breakfast, Lunch, and Sweets",29.7505562,-95.3747082
"Houston, TX",Sugar Cookie Almondmilk Frappuccino® Blended Beverage,"Sugar cookie-flavored syrup combined with Frappuccino® Roast coffee and almondmilk and blended with ice, topped with whipped cream and red and green sprinkles.",6.15,Starbucks,"Coffee & Tea, Breakfast, Lunch, and Sweets",29.7505562,-95.3747082
"Houston, TX",Caramel Brulée Frappuccino® Blended Beverage,"Frappuccino® Roast coffee, milk and ice blended with rich caramel brulée sauce, and then topped with whipped cream and our crunchy caramel brulée bits for extra-gooey goodness.",6.15,Starbucks,"Coffee & Tea, Breakfast, Lunch, and Sweets",29.7505562,-95.3747082
"Houston, TX",Chestnut Praline Frappuccino® Blended Beverage,"A blissful world of deliciousness: festive flavors of caramelized chestnuts and spices blended with Frappuccino® Roast coffee, milk and ice, and topped with whipped cream and spiced praline crumbs.",6.15,Starbucks,"Coffee & Tea, Breakfast, Lunch, and Sweets",29.7505562,-95.3747082
"Houston, TX",Toasted White Chocolate Mocha Frappuccino® Blended Beverage,"A toasty holiday blend of wonder: Frappuccino® Roast coffee, milk, ice and flavors of caramelized white chocolate with a cheerful topping of whipped cream, festive holiday sugar sparkles and crispy white pearls.",6.15,Starbucks,"Coffee & Tea, Breakfast, Lunch, and Sweets",29.7505562,-95.3747082
"Houston, TX",Peppermint Mocha Crème Frappuccino® Blended Beverage,"This all-about-the-flavors sip delivers a delectable blend of chocolaty-pepperminty perfection—milk, ice, mocha sauce and peppermint-flavored syrup swirled together, topped with whipped cream and dark-chocolate curls.",6.15,Starbucks,"Coffee & Tea, Breakfast, Lunch, and Sweets",29.7505562,-95.3747082
"Houston, TX",Peppermint White Chocolate Crème Frappuccino® Blended Beverage,"This all-about-the-flavors sip delivers a delectable blend of white chocolaty-pepperminty perfection—milk, ice, white chocolate mocha sauce and peppermint-flavored syrup swirled together, topped with whipped cream and dark-chocolate curls.",6.15,Starbucks,"Coffee & Tea, Breakfast, Lunch, and Sweets",29.7505562,-95.3747082
"Houston, TX",Caramel Brulée Crème Frappuccino® Blended Beverage,"A combination of rich caramel brulée sauce blended with milk and ice, topped with whipped cream and our crunchy caramel brulée bits for an extra-tasty holi-yay treat.",6.15,Starbucks,"Coffee & Tea, Breakfast, Lunch, and Sweets",29.7505562,-95.3747082
"Houston, TX",Chestnut Praline Crème Frappuccino® Blended Beverage,"A joyful world of deliciousness: holiday flavors of caramelized chestnuts and spices blended with milk and ice, and topped with whipped cream and spiced praline crumbs.",6.15,Starbucks,"Coffee & Tea, Breakfast, Lunch, and Sweets",29.7505562,-95.3747082
"Houston, TX",Toasted White Chocolate Crème Frappuccino® Blended Beverage,"A toasty holiday blend of wonder: milk, ice and flavors of caramelized white chocolate with a cheerful topping of whipped cream, festive holiday sugar sparkles and crispy white pearls.",6.15,Starbucks,"Coffee & Tea, Breakfast, Lunch, and Sweets",29.7505562,-95.3747082
"Houston, TX",Sugar Cookie Almondmilk Crème Frappuccino® Blended Beverage,"Sugar cookie-flavored syrup combined with almondmilk and blended with ice, topped with whipped cream and red and green sprinkles.",6.15,Starbucks,"Coffee & Tea, Breakfast, Lunch, and Sweets",29.7505562,-95.3747082
"Houston, TX",Iced Caramel Brulée Latte,"Our signature espresso, milk, ice and rich caramel brulée sauce finished with whipped cream and a supreme topping of even more caramel brulée bits.",6.45,Starbucks,"Coffee & Tea, Breakfast, Lunch, and Sweets",29.7505562,-95.3747082
"Houston, TX",Iced Brown Sugar Oatmilk Shaken Espresso,"First we shake Starbucks® Blonde espresso, brown sugar and cinnamon together, and then top it off with oatmilk and ice for a cool lift to power you through your day.",6.15,Starbucks,"Coffee & Tea, Breakfast, Lunch, and Sweets",29.7505562,-95.3747082
"Houston, TX",Iced Chestnut Praline Latte,"First we begin with our signature espresso, ice and milk, and then add flavors of caramelized chestnuts and spices—all topped with a holiday finale of whipped cream and specially spiced praline crumbs.",6.45,Starbucks,"Coffee & Tea, Breakfast, Lunch, and Sweets",29.7505562,-95.3747082
"Houston, TX",Irish Cream Cold Brew,"Everything and more that you ever wanted in a sippable, dreamy holiday drink: Starbucks® Cold Brew swirled with Irish cream syrup, and topped with a cloud of vanilla sweet cream cold foam and a hint of cocoa.",5.65,Starbucks,"Coffee & Tea, Breakfast, Lunch, and Sweets",29.7505562,-95.3747082
"Houston, TX",Iced Toasted Vanilla Oatmilk Shaken Espresso,Starbucks® Blonde espresso combined with notes of caramelized vanilla shaken together and topped with oatmilk for an energizing treat to boost your day.,6.15,Starbucks,"Coffee & Tea, Breakfast, Lunch, and Sweets",29.7505562,-95.3747082
"Houston, TX",Iced Sugar Cookie Almondmilk Latte,"Sugar cookie-flavored syrup combined with Starbucks® Blonde espresso and almondmilk over ice, topped with red and green sprinkles.",6.45,Starbucks,"Coffee & Tea, Breakfast, Lunch, and Sweets",29.7505562,-95.3747082
"Houston, TX",Iced Peppermint Mocha,"Our festive all-star Peppermint Mocha brightens the holidays: signature Espresso Roast combines with milk and ice, sweet mocha sauce and peppermint-flavored syrup, topped with whipped cream and dark-chocolate curls.",6.45,Starbucks,"Coffee & Tea, Breakfast, Lunch, and Sweets",29.7505562,-95.3747082
"Houston, TX",Iced Peppermint White Chocolate Mocha,"Our signature espresso meets a trio of white chocolate sauce, peppermint-flavored syrup and milk, served over ice and topped with whipped cream and dark-chocolate curls—a sweet, oh-so-delightfully merry treat.",6.45,Starbucks,"Coffee & Tea, Breakfast, Lunch, and Sweets",29.7505562,-95.3747082
"Houston, TX",Iced Toasted White Chocolate Mocha,"Our signature espresso paired with flavors of caramelized white chocolate combined with milk, served over ice, and topped with whipped cream and festive holiday sugar sparkles and crispy white pearls—a sweet, oh-so-delightfully merry treat.",6.45,Starbucks,"Coffee & Tea, Breakfast, Lunch, and Sweets",29.7505562,-95.3747082
"Houston, TX",Iced Chai Tea Latte,"Black tea infused with cinnamon, clove, and other warming spices are combined with milk and ice for the perfect balance of sweet and spicy.",4.95,Starbucks,"Coffee & Tea, Breakfast, Lunch, and Sweets",29.7505562,-95.3747082
"Houston, TX",Sugar Plum Cheese Danish,"Cream-cheese filling surrounded by a fluffy danish, topped with a spiced sugar-plum spread.",4.45,Starbucks,"Coffee & Tea, Breakfast, Lunch, and Sweets",29.7505562,-95.3747082
"Houston, TX",Snowman Cookie,Buttery shortbread snowman cookie dressed up in white chocolaty icing.,3.55,Starbucks,"Coffee & Tea, Breakfast, Lunch, and Sweets",29.7505562,-95.3747082
"Houston, TX",Reindeer Cake Pop,"Vanilla cake interior with chocolaty icing, finished with a festive red nose and antlers.",3.75,Starbucks,"Coffee & Tea, Breakfast, Lunch, and Sweets",29.7505562,-95.3747082
"Houston, TX",Gingerbread Biscotti,"This gingerbread biscotti makes a festively flavored, crunchy and dippable baked treat that perfectly complements your coffee.",2.65,Starbucks,"Coffee & Tea, Breakfast, Lunch, and Sweets",29.7505562,-95.3747082
"Houston, TX",Starbucks® Blonde Vanilla Latte,"Extra-smooth Starbucks® Blonde Espresso, velvety steamed milk and vanilla syrup come together to create a delightful new twist on a beloved espresso classic. An ideal cup for those who prefer a lighter-roasted coffee.",5.75,Starbucks,"Coffee & Tea, Breakfast, Lunch, and Sweets",29.7505562,-95.3747082
"Houston, TX",Caffè Latte,"Our dark, rich espresso balanced with steamed milk and a light layer of foam. A perfect milk-forward warm-up.",4.95,Starbucks,"Coffee & Tea, Breakfast, Lunch, and Sweets",29.7505562,-95.3747082
"Houston, TX",Cappuccino,"Dark, rich espresso lies in wait under a smoothed and stretched layer of thick milk foam. An alchemy of barista artistry and craft.",4.95,Starbucks,"Coffee & Tea, Breakfast, Lunch, and Sweets",29.7505562,-95.3747082
"Houston, TX",Iced Starbucks® Blonde Vanilla Latte,"Seriously smooth and subtly sweet Starbucks® Blonde Espresso, milk, ice and vanilla syrup come together to create a delightful twist on a beloved espresso classic.",5.95,Starbucks,"Coffee & Tea, Breakfast, Lunch, and Sweets",29.7505562,-95.3747082
"Houston, TX",Iced Caffè Latte,"Our dark, rich espresso combined with milk and served over ice. A perfect milk-forward cooldown.",4.95,Starbucks,"Coffee & Tea, Breakfast, Lunch, and Sweets",29.7505562,-95.3747082
"Houston, TX",Iced Lemon Loaf,"Citrusy, buttery, moist lemon pound cake topped with a sweet icing.-VEGETARIAN",4.25,Starbucks,"Coffee & Tea, Breakfast, Lunch, and Sweets",29.7505562,-95.3747082
"Houston, TX",Chophouse Cheeseburger,"A 100% pure seasoned beef patty with two slices of American cheese, bold Chophouse aioli, and crispy onion strings, served on a toasted brioche bun.",6.58,Sonic Drive-in,America's drive-in serving fast food meals,29.7690238,-95.3874318
"Houston, TX",Chophouse Cheeseburger,"A 100% pure seasoned beef patty with two slices of American cheese, bold Chophouse aioli, and crispy onion strings, served on a toasted brioche bun.",6.58,Sonic Drive-in,America's drive-in serving fast food meals,29.7690238,-95.3874318
"Houston, TX",Steak Butter Bacon Cheeseburger,"100% pure beef patty dolloped with a rich and creamy butter made with savory steakhouse seasoning and layered with two slices of American cheese, crispy bacon, grilled onions, mayo, and served on a toasted bakery bun.",7.19,Sonic Drive-in,America's drive-in serving fast food meals,29.7690238,-95.3874318
"Houston, TX",Steak Butter Bacon Cheeseburger,"100% pure beef patty dolloped with a rich and creamy butter made with savory steakhouse seasoning and layered with two slices of American cheese, crispy bacon, grilled onions, mayo, and served on a toasted bakery bun.",7.19,Sonic Drive-in,America's drive-in serving fast food meals,29.7690238,-95.3874318
"Houston, TX",SuperSONIC® Double Cheeseburger,"Double the SONIC® goodness with the SuperSONIC® Cheeseburger. Two juicy, perfectly seasoned, quarter pound, 100% pure beef patties that are layered with two slices of melty American cheese, crisp, crinkle cut pickles, tangy ketchup, diced onions, creamy mayo, crisp lettuce, and hand sliced tomatoes on a golden, toasted bun. Seeing double has never been tastier.",8.77,Sonic Drive-in,America's drive-in serving fast food meals,29.7690238,-95.3874318
"Houston, TX",SONIC® Cheeseburger,"What you see is what you get. Melty American cheese, crinkle-cut pickles, chopped onions, fresh shredded lettuce & ripe tomatoes on a perfectly seasoned, 100% pure beef patty. Straightforward and tasty, just the way it should be. ",6.33,Sonic Drive-in,America's drive-in serving fast food meals,29.7690238,-95.3874318
"Houston, TX",SuperSONIC® Bacon Double Cheeseburger,"Bacon makes everything better - especially when it's as good as our SuperSONIC® Double Cheeseburger. We start with two quarter-pound, 100% pure beef hamburgers, two melty slices of American cheese, lettuce, fresh sliced tomatoes, creamy mayo, and top it all off with crispy bacon.",9.38,Sonic Drive-in,America's drive-in serving fast food meals,29.7690238,-95.3874318
"Houston, TX",Plain SONIC Cheeseburger,The Plain SONIC Cheeseburger is a juicy 100% pure beef patty and melty American cheese.,6.33,Sonic Drive-in,America's drive-in serving fast food meals,29.7690238,-95.3874318
"Houston, TX",Classic Crispy Chicken Sandwich,"Lightly seasoned and breaded 100% all white meat chicken breast topped with fresh lettuce, ripe tomatoes and your choice of mustard, mayo or ketchup, served on a warm Brioche bun.",7.06,Sonic Drive-in,America's drive-in serving fast food meals,29.7690238,-95.3874318
"Houston, TX",Chili Cheese Coney,"Want something filling that's also a great deal? Try SONIC's Premium Beef Chili Cheese Coney. A grilled beef hot dog topped with warm chili and melty cheddar cheese served in a soft, warm bakery bun.",3.65,Sonic Drive-in,America's drive-in serving fast food meals,29.7690238,-95.3874318
"Houston, TX",All-American Dog,"Take a bite out of Americana with SONIC's Premium Beef All-American Dog. It's a beef hot dog made with 100% pure beef that's grilled to perfection and topped with ketchup, yellow mustard, relish and chopped onions and served in a soft, warm bakery bun.",3.65,Sonic Drive-in,America's drive-in serving fast food meals,29.7690238,-95.3874318
"Houston, TX",Sausage Breakfast TOASTER®,"Behold – melty cheese, your choice of savory sausage, crispy bacon or delicious ham, all stacked up on thick Texas Toast and served with fluffy eggs. Sounds like breakfast heaven if you ask us.",4.87,Sonic Drive-in,America's drive-in serving fast food meals,29.7690238,-95.3874318
"Houston, TX",Bacon Breakfast TOASTER®,"Behold – melty cheese, crispy bacon all stacked up on thick Texas Toast and served with fluffy eggs. Sounds like breakfast heaven if you ask us.",4.87,Sonic Drive-in,America's drive-in serving fast food meals,29.7690238,-95.3874318
"Houston, TX","Jr. Bacon, Egg and Cheese Breakfast Burrito","Bacon, eggs and cheese, oh my! The Jr. Breakfast Burrito is packed with savory sausage, fluffy eggs and melty cheese, and all wrapped up in a warm flour tortilla. Value tastes good, doesn't it?",2.67,Sonic Drive-in,America's drive-in serving fast food meals,29.7690238,-95.3874318
"Houston, TX","Jr. Sausage, Egg and Cheese Breakfast Burrito","Sausage, eggs and cheese, oh my! The Jr. Breakfast Burrito is packed with savory sausage, fluffy eggs and melty cheese, and all wrapped up in a warm flour tortilla. Value tastes good, doesn't it?",2.67,Sonic Drive-in,America's drive-in serving fast food meals,29.7690238,-95.3874318
"Houston, TX",Hot Fudge Sundae,"Our Hot Fudge Sundaes start with creamy, real vanilla ice cream swirled together with hot fudge, and finished with whipped topping and a cherry.",3.65,Sonic Drive-in,America's drive-in serving fast food meals,29.7690238,-95.3874318
"Houston, TX","Jr. Bacon, Egg and Cheese Breakfast Burrito","Bacon, eggs and cheese, oh my! The Jr. Breakfast Burrito is packed with savory sausage, fluffy eggs and melty cheese, and all wrapped up in a warm flour tortilla. Value tastes good, doesn't it?",2.67,Sonic Drive-in,America's drive-in serving fast food meals,29.7690238,-95.3874318
"Houston, TX","Jr. Sausage, Egg and Cheese Breakfast Burrito","Sausage, eggs and cheese, oh my! The Jr. Breakfast Burrito is packed with savory sausage, fluffy eggs and melty cheese, and all wrapped up in a warm flour tortilla. Value tastes good, doesn't it?",2.67,Sonic Drive-in,America's drive-in serving fast food meals,29.7690238,-95.3874318
"Houston, TX",Classic Meal Deal,Classic Pepperoni + 2-liter PEPSI® Cola product + Crazy Combo®,12.86,Little Caesars Pizza,"Pizza, Deep Dish Pizza, Chicken Wings, Salads, Italian",29.7768608,-95.3077592
"Houston, TX",Detroit-Style Deep Dish Meal Deal,Detroit-Style Deep Dish Pepperoni + 2-liter PEPSI-COLA® Product + Crazy Combo®,15.2,Little Caesars Pizza,"Pizza, Deep Dish Pizza, Chicken Wings, Salads, Italian",29.7768608,-95.3077592
"Houston, TX",Old World Fanceroni Pepperoni™,"A large Pepperoni pizza topped with over 100 crispy old world Pepperonis all the way to the edge and a crispy, caramelized crust",12.86,Little Caesars Pizza,"Pizza, Deep Dish Pizza, Chicken Wings, Salads, Italian",29.7768608,-95.3077592
"Houston, TX",Detroit-Style Deep Dish Pepperoni,Large Detroit-style deep dish pizza with Pepperoni (2770 Cal),10.52,Little Caesars Pizza,"Pizza, Deep Dish Pizza, Chicken Wings, Salads, Italian",29.7768608,-95.3077592
"Houston, TX",Detroit-Style Deep Dish Cheese,Large Detroit-style deep dish pizza with Cheese  (2500 Cal),10.52,Little Caesars Pizza,"Pizza, Deep Dish Pizza, Chicken Wings, Salads, Italian",29.7768608,-95.3077592
"Houston, TX",Monster Mash,"squid ink waffle tortilla, marinated cabbage, candied apple crispy tenders, jalapeño avocado cajeta, chipotle pumpkin grit balls, chocolate covered pretzels, buttery popcorn",6.6,Velvet Taco,Taco Restaurant,29.7444041,-95.3906218
"Houston, TX",Chicken Fried Steak,"breaded steak, caramelized onion & bacon mash, green beans, pepper corn gravy, flour tortilla",6.6,Velvet Taco,Taco Restaurant,29.7444041,-95.3906218
"Houston, TX",#2 Rotisserie Chicken ,"Rotisserie chicken, queso blanco, roasted corn pico, charred tomato poblano salsa, cilantro, corn tortilla",6.3,Velvet Taco,Taco Restaurant,29.7444041,-95.3906218
"Houston, TX",#3.5 Picnic Chicken,"Picnic chicken, rotisserie chicken, avocado crema, warm honey-dijon potato salad, crispy chicken skin, cilantro, flour tortilla",6.3,Velvet Taco,Taco Restaurant,29.7444041,-95.3906218
"Houston, TX",Barbacoa Brisket Nachos,"blue corn chips, barbacoa-style brisket, white queso blanco, roasted corn pico, mayo crema, salsa verde, queso fresco, micro cilantro",7.15,Velvet Taco,Taco Restaurant,29.7444041,-95.3906218
"Houston, TX",Large Frozen Margarita,"Lunazul premium blanco tequila, orange liqueur, fresh limejuice, agave nectar",13.8,Velvet Taco,Taco Restaurant,29.7444041,-95.3906218
"Houston, TX",Large Rocks Margarita,"Lunazul premium blanco tequila, orange liqueur, fresh limejuice, agave nectar",13.8,Velvet Taco,Taco Restaurant,29.7444041,-95.3906218
"Houston, TX",Regular Frozen Margarita,"Lunazul premium blanco tequila, orange liqueur, fresh limejuice, agave nectar",10.2,Velvet Taco,Taco Restaurant,29.7444041,-95.3906218
"Houston, TX",Paloma (Large),"Lunazul premium blanco tequila, Jarritos grapefruit soda, lime juice, agave nectar, grapefruit",13.8,Velvet Taco,Taco Restaurant,29.7444041,-95.3906218
"Houston, TX",Regular Rocks Margarita,"Lunazul premium blanco tequila, orange liqueur, fresh limejuice, agave nectar",10.2,Velvet Taco,Taco Restaurant,29.7444041,-95.3906218
"Houston, TX",Ranch Water,"Lunazul premium blanco tequila, lime juice, agave nectarSELECT YOUR FLAVOR: Topo Chico regular, lime or grapefruit",10.2,Velvet Taco,Taco Restaurant,29.7444041,-95.3906218
"Houston, TX",Paloma (Regular),"Lunazul premium blanco tequila, Jarritos grapefruit soda, lime juice, agave nectar, grapefruit",10.2,Velvet Taco,Taco Restaurant,29.7444041,-95.3906218
"Houston, TX",Topo Chico,,4.5,Velvet Taco,Taco Restaurant,29.7444041,-95.3906218
"Houston, TX",Bottled Water,,1.8,Velvet Taco,Taco Restaurant,29.7444041,-95.3906218
"Houston, TX",Kid's Chicken Quesadilla,rotisserie chicken quesadilla served with lime crema | 570 cal.,5.1,Velvet Taco,Taco Restaurant,29.7444041,-95.3906218
"Houston, TX",Kid's Chicken Taco,"rotisserie chicken, white queso, flour tortilla | 280 cal.",5.1,Velvet Taco,Taco Restaurant,29.7444041,-95.3906218
"Houston, TX",GF #3 Roasted Tikka Chicken,"rotisserie chicken, spicy tikka sauce, buttered cilantro basmati rice, raita crema, Thai basil, corn tortilla",5.95,Velvet Taco,Taco Restaurant,29.7444041,-95.3906218
"Houston, TX",GF #2 Rotisserie Chicken,"rotisserie chicken, queso blanco, roasted corn pico, charred tomato poblano salsa, cilantro, corn tortilla",6.3,Velvet Taco,Taco Restaurant,29.7444041,-95.3906218
"Houston, TX",Diet Coke,,3.05,Pokeworks,Poke Restaurant,29.774612824,-95.398183152
"Houston, TX",猪肉小笼包 / Pork Soup Dumpling,Six pieces.,11.95,duck n bao,duck n bao,29.7607632324038,-95.4181979992901
"Houston, TX",Sprite,,3.05,Pokeworks,Poke Restaurant,29.774612824,-95.398183152
"Houston, TX",鸡肉小笼包 / Chicken Soup Dumpling,Six pieces.,11.95,duck n bao,duck n bao,29.7607632324038,-95.4181979992901
"Houston, TX",煎饺 / Pan Fried Pork Dumplings,Six pieces. Pork or veggie.,8.95,duck n bao,duck n bao,29.7607632324038,-95.4181979992901
"Houston, TX",特色猪肉虾烧卖 / Shrimp & Pork Shumai,Four pieces.,9.5,duck n bao,duck n bao,29.7607632324038,-95.4181979992901
"Houston, TX",葱油饼 / Crisp Scallion Pancake,,7.5,duck n bao,duck n bao,29.7607632324038,-95.4181979992901
"Houston, TX",红油抄手 / Hot Oil Wontons,Spicy. House made pork wontons with chef special chili oil.,9.5,duck n bao,duck n bao,29.7607632324038,-95.4181979992901
"Houston, TX",水晶虾饺 / Crystal Shrimp Dumpling,Four pieces. Shrimp dumpling.,9.5,duck n bao,duck n bao,29.7607632324038,-95.4181979992901
"Houston, TX",四川担担面 / Dan Dan Noodle,Spicy. Sichuan fresh made noodle with chili oil.,9.5,duck n bao,duck n bao,29.7607632324038,-95.4181979992901
"Houston, TX",蟹肉小笼包 / Crab Meat & Pork Soup Dumpling,Six pieces.,14.5,duck n bao,duck n bao,29.7607632324038,-95.4181979992901
"Houston, TX",彩色综合蒸饺 / Special Mix Steamed Dumpling,"Six pieces. Yellow-chicken and cabbage, purple-pork and shrimp, green-seasonal veggies.",11.5,duck n bao,duck n bao,29.7607632324038,-95.4181979992901
"Houston, TX",香酥春卷 / Crispy Egg Roll,Chicken two pieces or veggies four pieces.,6.5,duck n bao,duck n bao,29.7607632324038,-95.4181979992901
"Houston, TX",炸云吞 / Fried Cheese Puff,,7.0,duck n bao,duck n bao,29.7607632324038,-95.4181979992901
"Houston, TX",凉拌黄瓜 / Garlic Cucumber Salad,Cucumber mixed with dressing.,9.0,duck n bao,duck n bao,29.7607632324038,-95.4181979992901
"Houston, TX",水煮毛豆 / Edamame,Soybeans.,6.0,duck n bao,duck n bao,29.7607632324038,-95.4181979992901
"Houston, TX",Garlic Spicy Edamame,Soybeans.,7.0,duck n bao,duck n bao,29.7607632324038,-95.4181979992901
"Houston, TX",抱子甘蓝 / Kung Pao Brussels Sprouts,Sautéed brussels sprouts; peanut with kung pao sauce.,10.0,duck n bao,duck n bao,29.7607632324038,-95.4181979992901
"Houston, TX",火鸭小南瓜 / Roasted Duck Pumpkin Puff,Four pieces.,10.0,duck n bao,duck n bao,29.7607632324038,-95.4181979992901
"Houston, TX",麻辣牛肉干/ Sichuan Mala Beef Jerky,Spicy.,10.0,duck n bao,duck n bao,29.7607632324038,-95.4181979992901
"Houston, TX",Half Peking Duck,"Included: 6 pancakes, duck sauce, cucumber and scallion.",38.0,duck n bao,duck n bao,29.7607632324038,-95.4181979992901
"Houston, TX",Whole Peking Duck,"Included: 12 pancakes, duck sauce, cucumber and scallion large house special duck soup or minced duck with lettuce wrap.",68.0,duck n bao,duck n bao,29.7607632324038,-95.4181979992901
"Houston, TX",鸡汤蚀 / Chicken Soup with Wontons,A savory soup with a poultry base. chicken soup is often served with sour cream.,6.0,duck n bao,duck n bao,29.7607632324038,-95.4181979992901
"Houston, TX",酸辣汤 / Hot Sour Soup,Spicy.,6.0,duck n bao,duck n bao,29.7607632324038,-95.4181979992901
"Houston, TX",扬州炒饭 / Yangzhou Style Fried Rice,"Shrimp, luncheon meat, egg white, green onion.",16.0,duck n bao,duck n bao,29.7607632324038,-95.4181979992901
"Houston, TX",海鲜蛋白炒饭 / Seafood Fried Rice with Egg White,"Shrimp, calamari, scallop.",19.5,duck n bao,duck n bao,29.7607632324038,-95.4181979992901
"Houston, TX",红烧肉 and 鹤鹑蛋 / Braised Pork Belly with Quail Eggs,,21.95,duck n bao,duck n bao,29.7607632324038,-95.4181979992901
"Houston, TX",Pork Belly with Bun,"Slow-braised pork belly, preserved veggies with buns. 15 mins cooking time.",21.95,duck n bao,duck n bao,29.7607632324038,-95.4181979992901
"Houston, TX",樟茶排骨 / Tea Leaf Smoked Pork Ribs,,22.95,duck n bao,duck n bao,29.7607632324038,-95.4181979992901
"Houston, TX",芥蓝牛肉 / Beef Broccoli,,18.95,duck n bao,duck n bao,29.7607632324038,-95.4181979992901
"Houston, TX",蒙古牛肉 / Mongolian Beef,Beef with brown sauce and vegetables.,18.95,duck n bao,duck n bao,29.7607632324038,-95.4181979992901
"Houston, TX",干锅牛 / House Spicy Dry Pot with Steak & Vegetables,Spicy.,22.95,duck n bao,duck n bao,29.7607632324038,-95.4181979992901
"Houston, TX",Black Pepper Ribeye Steak,10oz USDA Prime steak.,28.95,duck n bao,duck n bao,29.7607632324038,-95.4181979992901
"Houston, TX",水煮牛肉 / Flaming Beef,Spicy. Poached flank steak with Sichuan pepper broth.,21.95,duck n bao,duck n bao,29.7607632324038,-95.4181979992901
"Houston, TX",孜然羊肉 / Cumin Lamb,Spicy.,22.95,duck n bao,duck n bao,29.7607632324038,-95.4181979992901
"Houston, TX",孜然牛肉 / Cumin Beef,Spicy.,20.95,duck n bao,duck n bao,29.7607632324038,-95.4181979992901
"Houston, TX",Sichuan Pepper & Chili Ribeye Steak,10oz USDA Prime steak.,28.95,duck n bao,duck n bao,29.7607632324038,-95.4181979992901
"Houston, TX",飘香辣子鸡 / Crispy Spicy Chicken,Spicy.,18.95,duck n bao,duck n bao,29.7607632324038,-95.4181979992901
"Houston, TX",干锅鸡 / House Spicy Dry Pot with Chicken,,20.95,duck n bao,duck n bao,29.7607632324038,-95.4181979992901
"Houston, TX",椒盐鱿鱼 / Salt & Pepper Calamari,,22.95,duck n bao,duck n bao,29.7607632324038,-95.4181979992901
"Houston, TX",干锅鱿鱼 and 虾 / House Spicy Dry Pot Prawns & Calamari,Spicy.,27.95,duck n bao,duck n bao,29.7607632324038,-95.4181979992901
"Houston, TX",芥蓝虾 / Jumbo Shrimp with Broccoli,,22.95,duck n bao,duck n bao,29.7607632324038,-95.4181979992901
"Houston, TX",松鼠鱼 / Sweet & Sour Whole Fish (Boneless),,27.95,duck n bao,duck n bao,29.7607632324038,-95.4181979992901
"Houston, TX",宫爆虾 / Kung Pao Shrimp,Spicy.,22.95,duck n bao,duck n bao,29.7607632324038,-95.4181979992901
"Houston, TX",Spicy Shrimp with Crispy Rice,Spicy.,24.95,duck n bao,duck n bao,29.7607632324038,-95.4181979992901
"Houston, TX",干煸四季豆 / Stir Fried String Bean,,15.95,duck n bao,duck n bao,29.7607632324038,-95.4181979992901
"Houston, TX",鱼香茄子 / Eggplant Garlic Sauce,Spicy.,15.95,duck n bao,duck n bao,29.7607632324038,-95.4181979992901
"Houston, TX",炉炒 / 蒜蓉青江菜 / Stir Fried Bok Choy,Dry chili pepper and garlic.,14.95,duck n bao,duck n bao,29.7607632324038,-95.4181979992901
"Houston, TX",Mapo Tofu,Spicy. Organic tofu. Add ground beef for additional price.,15.95,duck n bao,duck n bao,29.7607632324038,-95.4181979992901
"Houston, TX",炉 / 醋溜莲花白 / Stir Fried Chinese Cabbage,Dry chili pepper and sweet sour.,14.95,duck n bao,duck n bao,29.7607632324038,-95.4181979992901
"Houston, TX",炮炒 / 醋溜莲藕 / Stir Fried Lotus Root,Dry chili pepper and sweet sour.,15.95,duck n bao,duck n bao,29.7607632324038,-95.4181979992901
"Houston, TX",BM10. Bò Đại Hàn - Korean BBQ Beef,,7.0,Simply Pho,"Vietnamese, Pickup, Takeout, Asian",29.7439197,-95.3775561
"Houston, TX",Choco Salted Toffee Shake,Chocolate frozen custard and salted toffee sauce hand-spun and topped with whipped cream,7.19,Shake Shack,Burger Restaurant,29.7592046,-95.3634382
"Houston, TX",Apple Cider Donut Shake,Apple cider donut frozen custard hand-spun and topped with whipped cream and cinnamon donut crunch,7.19,Shake Shack,Burger Restaurant,29.7592046,-95.3634382
"Houston, TX",Pumpkin Patch Shake,"Pumpkin puree hand-spun with vanilla frozen custard, cinnamon, and nutmeg, topped with whipped cream and candied pumpkin seeds",7.19,Shake Shack,Burger Restaurant,29.7592046,-95.3634382
"Houston, TX",Christmas Cookie Shake,Sugar cookie frozen custard topped with whipped cream and holiday sprinkles,7.19,Shake Shack,Burger Restaurant,29.7592046,-95.3634382
"Houston, TX",Chocolate Peppermint Shake,Peppermint fudge and chocolate frozen custard hand-spun and topped with whipped cream and candy cane sprinkles         ,7.19,Shake Shack,Burger Restaurant,29.7592046,-95.3634382
"Houston, TX",Chocolate Milk & Cookies Shake,"Chocolate cookies hand-spun with malted chocolate frozen custard, topped with whipped cream and chocolate cookie crumbles",7.19,Shake Shack,Burger Restaurant,29.7592046,-95.3634382
"Houston, TX",Iced Peanut Butter Cup Macchiato,Made with Peanut Butter Cup Swirl.,5.48,Dunkin',"Donuts, Sandwiches, Snacks, Coffee & Tea, Iced Teas",29.7448915,-95.4108887
"Houston, TX","Recess, Peach Ginger",,5.75,Local Foods,"Sandwiches, Gluten-Free, American (Traditional)",29.7836433,-95.3984864
"Houston, TX",Peanut Butter Cup Macchiato,Made with Peanut Butter Cup Swirl.,4.98,Dunkin',"Donuts, Sandwiches, Snacks, Coffee & Tea, Iced Teas",29.7448915,-95.4108887
"Houston, TX","Recess, Blood Orange",,5.75,Local Foods,"Sandwiches, Gluten-Free, American (Traditional)",29.7836433,-95.3984864
"Houston, TX",Blood Orange Dunkin' Refresher,Combines Blood Orange and Cranberry flavors. Made with Iced Green Tea or Coconutmilk.,3.48,Dunkin',"Donuts, Sandwiches, Snacks, Coffee & Tea, Iced Teas",29.7448915,-95.4108887
"Houston, TX","Orange Wine, Skins by Field Recordings","This Paso Robles skin-contact orange wine is a very approachable blend made of Chenin Blanc, Verdelho, and Pinot Gris. Dry with flavors of apricot, vanilla & citrus  that pair well with spicy foods and pork or salmon.",25.5,Local Foods,"Sandwiches, Gluten-Free, American (Traditional)",29.7836433,-95.3984864
"Houston, TX",Blood Orange Dunkin' Coconut Refresher,Combines Blood Orange and Cranberry flavors. Made with Iced Green Tea or Coconutmilk.,4.11,Dunkin',"Donuts, Sandwiches, Snacks, Coffee & Tea, Iced Teas",29.7448915,-95.4108887
"Houston, TX","Malbec, Red Schooner","Dry, medium to full bodied Malbec produced by the highly acclaimed Wagner family of Caymus. Silky and smooth on the palate, with more lush plum and ripe tannins carrying through to a long finish. BEST VALUE WINE for this price point!",40.25,Local Foods,"Sandwiches, Gluten-Free, American (Traditional)",29.7836433,-95.3984864
"Houston, TX",Tomato Pesto Grilled Cheese,"Roasted tomatoes, pesto spread and melted white cheddar cheese between two pieces of toasted sourdough bread.",5.36,Dunkin',"Donuts, Sandwiches, Snacks, Coffee & Tea, Iced Teas",29.7448915,-95.4108887
"Houston, TX","Cabernet, Lucky Draw by 689","Soon-to-be your new house staple! From Napa, Lucky Draw combines the deep intense flavors of Cabernet Sauvignon with a touch of Malbec to add additional depth and complexity. Deep purple in color, the wine highlights delicious flavors of blueberry, dark cherry and cocoa. Full-bodied with depth and structure, the wine finishes with silky tannins. It’s a sophisticated wine without all the pretension.",32.25,Local Foods,"Sandwiches, Gluten-Free, American (Traditional)",29.7836433,-95.3984864
"Houston, TX",Spider Donut,A frightfully delicious munchkin topped donut.,1.73,Dunkin',"Donuts, Sandwiches, Snacks, Coffee & Tea, Iced Teas",29.7448915,-95.4108887
"Houston, TX","Red Blend, Cain Cuvée NV17","This multi vintage Cabernet blend is not your typical Napa red wine; no big, inky, oaky blockbuster here. Made in Bordeaux style with layers of complexity for serious wine-lovers who value balance and finish. Notes of raspberries, red cherries, forest, and earth throughout the palate. The Cuvée NV17 is for those who know that wine doesn't have to be big to be good. Biodynamic",43.0,Local Foods,"Sandwiches, Gluten-Free, American (Traditional)",29.7836433,-95.3984864
"Houston, TX",Everything Stuffed Bagel Minis,"Everything mini bagels filled with cream cheese, served warm. Two per order.",3.73,Dunkin',"Donuts, Sandwiches, Snacks, Coffee & Tea, Iced Teas",29.7448915,-95.4108887
"Houston, TX","Rosé, Beaujolais Rosé, Kermit Lynch","A simple Beaujolais in name and in price, Dupeuble’s rosé (and red . . . and white, for that matter) should not be mistaken for a basic bottle of wine. Sure, it is supremely thirst-quenching, as any self-respecting rosé should be, and it is darn fun to drink—we are talking about Beaujolais, after all. But consider that the Gamay vines here are up to seventy years old, and they grow in an intricate mix of granite, clay, and sandy soils. The outcome is a wine of real substance, with an extra dimension of depth along with an array of delightful flavors and textures.",23.0,Local Foods,"Sandwiches, Gluten-Free, American (Traditional)",29.7836433,-95.3984864
"Houston, TX",Bacon & Cheddar Omelet Bites,"Cage-free eggs mixed with bacon and cheddar cheese, cooked sous-vide style and packed with 17g of protein.",6.11,Dunkin',"Donuts, Sandwiches, Snacks, Coffee & Tea, Iced Teas",29.7448915,-95.4108887
"Houston, TX","Sparkling Rose, biutiful, Cava Brut Rose","Smokey stone fruit aromas lead to a fresh and zesty feeling palate that hits firmly with plum, raspberry and citrus flavors.  The finish on this rose Cava is solid and bubbly, with red-fruit and citrus flavors to spare.",22.0,Local Foods,"Sandwiches, Gluten-Free, American (Traditional)",29.7836433,-95.3984864
"Houston, TX","Chicken, Bacon & Cheese Croissant Stuffer","Warm flaky croissants filled with chicken, bacon and cheese, and topped with everything bagel topping.",4.98,Dunkin',"Donuts, Sandwiches, Snacks, Coffee & Tea, Iced Teas",29.7448915,-95.4108887
"Houston, TX","Sparkling, Azimut Brut Cava Nature","This organic sparkling wine hails from the Catalonia region of Spain. Fresh citrus and stone fruit aromas layered with hints of bergamot and chamomile. On the palate, more citrus and white flowers, but with nutty notes. Despite the natural style, and minimal intervention, these are some clean, refreshing, and crushable bubbles.",26.5,Local Foods,"Sandwiches, Gluten-Free, American (Traditional)",29.7836433,-95.3984864
"Houston, TX",Plain Stuffed Bagel Minis,"Plain mini bagels filled with cream cheese, served warm. Two per order.",3.73,Dunkin',"Donuts, Sandwiches, Snacks, Coffee & Tea, Iced Teas",29.7448915,-95.4108887
"Houston, TX",Togarashi Crusted Tuna,"Carrot Ginger Sauce, Pioppini Mushrooms, Stir Fried Local Veggies, Sesame Seeds, Green Onion",32.2,Local Foods,"Sandwiches, Gluten-Free, American (Traditional)",29.7836433,-95.3984864
"Houston, TX",Holiday Blend,A warm blend with sweet notes of molasses and dried fruit. ,2.48,Dunkin',"Donuts, Sandwiches, Snacks, Coffee & Tea, Iced Teas",29.7448915,-95.4108887
"Houston, TX",Local Gumbo,"Gulf Coast Shrimp, Falcon Lake Farms Sausage, Local Peppers, Okra, Red Beans, Green Onions, Brown Rice",24.25,Local Foods,"Sandwiches, Gluten-Free, American (Traditional)",29.7836433,-95.3984864
"Houston, TX",Turkey Sausage Egg and Cheese,"Get your day off to a delicious start. Try our flavorful turkey sausage, add and American  cheese on English Muffin, or Wake-Up  Wrap® ",5.98,Dunkin',"Donuts, Sandwiches, Snacks, Coffee & Tea, Iced Teas",29.7448915,-95.4108887
"Houston, TX",Vegan Power Bowl,"Black Lentils, rice and quinoa pilaf, arugula, roasted root vegetables, apple-cranberry relish, pecans,  smoked harissa",17.25,Local Foods,"Sandwiches, Gluten-Free, American (Traditional)",29.7836433,-95.3984864
"Houston, TX","Pancake Wake-Up Wrap® - Bacon, Egg & Cheese",American cheese and egg wrapped in a warm pancake with bacon or sausage.,3.36,Dunkin',"Donuts, Sandwiches, Snacks, Coffee & Tea, Iced Teas",29.7448915,-95.4108887
"Houston, TX",Local Brussels,"Atkinson Farms Brussels, Oyster Mushrooms, Pomegranate Seeds, Butternut Squash, Shallots, Garlic, Toasted Hazelnuts, Honey Whipped Goat Cheese, Banyul's Vinaigrette",14.0,Local Foods,"Sandwiches, Gluten-Free, American (Traditional)",29.7836433,-95.3984864
"Houston, TX",Pancake Wake-Up Wrap® - Egg and Cheese,American cheese and egg wrapped in a warm pancake with bacon or sausage.,2.73,Dunkin',"Donuts, Sandwiches, Snacks, Coffee & Tea, Iced Teas",29.7448915,-95.4108887
"Houston, TX",Tandoori Salmon,"Tandoori Spiced Salmon, Farro Pilaf, Mushrooms, Shallots, Spinach, Roasted Carrots, Tzatziki, Macadamia Nuts",26.5,Local Foods,"Sandwiches, Gluten-Free, American (Traditional)",29.7836433,-95.3984864
"Houston, TX","Pancake Wake-Up Wrap® - Sausage, Egg & Cheese",American cheese and egg wrapped in a warm pancake with bacon or sausage.,3.36,Dunkin',"Donuts, Sandwiches, Snacks, Coffee & Tea, Iced Teas",29.7448915,-95.4108887
"Houston, TX","Recess, Raspberry-Lemon",,5.75,Local Foods,"Sandwiches, Gluten-Free, American (Traditional)",29.7836433,-95.3984864
"Houston, TX",Cookie Butter Donut,"Yeast shell filled with Cookie Butter, Buttercream filling, topped with Maple flavored icing then dipped in Speculoos cookie topping.",2.36,Dunkin',"Donuts, Sandwiches, Snacks, Coffee & Tea, Iced Teas",29.7448915,-95.4108887
"Houston, TX","Recess, Strawberry Rose",,5.75,Local Foods,"Sandwiches, Gluten-Free, American (Traditional)",29.7836433,-95.3984864
"Houston, TX","Recess, Grapefruit-Tangerine",,5.75,Local Foods,"Sandwiches, Gluten-Free, American (Traditional)",29.7836433,-95.3984864
"Houston, TX","Recess, Lime Citrus",,5.75,Local Foods,"Sandwiches, Gluten-Free, American (Traditional)",29.7836433,-95.3984864
"Houston, TX","Sparkling Rosé biutiful, Cava Brut Rosé","Smokey stone fruit aromas lead to a fresh and zesty feeling palate that hits firmly with plum, raspberry and citrus flavors.  The finish on this rose Cava is solid and bubbly, with red-fruit and citrus flavors to spare.",22.0,Local Foods,"Sandwiches, Gluten-Free, American (Traditional)",29.7836433,-95.3984864
"Houston, TX","Frost Town \Stein Gold\""""","You’re holding pure gold in beer form - a classic American light ale with a noble hop aroma and a crisp finish. Whether enjoyed in a stein or straight from the can, this beer always delivers refreshmentABV 5.1%IBU 19",5.75,Local Foods,"Sandwiches, Gluten-Free, American (Traditional)",29.7836433,-95.3984864
"Houston, TX",Packaged Coffee,"Available in a variety of flavors and blends, your favorite Dunkin’ coffee makes for a fresh start to your day or a great gift for friends, family or colleagues.",11.23,Dunkin',"Donuts, Sandwiches, Snacks, Coffee & Tea, Iced Teas",29.7448915,-95.4108887
"Houston, TX",St. Arnold Christmas Ale,St. Arnold's Christmas Ale,5.75,Local Foods,"Sandwiches, Gluten-Free, American (Traditional)",29.7836433,-95.3984864
"Houston, TX",Eureka Heights Somethin' Light Can,"At 100 calories, these gloriously light, crispy boys are robust with flavor, not carbs, only 3 to be exact. Made for you and Texas’ hot summer nights.",5.75,Local Foods,"Sandwiches, Gluten-Free, American (Traditional)",29.7836433,-95.3984864
"Houston, TX",The Jimmy Sour Beer 16oz Can,Kettle-soured ale re-fermented on loads of sweet peach purée. The Bellini of beer!,8.0,Local Foods,"Sandwiches, Gluten-Free, American (Traditional)",29.7836433,-95.3984864
"Houston, TX",Ranch Rider Tequila Paloma,"Our take on Mexico’s favorite cocktail. Reposado tequila, sparkling water, sea salt, & fresh squeezed grapefruit, lime, & orange.",8.0,Local Foods,"Sandwiches, Gluten-Free, American (Traditional)",29.7836433,-95.3984864
"Houston, TX","Ranch Rider \The Buck\""""","A mule without the sugar. Vodka, sparkling water, real ginger & fresh squeezed lime.",8.0,Local Foods,"Sandwiches, Gluten-Free, American (Traditional)",29.7836433,-95.3984864
"Houston, TX",(512) Pecan Porter Bottle,Full body and malty sweetness are balanced with subtle pecan aroma and flavor from locally grown pecans. 6.2% ABV,6.6,Local Foods,"Sandwiches, Gluten-Free, American (Traditional)",29.7836433,-95.3984864
"Houston, TX",Deep Eddy Grapefruit Vodka Soda,,8.0,Local Foods,"Sandwiches, Gluten-Free, American (Traditional)",29.7836433,-95.3984864
"Houston, TX",Refried Beans side,4 oz,1.75,Dichos Taqueria,"Breakfast, Mexican, Sandwiches",29.7331121,-95.3088633
"Houston, TX",Refried Beans side 4OZ.,4 oz,2.29,Dichos Taqueria,"Breakfast, Mexican, Sandwiches",29.7331121,-95.3088633
"Houston, TX",Pork Chop,One piece. (6oz),5.99,Dichos Taqueria,"Breakfast, Mexican, Sandwiches",29.7331121,-95.3088633
"Houston, TX",Bacon Sandwich,Egg and cheese.,6.75,Dichos Taqueria,"Breakfast, Mexican, Sandwiches",29.7331121,-95.3088633
"Houston, TX",Steak Fajita Sandwich,Egg and cheese.,7.99,Dichos Taqueria,"Breakfast, Mexican, Sandwiches",29.7331121,-95.3088633
"Houston, TX",Jalapeno Sausage Sandwich,Egg and cheese.,6.75,Dichos Taqueria,"Breakfast, Mexican, Sandwiches",29.7331121,-95.3088633
"Houston, TX",Ham Sandwich,Egg and cheese.,6.75,Dichos Taqueria,"Breakfast, Mexican, Sandwiches",29.7331121,-95.3088633
"Houston, TX",Chorizo Sandwich,Egg and cheese.,6.75,Dichos Taqueria,"Breakfast, Mexican, Sandwiches",29.7331121,-95.3088633
"Houston, TX",Steak Fajita Brkfst Torta,"Egg, beans, cheese, and ham.",9.99,Dichos Taqueria,"Breakfast, Mexican, Sandwiches",29.7331121,-95.3088633
"Houston, TX",Chorizo Brkfst Torta,"Egg, beans, cheese, and ham.",8.99,Dichos Taqueria,"Breakfast, Mexican, Sandwiches",29.7331121,-95.3088633
"Houston, TX",Chicken Fajita Brkfst Torta,"Egg, beans, cheese, and ham.",8.99,Dichos Taqueria,"Breakfast, Mexican, Sandwiches",29.7331121,-95.3088633
"Houston, TX",Bacon breakfast torta,"Egg, beans, cheese, and ham.",8.99,Dichos Taqueria,"Breakfast, Mexican, Sandwiches",29.7331121,-95.3088633
"Houston, TX",Huevos Rancheros,Two eggs sunny side up. Topped with our ranchero sauce.,7.99,Dichos Taqueria,"Breakfast, Mexican, Sandwiches",29.7331121,-95.3088633
"Houston, TX",Migas a La Mexicana,"Eggs scrambled with tortilla chips and onions, tomato and jalapeno pepper.",7.99,Dichos Taqueria,"Breakfast, Mexican, Sandwiches",29.7331121,-95.3088633
"Houston, TX",Huevos a La Mexicana,"Eggs scrambled with onions, tomato and jalapeno peppers.",7.99,Dichos Taqueria,"Breakfast, Mexican, Sandwiches",29.7331121,-95.3088633
"Houston, TX",Huevos Con Papas,Eggs scrambled with potatoes.,7.99,Dichos Taqueria,"Breakfast, Mexican, Sandwiches",29.7331121,-95.3088633
"Houston, TX",Huevos Con Chorizo,Eggs scrambled with Mexican sausage.,7.99,Dichos Taqueria,"Breakfast, Mexican, Sandwiches",29.7331121,-95.3088633
"Houston, TX",Huevos Con Tocino,Eggs scrambled with bacon.,7.99,Dichos Taqueria,"Breakfast, Mexican, Sandwiches",29.7331121,-95.3088633
"Houston, TX",Papas Con Chorizo,Potatoes with mean sausage.,7.99,Dichos Taqueria,"Breakfast, Mexican, Sandwiches",29.7331121,-95.3088633
"Houston, TX",Huevos Con Jalapeno Sausage,Eggs scrambled with jalapeño sausage.,7.99,Dichos Taqueria,"Breakfast, Mexican, Sandwiches",29.7331121,-95.3088633
"Houston, TX",Huevos Con Jamon,Eg scrambled with ham.,7.99,Dichos Taqueria,"Breakfast, Mexican, Sandwiches",29.7331121,-95.3088633
"Houston, TX",Huevos Con Nopales,Eggs scrambled with cactus.,7.99,Dichos Taqueria,"Breakfast, Mexican, Sandwiches",29.7331121,-95.3088633
"Houston, TX",PAPAS RANCHERAS,Potatoes cooked with ranchero sauce.,7.99,Dichos Taqueria,"Breakfast, Mexican, Sandwiches",29.7331121,-95.3088633
"Houston, TX",Chicharron Con Huevo,Eggs scrambled with pork skin.,7.99,Dichos Taqueria,"Breakfast, Mexican, Sandwiches",29.7331121,-95.3088633
"Houston, TX",Huevos Divorciados con Fajita,"One egg with red sauce, one egg with green sauce, and beef or chicken fajita. Served with refried beans.",13.99,Dichos Taqueria,"Breakfast, Mexican, Sandwiches",29.7331121,-95.3088633
"Houston, TX",Omelette Fajita,"Three eggs filled with choice of chicken or beef fajita, bell pepper, onions, tomato, and white cheese. Served with refried beans and ranchero sauce.",12.99,Dichos Taqueria,"Breakfast, Mexican, Sandwiches",29.7331121,-95.3088633
"Houston, TX",Huevos con Mole,"Two eggs covered with mole sauce on a sincronizada. Served with refried beans, fresco cheese, and guacamole.",10.75,Dichos Taqueria,"Breakfast, Mexican, Sandwiches",29.7331121,-95.3088633
"Houston, TX",Omelette,"Three eggs filled with choice of chorizo, ham or bacon, and white cheese. Served with refried beans and ranchero sauce.",9.95,Dichos Taqueria,"Breakfast, Mexican, Sandwiches",29.7331121,-95.3088633
"Houston, TX",Huevos Motulenos,Giant fried tortilla. Topped with refried beans three eggs covered with ranchero sauce and cheese. Served with ripe plantains (platano maduro).,9.99,Dichos Taqueria,"Breakfast, Mexican, Sandwiches",29.7331121,-95.3088633
"Houston, TX",Molletes Mixtos,"Four pieces of Mexican bread topped with refried beans and choice of chorizo, bacon, ham or poblano peppers and white melted cheese. Served with pico de gallo.",10.99,Dichos Taqueria,"Breakfast, Mexican, Sandwiches",29.7331121,-95.3088633
"Houston, TX",Huevos Albanil,Eggs scrambled with chopped fajita and green sauce. Served with refried beans and fresco cheese.,12.99,Dichos Taqueria,"Breakfast, Mexican, Sandwiches",29.7331121,-95.3088633
"Houston, TX",Desayuno Tipico,"Two eggs, served with refried beans, ripe plantains (platano maduro), avocado, fresco cheese, and sour cream.",9.99,Dichos Taqueria,"Breakfast, Mexican, Sandwiches",29.7331121,-95.3088633
"Houston, TX",Enfrijoladas Veracruzanas,"Three corn tortillas rolled and filled with scrambled eggs a la Mexicana. Covered with beans sauce, fresco cheese, chorizo, and sour cream.",9.99,Dichos Taqueria,"Breakfast, Mexican, Sandwiches",29.7331121,-95.3088633
"Houston, TX",Pancakes  (1),,1.99,Dichos Taqueria,"Breakfast, Mexican, Sandwiches",29.7331121,-95.3088633
"Houston, TX",Bacon Side,,2.5,Dichos Taqueria,"Breakfast, Mexican, Sandwiches",29.7331121,-95.3088633
"Houston, TX",Breakfast Potatoes side,8 oz,3.29,Dichos Taqueria,"Breakfast, Mexican, Sandwiches",29.7331121,-95.3088633
"Houston, TX",Sour Cream side  4oz.,,2.29,Dichos Taqueria,"Breakfast, Mexican, Sandwiches",29.7331121,-95.3088633
"Houston, TX",Ham side,,1.99,Dichos Taqueria,"Breakfast, Mexican, Sandwiches",29.7331121,-95.3088633
"Houston, TX",Cheese side,4 oz,2.5,Dichos Taqueria,"Breakfast, Mexican, Sandwiches",29.7331121,-95.3088633
"Houston, TX",Chilaquiles side,,4.99,Dichos Taqueria,"Breakfast, Mexican, Sandwiches",29.7331121,-95.3088633
"Houston, TX",Jalapeño Pepino Fresca,"Our house-made agua fresca with fresh cucumber, lime juice, and jalapeños. Garnished with jalapeño slices",5.2,Tacodeli,"Vegetarian, Tacos, Lunch, Breakfast, Mexican",29.7681995,-95.3774617
"Houston, TX",Molletes (2),Two pieces.,5.99,Dichos Taqueria,"Breakfast, Mexican, Sandwiches",29.7331121,-95.3088633
"Houston, TX",Chilaquiles Con Carne,Fried cut corn tortilla. Served with refried beans.,12.99,Dichos Taqueria,"Breakfast, Mexican, Sandwiches",29.7331121,-95.3088633
"Houston, TX",The Otto,"organic refried black beans, double bacon, avocado, jack cheese",4.9,Tacodeli,"Vegetarian, Tacos, Lunch, Breakfast, Mexican",29.7681995,-95.3774617
"Houston, TX",Steak Fajita Mega Brkfst Taco,"Egg, cheese, and potatoes.",6.49,Dichos Taqueria,"Breakfast, Mexican, Sandwiches",29.7331121,-95.3088633
"Houston, TX",Jalapeno Sausage Mega Brkfst Taco,"Egg, cheese, and potatoes.",5.59,Dichos Taqueria,"Breakfast, Mexican, Sandwiches",29.7331121,-95.3088633
"Houston, TX",Chicken Fajita Mega Brkfst Taco,"Egg, cheese, and potatoes.",5.59,Dichos Taqueria,"Breakfast, Mexican, Sandwiches",29.7331121,-95.3088633
"Houston, TX","Sirloin, Egg & Cheese","pasture raised scrambled eggs, grilled sirloin, jack cheese",5.2,Tacodeli,"Vegetarian, Tacos, Lunch, Breakfast, Mexican",29.7681995,-95.3774617
"Houston, TX",Carnitas Mega Brkfst Taco,"Egg, cheese, and potatoes.",5.59,Dichos Taqueria,"Breakfast, Mexican, Sandwiches",29.7331121,-95.3088633
"Houston, TX",Bacon and Egg Taco,,2.79,Dichos Taqueria,"Breakfast, Mexican, Sandwiches",29.7331121,-95.3088633
"Houston, TX",Potato and Egg Taco,,2.69,Dichos Taqueria,"Breakfast, Mexican, Sandwiches",29.7331121,-95.3088633
"Houston, TX",Jess Special,"migas, jack cheese, avocado",4.6,Tacodeli,"Vegetarian, Tacos, Lunch, Breakfast, Mexican",29.7681995,-95.3774617
"Houston, TX","Bacon, Egg & Cheese","Bacon, pasture raised scrambled eggs, jack cheese",4.05,Tacodeli,"Vegetarian, Tacos, Lunch, Breakfast, Mexican",29.7681995,-95.3774617
"Houston, TX",Chorizo and Egg Taco,,2.79,Dichos Taqueria,"Breakfast, Mexican, Sandwiches",29.7331121,-95.3088633
"Houston, TX",Potato and Chorizo Taco,,2.79,Dichos Taqueria,"Breakfast, Mexican, Sandwiches",29.7331121,-95.3088633
"Houston, TX",Ham and Egg Taco,,2.79,Dichos Taqueria,"Breakfast, Mexican, Sandwiches",29.7331121,-95.3088633
"Houston, TX",Jalapeno Sausage & Egg taco,,2.99,Dichos Taqueria,"Breakfast, Mexican, Sandwiches",29.7331121,-95.3088633
"Houston, TX",Migas Taco,"scrambled eggs, tomato, onion, jalapeno, tortilla chips, jack cheese",4.35,Tacodeli,"Vegetarian, Tacos, Lunch, Breakfast, Mexican",29.7681995,-95.3774617
"Houston, TX","Chorizo, Egg & Cheese","Organic chorizo, pasture raised scrambled eggs, jack cheese",4.05,Tacodeli,"Vegetarian, Tacos, Lunch, Breakfast, Mexican",29.7681995,-95.3774617
"Houston, TX",Freakin Vegan,"organic refried black beans, avocado, pico de gallo",4.35,Tacodeli,"Vegetarian, Tacos, Lunch, Breakfast, Mexican",29.7681995,-95.3774617
"Houston, TX",The Vaquero,"scrambled eggs, grilled corn, roasted peppers, jack cheese",4.35,Tacodeli,"Vegetarian, Tacos, Lunch, Breakfast, Mexican",29.7681995,-95.3774617
"Houston, TX",Egg and Cheese Taco,,2.59,Dichos Taqueria,"Breakfast, Mexican, Sandwiches",29.7331121,-95.3088633
"Houston, TX",Akaushi Picadillo & Eggs,"HeartBrand Ranch Akaushi ground beef, scrambled eggs, jack cheese glaze, salsa de arbol, cilantro",4.9,Tacodeli,"Vegetarian, Tacos, Lunch, Breakfast, Mexican",29.7681995,-95.3774617
"Houston, TX",Barbacoa Madruguera,"Texas-sourced braised beef cheek, scrambled eggs, salsa de arbol, green onion",5.2,Tacodeli,"Vegetarian, Tacos, Lunch, Breakfast, Mexican",29.7681995,-95.3774617
"Houston, TX","Sausage, Egg & Cheese","Organic sausage, pasture raised scrambled eggs, jack cheese",4.05,Tacodeli,"Vegetarian, Tacos, Lunch, Breakfast, Mexican",29.7681995,-95.3774617
"Houston, TX",Chicharron and Egg Taco,,2.79,Dichos Taqueria,"Breakfast, Mexican, Sandwiches",29.7331121,-95.3088633
"Houston, TX",Frontera Fundido Chicken,"grilled chicken, jack cheese glaze, sauteed poblano-onion rajas",5.2,Tacodeli,"Vegetarian, Tacos, Lunch, Breakfast, Mexican",29.7681995,-95.3774617
"Houston, TX",Migas Royale Plate,"Migas, queso, jack cheese, avocado, and pico de gallo with Tacodeli mashed potatoes, organic refried black beans, queso fresco, and tortillas",8.95,Tacodeli,"Vegetarian, Tacos, Lunch, Breakfast, Mexican",29.7681995,-95.3774617
"Houston, TX",Cactus and Egg Taco,,2.79,Dichos Taqueria,"Breakfast, Mexican, Sandwiches",29.7331121,-95.3088633
"Houston, TX",Bean & Cheese Taco,"organic refried black beans, jack cheese",3.45,Tacodeli,"Vegetarian, Tacos, Lunch, Breakfast, Mexican",29.7681995,-95.3774617
"Houston, TX",Frontera Fundido Sirloin,"grilled sirloin, jack cheese glaze, sauteed poblano-onion rajas",6.05,Tacodeli,"Vegetarian, Tacos, Lunch, Breakfast, Mexican",29.7681995,-95.3774617
"Houston, TX",Pecan Bar,"Chewy and delicious! Lovingly Handcrafted and Baked by Amy's Ice Cream in Austin, Texas.",3.45,Tacodeli,"Vegetarian, Tacos, Lunch, Breakfast, Mexican",29.7681995,-95.3774617
"Houston, TX",Local Coffee,,3.4,Tacodeli,"Vegetarian, Tacos, Lunch, Breakfast, Mexican",29.7681995,-95.3774617
"Houston, TX",Jalapeño Pepino Fresca,"Our house-made agua fresca with fresh cucumber, lime juice, and jalapeños. Garnished with jalapeño slices",5.2,Tacodeli,"Vegetarian, Tacos, Lunch, Breakfast, Mexican",29.7681995,-95.3774617
"Houston, TX",Cowboy,"dry rubbed beef tenderloin, grilled corn, caramelized onions, roasted peppers, guacamole, queso fresco",6.05,Tacodeli,"Vegetarian, Tacos, Lunch, Breakfast, Mexican",29.7681995,-95.3774617
"Houston, TX",Mexico City Sirloin,"grilled sirloin, diced onion, cilantro",5.75,Tacodeli,"Vegetarian, Tacos, Lunch, Breakfast, Mexican",29.7681995,-95.3774617
"Houston, TX",Bacon Brkfst Burrito,"Eggs, beans, cheese, and potatoes.",8.99,Dichos Taqueria,"Breakfast, Mexican, Sandwiches",29.7331121,-95.3088633
"Houston, TX",Akaushi Picadillo,"seasoned HeartBrand Ranch Akaushi ground beef, jack cheese glaze, cilantro, onion",6.05,Tacodeli,"Vegetarian, Tacos, Lunch, Breakfast, Mexican",29.7681995,-95.3774617
"Houston, TX",El Picosito,"grilled beef tenderloin, chipotle sesame sauce, avocado, queso fresco",6.05,Tacodeli,"Vegetarian, Tacos, Lunch, Breakfast, Mexican",29.7681995,-95.3774617
"Houston, TX",Chorizo Brkfst Burrito,"Eggs, beans, cheese, and potatoes.",8.99,Dichos Taqueria,"Breakfast, Mexican, Sandwiches",29.7331121,-95.3088633
"Houston, TX",Frontera Fundido Sirloin,"grilled sirloin, jack cheese glaze, sauteed poblano-onion rajas",6.05,Tacodeli,"Vegetarian, Tacos, Lunch, Breakfast, Mexican",29.7681995,-95.3774617
"Houston, TX",Jalapeno Sausage Brkfst Burrito,"Eggs, beans, cheese, and potatoes.",8.99,Dichos Taqueria,"Breakfast, Mexican, Sandwiches",29.7331121,-95.3088633
"Houston, TX",Delibelly,"organic pork belly, goodflow honey tomatillo-serrano salsa, avocado, cilantro, onion",6.05,Tacodeli,"Vegetarian, Tacos, Lunch, Breakfast, Mexican",29.7681995,-95.3774617
"Houston, TX",Puerco Verde,"organic pork shoulder in salsa verde, queso fresco, cilantro, onion",5.5,Tacodeli,"Vegetarian, Tacos, Lunch, Breakfast, Mexican",29.7681995,-95.3774617
"Houston, TX",Pollo Fantastico,"shredded chicken, roasted green chile sauce, crema mexicana, green onion",5.2,Tacodeli,"Vegetarian, Tacos, Lunch, Breakfast, Mexican",29.7681995,-95.3774617
"Houston, TX",Frontera Fundido Chicken,"grilled chicken breast, jack cheese glaze, sauteed poblano-onion rajas",5.2,Tacodeli,"Vegetarian, Tacos, Lunch, Breakfast, Mexican",29.7681995,-95.3774617
"Houston, TX",Chicken Fajita Brkfst Burrito,"Eggs, beans, cheese, and potatoes.",8.99,Dichos Taqueria,"Breakfast, Mexican, Sandwiches",29.7331121,-95.3088633
"Houston, TX",Pollo en Mole,"Shredded chicken, housemade mole, queso fresco, cilantro, onion *Contains Nuts",5.2,Tacodeli,"Vegetarian, Tacos, Lunch, Breakfast, Mexican",29.7681995,-95.3774617
"Houston, TX",Mexico City Chicken,"grilled chicken breast, cilantro, onion",5.05,Tacodeli,"Vegetarian, Tacos, Lunch, Breakfast, Mexican",29.7681995,-95.3774617
"Houston, TX",Happy Taco,"Shredded chicken, sautéed mushroom, jack cheese glaze, cilantro and onion",5.2,Tacodeli,"Vegetarian, Tacos, Lunch, Breakfast, Mexican",29.7681995,-95.3774617
"Houston, TX",El Shrimposito,"grilled Texas Gulf shrimp, chipotle sesame adobo, avocado, queso fresco",6.05,Tacodeli,"Vegetarian, Tacos, Lunch, Breakfast, Mexican",29.7681995,-95.3774617
"Houston, TX",Ham Brkfst Burrito,"Eggs, beans, cheese, and potatoes.",8.99,Dichos Taqueria,"Breakfast, Mexican, Sandwiches",29.7331121,-95.3088633
"Houston, TX",Frontera Fundido Shrimp,"grilled Texas gulf shrimp, jack cheese glaze, sauteed poblano-onion rajas",6.05,Tacodeli,"Vegetarian, Tacos, Lunch, Breakfast, Mexican",29.7681995,-95.3774617
"Houston, TX",Mojo Salmon,"grilled atlantic salmon, mojo-garlic sauce, guacamole, pico de gallo.",6.35,Tacodeli,"Vegetarian, Tacos, Lunch, Breakfast, Mexican",29.7681995,-95.3774617
"Houston, TX",Freakin Vegan,"organic refried black beans, avocado, pico de gallo",4.35,Tacodeli,"Vegetarian, Tacos, Lunch, Breakfast, Mexican",29.7681995,-95.3774617
"Houston, TX",The Heather,"Texas Cheesemakers grilled queso fresco, organic refried black beans, guacamole, lettuce, tomato",4.9,Tacodeli,"Vegetarian, Tacos, Lunch, Breakfast, Mexican",29.7681995,-95.3774617
"Houston, TX",Space Cowboy,"roasted baby portabella mushrooms, grilled corn, roasted peppers, caramelized onion, guacamole, queso fresco",5.2,Tacodeli,"Vegetarian, Tacos, Lunch, Breakfast, Mexican",29.7681995,-95.3774617
"Houston, TX",Frontera Fundido Caulibella,"Roasted baby portabella mushrooms, jack cheese glaze, roasted cauliflower, sauteed poblano-onion rajas",5.2,Tacodeli,"Vegetarian, Tacos, Lunch, Breakfast, Mexican",29.7681995,-95.3774617
"Houston, TX",Papadulce,"roasted sweet potato, grilled corn, roasted pepper, caramelized onion, toasted pepitas, chipotle-camote sauce ",4.9,Tacodeli,"Vegetarian, Tacos, Lunch, Breakfast, Mexican",29.7681995,-95.3774617
"Houston, TX",Sopa De Pollo,"housemade chicken broth, shredded free range chicken, onions, tomatoes, jalapenos, cilantro, avocado, tortilla chips",4.55,Tacodeli,"Vegetarian, Tacos, Lunch, Breakfast, Mexican",29.7681995,-95.3774617
"Houston, TX",Ensalada Aguacate,"romaine, avocado, pico de gallo, sour cream, onion, tomato, guacamole, serrano-lime dressing, queso fresco",11.5,Tacodeli,"Vegetarian, Tacos, Lunch, Breakfast, Mexican",29.7681995,-95.3774617
"Houston, TX",Family Meal - Fundido Chicken,"Serves a family of four and includes one pound of our famous Frontera Fundido Chicken (jack cheese glaze with sautéed poblano-onion rajas)! Comes with 12oz organic black beans (choose whole or refried), veggie white rice, 10 tortillas (choose flour, corn or whole wheat), tortilla chips, and 8oz of salsa (or 2x 4oz) Dona, Roja, Verde.",48.3,Tacodeli,"Vegetarian, Tacos, Lunch, Breakfast, Mexican",29.7681995,-95.3774617
"Houston, TX",Family Meal - Fundido Sirloin,"Serves a family of four and includes one pound of our famous Frontera Fundido Sirloin (jack cheese glaze with sauteed poblano-onion rajas)! Comes with 12oz organic black beans (choose whole or refried), veggie white rice, 10 tortillas (choose flour, corn or whole wheat), tortilla chips, and 8oz of salsa (or 2x 4oz) Dona, Roja, Verde.",52.9,Tacodeli,"Vegetarian, Tacos, Lunch, Breakfast, Mexican",29.7681995,-95.3774617
"Houston, TX",Family Meal - Fundido Shrimp,"Serves a family of four and includes one pound of our famous Frontera Fundido Sirloin (jack cheese glaze with sautéed poblano-onion rajas)! Comes with 12oz organic black beans (choose whole or refried), veggie white rice, 10 tortillas (choose flour, corn or whole wheat), tortilla chips, and 8oz of salsa (or 2x 4oz) Dona, Roja, Verde.",52.9,Tacodeli,"Vegetarian, Tacos, Lunch, Breakfast, Mexican",29.7681995,-95.3774617
"Houston, TX",Family Meal Combo,"Serves 4!  Select your choice of 1lb Fundido taco filling (choose 1 or 2 half/half) Chicken, Sirloin or Shrimp.  Also includes 12oz organic black beans (choose whole or refried) and rice, 10 tortillas (choose flour, corn or whole wheat), toritlla chips.  Choose 8oz of salsa (or 2x 4oz) Dona, Roja, Verde.",50.6,Tacodeli,"Vegetarian, Tacos, Lunch, Breakfast, Mexican",29.7681995,-95.3774617
"Houston, TX",Breakfast Crunchwrap Sausage,"A crispy hash brown, fluffy eggs, sausage patty, cheddar cheese, and creamy jalapeño sauce wrapped inside a warm flour tortilla and grilled to go.",3.65,Taco Bell,"Mexican, Fast Food, Late Night",29.7757646,-95.3819373
"Houston, TX",Bell Breakfast Box,"Includes a Breakfast Crunchwrap with sausage patty, two Cinnabon® Delights, hash brown, and a medium drink.",6.1,Taco Bell,"Mexican, Fast Food, Late Night",29.7757646,-95.3819373
"Houston, TX",Breakfast Crunchwrap Combo,"Served with a medium drink, a Bacon Crunchwrap and Cinnabon Delights 2 Pack.",6.45,Taco Bell,"Mexican, Fast Food, Late Night",29.7757646,-95.3819373
"Houston, TX",Breakfast Quesadilla Steak,"A flour tortilla filled with fluffy eggs, marinated grilled steak, and melted three-cheese blend.",4.75,Taco Bell,"Mexican, Fast Food, Late Night",29.7757646,-95.3819373
"Houston, TX",Cheesy Toasted Breakfast Burrito Bacon,,1.82,Taco Bell,"Mexican, Fast Food, Late Night",29.7757646,-95.3819373
"Houston, TX",Grande Toasted Breakfast Burrito Steak,"Steak, fluffy eggs, melted three-cheese blend, potato bites, and tomatoes wrapped up in a flour tortilla and grilled.",4.75,Taco Bell,"Mexican, Fast Food, Late Night",29.7757646,-95.3819373
"Houston, TX",Hash Brown,A warm freshly fried potato hashbrown.,1.82,Taco Bell,"Mexican, Fast Food, Late Night",29.7757646,-95.3819373
"Houston, TX",Breakfast Quesadilla Bacon,"A flour tortilla filled with fluffy eggs, bacon, and melted 3 cheese blend.",3.65,Taco Bell,"Mexican, Fast Food, Late Night",29.7757646,-95.3819373
"Houston, TX",Cheesy Toasted Breakfast Burrito Sausage,"New Toasted Breakfast Burritos including the Cheesy Toasted Breakfast Burrito, Hash Brown Toasted Breakfast Burrito, and the Grande Toasted Breakfast Burrito.",1.82,Taco Bell,"Mexican, Fast Food, Late Night",29.7757646,-95.3819373
"Houston, TX",Cheesy Toasted Breakfast Burrito Potato,"Potato bites, fluffy eggs, nacho cheese sauce, and tomatoes wrapped up in a flour tortilla and grilled.",1.82,Taco Bell,"Mexican, Fast Food, Late Night",29.7757646,-95.3819373
"Houston, TX",Cinnabon Delights® 2 Pack,"Warm donut holes filled with Cinnabon® signature cream cheese frosting, and dusted in Makara Cinnamon sugar",2.31,Taco Bell,"Mexican, Fast Food, Late Night",29.7757646,-95.3819373
"Houston, TX",Grande Toasted Breakfast Burrito Sausage,"Sausage, fluffy eggs, melted three-cheese blend, potato bites, and tomatoes wrapped up in a flour tortilla and grilled.",3.65,Taco Bell,"Mexican, Fast Food, Late Night",29.7757646,-95.3819373
"Houston, TX",Grande Toasted Breakfast Burrito Bacon,"Bacon, fluffy eggs, melted three-cheese blend, potato bites, and tomatoes wrapped up in a flour tortilla and grilled.",3.65,Taco Bell,"Mexican, Fast Food, Late Night",29.7757646,-95.3819373
"Houston, TX",Grande Toasted Breakfast Burrito Combo,"Includes a Grande Toasted Breakfast Burrito with Sausage, Hash Brown, and a medium Drink",6.45,Taco Bell,"Mexican, Fast Food, Late Night",29.7757646,-95.3819373
"Houston, TX",Breakfast Quesadilla Sausage,"A flour tortilla filled with fluffy eggs, sausage, and melted three-cheese blend.",3.65,Taco Bell,"Mexican, Fast Food, Late Night",29.7757646,-95.3819373
"Houston, TX",Breakfast Quesadilla Combo,"Includes a Breakfast Quesadilla with sausage, hash brown, and a medium drink.",6.09,Taco Bell,"Mexican, Fast Food, Late Night",29.7757646,-95.3819373
"Houston, TX",Cinnabon Delights® 12 Pack,"Warm donut holes filled with Cinnabon® signature cream cheese frosting, and dusted in Makara Cinnamon sugar.",7.55,Taco Bell,"Mexican, Fast Food, Late Night",29.7757646,-95.3819373
"Houston, TX",Premium Hot Coffee,Rainforest alliance certified™ coffee.,1.94,Taco Bell,"Mexican, Fast Food, Late Night",29.7757646,-95.3819373
"Houston, TX",Nacho Fries Deluxe Box,"Includes Nacho Fries, a Chalupa Supreme with marinated, grilled steak, Doritos® Locos Tacos, Beefy 5-Layer Burrito, and a medium fountain drink.",9.75,Taco Bell,"Mexican, Fast Food, Late Night",29.7757646,-95.3819373
"Houston, TX",Nacho Fries Box,"Includes Nacho Fries and nacho cheese sauce, Beefy 5-Layer Burrito, Crunchy Taco, and a medium fountain drink.",6.7,Taco Bell,"Mexican, Fast Food, Late Night",29.7757646,-95.3819373
"Houston, TX",Nacho Fries,"Golden, crisp Nacho Fries seasoned with bold Mexican spices and nacho cheese sauce for dipping.",2.18,Taco Bell,"Mexican, Fast Food, Late Night",29.7757646,-95.3819373
"Houston, TX",Nacho Fries Deluxe Box,"Includes Nacho Fries, a Chalupa Supreme with marinated, grilled steak, Doritos® Locos Tacos, Beefy 5-Layer Burrito, and a medium fountain drink.",9.75,Taco Bell,"Mexican, Fast Food, Late Night",29.7757646,-95.3819373
"Houston, TX",Nacho Fries Box,"Includes Nacho Fries and nacho cheese sauce, Beefy 5-Layer Burrito, Crunchy Taco, and a medium fountain drink.",6.7,Taco Bell,"Mexican, Fast Food, Late Night",29.7757646,-95.3819373
"Houston, TX",Veggie Meal for 2,"Includes two Cheese Quesadillas, two Bean Burritos, two Spicy Potato Soft Tacos, and two orders of chips and nacho cheese sauce. Set max quantities to add item to cart.",15.25,Taco Bell,"Mexican, Fast Food, Late Night",29.7757646,-95.3819373
"Houston, TX",Nacho Fries,"Golden, crisp Nacho Fries seasoned with bold Mexican spices and nacho cheese sauce for dipping.",2.18,Taco Bell,"Mexican, Fast Food, Late Night",29.7757646,-95.3819373
"Houston, TX",Spicy Potato Soft Taco,"A flour tortilla filled with crispy potato bites, lettuce, real shredded cheddar cheese, and creamy chipotle sauce.",1.22,Taco Bell,"Mexican, Fast Food, Late Night",29.7757646,-95.3819373
"Houston, TX",Spicy Potato Soft Taco,"A flour tortilla filled with crispy potato bites, lettuce, real shredded cheddar cheese, and creamy chipotle sauce.",1.22,Taco Bell,"Mexican, Fast Food, Late Night",29.7757646,-95.3819373
"Houston, TX",Cheesy Fiesta Potatoes,Crispy potato bites topped with reduced-fat sour cream and nacho cheese sauce.,2.67,Taco Bell,"Mexican, Fast Food, Late Night",29.7757646,-95.3819373
"Houston, TX",Nacho Fries,"Golden, crisp Nacho Fries seasoned with bold Mexican spices and nacho cheese sauce for dipping.",2.18,Taco Bell,"Mexican, Fast Food, Late Night",29.7757646,-95.3819373
"Houston, TX",Spicy Potato Soft Taco,"A flour tortilla filled with crispy potato bites, lettuce, real shredded cheddar cheese, and creamy chipotle sauce.",1.22,Taco Bell,"Mexican, Fast Food, Late Night",29.7757646,-95.3819373
"Houston, TX",Cheesy Fiesta Potatoes,Crispy potato bites topped with reduced-fat sour cream and nacho cheese sauce.,2.67,Taco Bell,"Mexican, Fast Food, Late Night",29.7757646,-95.3819373
"Houston, TX",Eggs with Chorizo ,Single taco ,2.99,taqueria tikal,taqueria tikal,29.7444388,-95.3577556
"Houston, TX",Enchiladas suizas,"Comes with rice, beans, lettuce, and sour cream",9.99,taqueria tikal,taqueria tikal,29.7444388,-95.3577556
"Houston, TX",Loaded cheese fries ,,8.99,taqueria tikal,taqueria tikal,29.7444388,-95.3577556
"Houston, TX",Huarache,,7.5,taqueria tikal,taqueria tikal,29.7444388,-95.3577556
"Houston, TX",Torta birria ,"Beans, cheese and birria meat and consomé on the side ",10.99,taqueria tikal,taqueria tikal,29.7444388,-95.3577556
"Houston, TX",Can Soda,,1.99,taqueria tikal,taqueria tikal,29.7444388,-95.3577556
"Houston, TX",Mexican Coca-cola,,3.99,taqueria tikal,taqueria tikal,29.7444388,-95.3577556
"Houston, TX",Kelewele,Ghanaian spiced sweet plantains.,6.0,CHÒPNBLỌK,"Steak, Curry, Asian Fusion, Chicken, Fried Chicken",29.7662149,-95.3648839
"Houston, TX",Blok Pops,West African gourmet street popcorn.,11.0,CHÒPNBLỌK,"Steak, Curry, Asian Fusion, Chicken, Fried Chicken",29.7662149,-95.3648839
"Houston, TX",BREAKFAST Tacos,"Large handmade flour tortillas with scrambled eggs, chorizo refried beans, queso cotija, onion, cilantro and your choice of meat.",4.78,La Calle Tacos,"Takeout, Tacos, Breakfast, Pickup, Lunch, Mexican, Sandwich",29.7635455,-95.360686
"Houston, TX",BREAKFAST Platter,"Scrambled eggs with the meat of your choice, refried chorizo beans and yellow corn tortillas.",8.39,La Calle Tacos,"Takeout, Tacos, Breakfast, Pickup, Lunch, Mexican, Sandwich",29.7635455,-95.360686
"Houston, TX",BREAKFAST Taco Bean & Cheese,,2.39,La Calle Tacos,"Takeout, Tacos, Breakfast, Pickup, Lunch, Mexican, Sandwich",29.7635455,-95.360686
"Houston, TX",BREAKFAST Chicharron en Salsa Mixta,"Chicharron cooked on a spicy mixed sauce with refried chorizo beans, tortillas and avocado. A great hangover treat.",11.99,La Calle Tacos,"Takeout, Tacos, Breakfast, Pickup, Lunch, Mexican, Sandwich",29.7635455,-95.360686
"Houston, TX",TORTA Huevo,"A big Telera bread sandwich with scrambled eggs, refried chorizo beans and your choice of meat.",11.98,La Calle Tacos,"Takeout, Tacos, Breakfast, Pickup, Lunch, Mexican, Sandwich",29.7635455,-95.360686
"Houston, TX",TORTA Tecolota,"The famous Mexico City \TORTA DE CHILAQUIL\"". Just like they make it at \""La Esquina del Chilaquil\"" with our special salsa mixta... spicy as it should be!""",11.98,La Calle Tacos,"Takeout, Tacos, Breakfast, Pickup, Lunch, Mexican, Sandwich",29.7635455,-95.360686
"Houston, TX",TORTA Guacamaya,,11.98,La Calle Tacos,"Takeout, Tacos, Breakfast, Pickup, Lunch, Mexican, Sandwich",29.7635455,-95.360686
"Houston, TX",BREAKFAST Coffee with Horchata,". Not only does the drink offer up a milky element, it balances out the bitter coffee flavor with its cinnamon and vanilla flavor.",4.78,La Calle Tacos,"Takeout, Tacos, Breakfast, Pickup, Lunch, Mexican, Sandwich",29.7635455,-95.360686
"Houston, TX",CHESCO Water Bottle,Are you feeling healthy?,2.34,La Calle Tacos,"Takeout, Tacos, Breakfast, Pickup, Lunch, Mexican, Sandwich",29.7635455,-95.360686
"Houston, TX",BREAKFAST Coffee,"100% Single Origin. Medium Roast. Semi-Sweet, chocolate, cinnamon, sugar cane.",3.58,La Calle Tacos,"Takeout, Tacos, Breakfast, Pickup, Lunch, Mexican, Sandwich",29.7635455,-95.360686
"Houston, TX",GALON Cafe,,14.39,La Calle Tacos,"Takeout, Tacos, Breakfast, Pickup, Lunch, Mexican, Sandwich",29.7635455,-95.360686
"Houston, TX",GALON Horchata Ice Coffee,,15.59,La Calle Tacos,"Takeout, Tacos, Breakfast, Pickup, Lunch, Mexican, Sandwich",29.7635455,-95.360686
"Houston, TX",GALON Aguas Frescas,,20.39,La Calle Tacos,"Takeout, Tacos, Breakfast, Pickup, Lunch, Mexican, Sandwich",29.7635455,-95.360686
"Houston, TX",FOUNTAIN Drinks,We have a good variety of fountain drinks,3.59,La Calle Tacos,"Takeout, Tacos, Breakfast, Pickup, Lunch, Mexican, Sandwich",29.7635455,-95.360686
"Houston, TX",CHESCO Red Bull,"Red Bull Energy Drink is appreciated worldwide by top athletes, busy professionals, college students and travelers on long journeys.",5.99,La Calle Tacos,"Takeout, Tacos, Breakfast, Pickup, Lunch, Mexican, Sandwich",29.7635455,-95.360686
"Houston, TX",Chilaquiles Skillet,"salsa roja, corn tortilla chips, avocado, queso fresco, red onions, cilantro, crema, topped with two eggs your way",14.0,On The Kirb,On The Kirb,29.7487137,-95.3787639
"Houston, TX",Cowboy Skillet,"scrambled eggs, bacon, sausage, grass-fed hamburger, potatoes, bell peppers, salsa, cheddar jack cheese, guacamole, tobacco onions",15.0,On The Kirb,On The Kirb,29.7487137,-95.3787639
"Houston, TX",Tres Leches French Toast,"house-made cinnamon sugar Texas toast, dipped in tres leches, topped with fresh berries, whipped cream, and maple syrup",14.0,On The Kirb,On The Kirb,29.7487137,-95.3787639
"Houston, TX",Fried Egg Tacos,"two tacos (on corn or flour) with fried eggs, breakfast potatoes, cheddar jack cheese ,salsa verde, roasted salsa, pico",10.0,On The Kirb,On The Kirb,29.7487137,-95.3787639
"Houston, TX",Avocado Toast,"toasted baguette, avocado salsa verde, avocado-lime crema, avocado pico, queso fresco, topped with two eggs your way",12.0,On The Kirb,On The Kirb,29.7487137,-95.3787639
"Houston, TX",Harvest Skillet,"scrambled eggs, spinach, asparagus tips mushrooms, bell peppers, onions potatoes, cheddar jack cheese",14.0,On The Kirb,On The Kirb,29.7487137,-95.3787639
"Houston, TX",OTK Slam,"eggs your way, house potatoes, toast with butter and jam, and your choice of bacon or sausage",12.0,On The Kirb,On The Kirb,29.7487137,-95.3787639
"Houston, TX",Pick A Pancake,"house made fluffy pancakes topped with blueberry gastrique, whipped cream, fresh blueberries",11.0,On The Kirb,On The Kirb,29.7487137,-95.3787639
"Houston, TX",Steak & Eggs,,16.0,On The Kirb,On The Kirb,29.7487137,-95.3787639
"Houston, TX",Side Potatoes,,3.0,On The Kirb,On The Kirb,29.7487137,-95.3787639
"Houston, TX",SD Egg (1),,1.0,On The Kirb,On The Kirb,29.7487137,-95.3787639
"Houston, TX",SD Sausage Links (2),,3.0,On The Kirb,On The Kirb,29.7487137,-95.3787639
"Houston, TX",Dos Taco Plate,Any 2 Tacos with either refried or black beans and rice.  - A Texas standard.,12.0,Tacos A Go Go,Mexican,29.738444,-95.3798895
"Houston, TX",Breakfast Burrito,"Scrambled eggs with black or refried beans, potatoes & any 2 toppings. (Add more toppings or queso for an extra charge.)",8.99,Tacos A Go Go,Mexican,29.738444,-95.3798895
"Houston, TX",Breakfast Dos Taco Plate-,,9.49,Tacos A Go Go,Mexican,29.738444,-95.3798895
"Houston, TX",Breakfast Taco,Our award-winning breakfast taco.  Choose 2 toppings scrambled with eggs on your choice of tortilla.,2.99,Tacos A Go Go,Mexican,29.738444,-95.3798895
"Houston, TX",SD Bacon (2),,4.0,On The Kirb,On The Kirb,29.7487137,-95.3787639
"Houston, TX",Migas Plate,"Eggs scrambled with tortillas strips & fresh jalapenos, served chilaquiles-style with spicy chili verde & shredded Jack with tortillas & heaping sides of black or refried beans & grilled potatoes.",8.69,Tacos A Go Go,Mexican,29.738444,-95.3798895
"Houston, TX",Veggie Lovers & Egg Taco,,2.99,Tacos A Go Go,Mexican,29.738444,-95.3798895
"Houston, TX",Breakfast Burrito Bowl,"Scrambled eggs with black or refried beans, potatoes & any 2 toppings. (Add more toppings or queso for an extra charge.)",8.99,Tacos A Go Go,Mexican,29.738444,-95.3798895
"Houston, TX",Migas Taco,,2.99,Tacos A Go Go,Mexican,29.738444,-95.3798895
"Houston, TX",Dos Taco Plate,"Any 2 tacos on flour, corn, or whole wheat tortillas served with either refried or black beans & rice- a Texas standard.",9.49,Tacos A Go Go,Mexican,29.738444,-95.3798895
"Houston, TX",SD 6oz Fruit,,5.0,On The Kirb,On The Kirb,29.7487137,-95.3787639
"Houston, TX",Nachos A Go Go,"Tortilla chips smothered with refried or black beans, queso, pickled jalapenos, pico de gallo, scallions & sour cream.  Add any taco meat or guacamole for an extra charge.",8.99,Tacos A Go Go,Mexican,29.738444,-95.3798895
"Houston, TX",Totchos A Go Go,"Move over chips! Make room for our Mexican Tater Tots (huh?)toppedwith black beans, queso, pickled jalapenos, pico de gallo, scallions & sour cream (this bowl of awesomeness will make you a convert)!",10.98,Tacos A Go Go,Mexican,29.738444,-95.3798895
"Houston, TX",Burrito,,8.99,Tacos A Go Go,Mexican,29.738444,-95.3798895
"Houston, TX",Burrito Bowl,,8.99,Tacos A Go Go,Mexican,29.738444,-95.3798895
"Houston, TX",Chicken Quesadilla,,9.49,Tacos A Go Go,Mexican,29.738444,-95.3798895
"Houston, TX",Brisket Quesadilla,,12.49,Tacos A Go Go,Mexican,29.738444,-95.3798895
"Houston, TX",Spinach & Mushroom Quesadilla,,8.99,Tacos A Go Go,Mexican,29.738444,-95.3798895
"Houston, TX",SD Syrup,,0.5,On The Kirb,On The Kirb,29.7487137,-95.3787639
"Houston, TX",Beef & Chicken Quesadilla,,10.99,Tacos A Go Go,Mexican,29.738444,-95.3798895
"Houston, TX",SM Cheese Quesadilla,,4.99,Tacos A Go Go,Mexican,29.738444,-95.3798895
"Houston, TX",Shrimp Quesadilla,,11.99,Tacos A Go Go,Mexican,29.738444,-95.3798895
"Houston, TX",Beef Quesadilla,,11.49,Tacos A Go Go,Mexican,29.738444,-95.3798895
"Houston, TX",LG Cheese Quesadilla,,7.99,Tacos A Go Go,Mexican,29.738444,-95.3798895
"Houston, TX",Pastor Quesadilla,,10.49,Tacos A Go Go,Mexican,29.738444,-95.3798895
"Houston, TX",Verde Quesadilla,,8.69,Tacos A Go Go,Mexican,29.738444,-95.3798895
"Houston, TX","Grilled \Pollo Falso\"" Quesadilla- Vegetarian""","Marinated & Grilled Vegan \Chicken\""  stuffed with melted Jack cheese in a flour tortilla. Served with Pico De Gallo & Sour Cream on the side.""",14.5,Tacos A Go Go,Mexican,29.738444,-95.3798895
"Houston, TX",Taco Salad,,7.99,Tacos A Go Go,Mexican,29.738444,-95.3798895
"Houston, TX",Veggie Salad,,7.49,Tacos A Go Go,Mexican,29.738444,-95.3798895
"Houston, TX",SD Toast,,1.5,On The Kirb,On The Kirb,29.7487137,-95.3787639
"Houston, TX",Side Pancake (1),,5.0,On The Kirb,On The Kirb,29.7487137,-95.3787639
"Houston, TX",Savory Brunch Board,,20.0,On The Kirb,On The Kirb,29.7487137,-95.3787639
"Houston, TX",Sweet Brunch Board,,20.0,On The Kirb,On The Kirb,29.7487137,-95.3787639
"Houston, TX",Giant Pretzel,Homemade giant pretzel served with sriracha queso.,12.0,On The Kirb,On The Kirb,29.7487137,-95.3787639
"Houston, TX",Breakfast Taco,,4.25,Tacos A Go Go,Mexican,29.738444,-95.3798895
"Houston, TX",Migas Taco,,4.25,Tacos A Go Go,Mexican,29.738444,-95.3798895
"Houston, TX",Veggie Lovers & Egg Taco,,4.25,Tacos A Go Go,Mexican,29.738444,-95.3798895
"Houston, TX",Migas Plate,,11.25,Tacos A Go Go,Mexican,29.738444,-95.3798895
"Houston, TX",Salsa Verde 6oz,,3.0,Tacos A Go Go,Mexican,29.738444,-95.3798895
"Houston, TX",Salsa Roja 6oz,,3.0,Tacos A Go Go,Mexican,29.738444,-95.3798895
"Houston, TX",tater tots-side,,3.75,Tacos A Go Go,Mexican,29.738444,-95.3798895
"Houston, TX",rice-side,,3.5,Tacos A Go Go,Mexican,29.738444,-95.3798895
"Houston, TX",refried beans-side,,3.5,Tacos A Go Go,Mexican,29.738444,-95.3798895
"Houston, TX",Side Habernero Sauce,,1.5,Tacos A Go Go,Mexican,29.738444,-95.3798895
"Houston, TX",Side Chipotle Crema,,1.5,Tacos A Go Go,Mexican,29.738444,-95.3798895
"Houston, TX",flour tortillas (3),,1.25,Tacos A Go Go,Mexican,29.738444,-95.3798895
"Houston, TX",black beans-side,,3.5,Tacos A Go Go,Mexican,29.738444,-95.3798895
"Houston, TX",jalapeno ranch-side,,1.5,Tacos A Go Go,Mexican,29.738444,-95.3798895
"Houston, TX",Side Pico de Gallo,,1.5,Tacos A Go Go,Mexican,29.738444,-95.3798895
"Houston, TX",pickled jalapeno-side,,1.5,Tacos A Go Go,Mexican,29.738444,-95.3798895
"Houston, TX",fresh jalapeno-side,,1.5,Tacos A Go Go,Mexican,29.738444,-95.3798895
"Houston, TX",potato-side,,3.5,Tacos A Go Go,Mexican,29.738444,-95.3798895
"Houston, TX",monterey jack-side,,1.5,Tacos A Go Go,Mexican,29.738444,-95.3798895
"Houston, TX",balsamic dressing-side,,1.5,Tacos A Go Go,Mexican,29.738444,-95.3798895
"Houston, TX",corn tortillas (3),,1.25,Tacos A Go Go,Mexican,29.738444,-95.3798895
"Houston, TX",queso fresco-side,,1.5,Tacos A Go Go,Mexican,29.738444,-95.3798895
"Houston, TX",Berryhill Queso,,3.0,Berryhill Baja Grill,Seriously Fresh Mex,29.7905435,-95.3897947
"Houston, TX",3 Birria Tacos,Birria Meat ONLY,8.99,El Taco Rico,El Taco Rico,29.7462295,-95.3622859
"Houston, TX",Cookie,"Chocolate chip, peanut butter, or oatmeal",1.5,Empire Cafe,"Coffee & Tea, Breakfast & Brunch, American (New)",29.7428851,-95.4035421
"Houston, TX",Empire Green Juice,"Baby kale, green apple, pineapple, fresh ginger and coconut water",6.95,Empire Cafe,"Coffee & Tea, Breakfast & Brunch, American (New)",29.7428851,-95.4035421
"Houston, TX",Cranberry Juice,,3.95,Empire Cafe,"Coffee & Tea, Breakfast & Brunch, American (New)",29.7428851,-95.4035421
"Houston, TX",Lemonade,,2.95,Empire Cafe,"Coffee & Tea, Breakfast & Brunch, American (New)",29.7428851,-95.4035421
"Houston, TX",Apple Juice,,3.95,Empire Cafe,"Coffee & Tea, Breakfast & Brunch, American (New)",29.7428851,-95.4035421
"Houston, TX",Hot Chocolate,,4.25,Empire Cafe,"Coffee & Tea, Breakfast & Brunch, American (New)",29.7428851,-95.4035421
"Houston, TX",Italian Soda,,2.95,Empire Cafe,"Coffee & Tea, Breakfast & Brunch, American (New)",29.7428851,-95.4035421
"Houston, TX",TOGO DungE Crab Cluster*,Add-ons not included.,19.99,BB's Tex-Orleans,The Home of Tex-Orleans Cooking!,29.7812665,-95.3880043
"Houston, TX",TOGO Garlic Link,1 Smoked Garlic Sausage Link,5.99,BB's Tex-Orleans,The Home of Tex-Orleans Cooking!,29.7812665,-95.3880043
"Houston, TX",TOGO Monsta Greens,,8.99,BB's Tex-Orleans,The Home of Tex-Orleans Cooking!,29.7812665,-95.3880043
"Houston, TX",TOGO Boiled Greens,Boiled Broccoli and Green Beans,2.99,BB's Tex-Orleans,The Home of Tex-Orleans Cooking!,29.7812665,-95.3880043
"Houston, TX",TOGO Add 1 Flauta,,2.5,BB's Tex-Orleans,The Home of Tex-Orleans Cooking!,29.7812665,-95.3880043
"Houston, TX",TOGO El Tejaneaux,,12.99,BB's Tex-Orleans,The Home of Tex-Orleans Cooking!,29.7812665,-95.3880043
"Houston, TX",TOGO La Cela,,14.99,BB's Tex-Orleans,The Home of Tex-Orleans Cooking!,29.7812665,-95.3880043
"Houston, TX",Caldo -Veggie only,Soup made with no meat and a large variety of vegetables. Served with rice.,8.62,Spanish Flowers,"\a taste of Mexico 24 hours a day\""""",29.7970599,-95.3818547
"Houston, TX",Madison Square Garden,"Chargrilled Beyond Burger topped with muenster cheese, garden mix, tomato, and Texas pecan hummus",19.79,Katz's Deli & Bar,"Lunch, Dessert, Deli, Sandwiches, Sandwich, Pickup, Breakfast, Takeout",29.7448291,-95.389478
"Houston, TX",Smucker’s® Uncrustables® PB&J,Grape jelly and peanut butter on crust-less wheat bread. Comes with your choice of a side and a Mini Chocolate Chip Cookie.,4.28,McAlister's Deli,"Salads, Sandwiches, Takeout, Pickup, Deli",29.816173,-95.41085
"Houston, TX",Sausage with Cheese Kolache,"Our soft, airy dough filled with sausage and cheese that's perfectly baked and provides you with the energy you need for whatever your day has in store.",4.09,Shipley Do-Nuts,"Donuts, Kolaches, Fast Food, Smoothies, Pastries, Bakery",29.8117452,-95.399731
"Houston, TX",Create Your Own Mixed Half Dozen Do-Nuts Box,Choose from our array of famous do-nut flavors.Calories per do-nut.,10.39,Shipley Do-Nuts,"Donuts, Kolaches, Fast Food, Smoothies, Pastries, Bakery",29.8117452,-95.399731
"Houston, TX",Create Your Own Mixed Dozen Do-Nuts Box,Choose from our array of famous do-nut flavors.Calories per do-nut.,16.09,Shipley Do-Nuts,"Donuts, Kolaches, Fast Food, Smoothies, Pastries, Bakery",29.8117452,-95.399731
"Houston, TX",Create Your Own Mixed Dozen Kolache Box,Our signature do-nut dough rolled around your choice of filling. Gives you the punch of protein you need to carry you through your whole morning. Choose up to 4 different types of Kolaches to make the perfect boxCalories per Kolache,32.19,Shipley Do-Nuts,"Donuts, Kolaches, Fast Food, Smoothies, Pastries, Bakery",29.8117452,-95.399731
"Houston, TX",Dozen Do-Nuts - Half Glazed Half Chocolate,Take home twelve of our mixed famous do-nuts.6 Signature Glazed Do-Nut6 Chocolate Iced Do-NutCalories per do-nut.,16.09,Shipley Do-Nuts,"Donuts, Kolaches, Fast Food, Smoothies, Pastries, Bakery",29.8117452,-95.399731
"Houston, TX",Half-Dozen Do-Nuts - Half Glazed Half Chocolate,Take home six of our mixed famous do-nuts.3 Signature Glazed Do-Nut3 Chocolate Iced Do-NutCalories per do-nut.,10.39,Shipley Do-Nuts,"Donuts, Kolaches, Fast Food, Smoothies, Pastries, Bakery",29.8117452,-95.399731
"Houston, TX",Sausage & Cheese Kolache,"Our soft, airy dough filled with sausage and cheese that's perfectly baked and provides you with the energy you need for whatever your day has in store.",4.09,Shipley Do-Nuts,"Donuts, Kolaches, Fast Food, Smoothies, Pastries, Bakery",29.8117452,-95.399731
"Houston, TX",18. Fresas con platano y crema,Strawberries & bananas with Gaby's Special Dressing,8.74,El Kiosko,"Dessert, Juice Bar, Salads, Pickup, Ice Cream, Takeout",29.7293826,-95.310464
"Houston, TX","19. Fresas, platano y manzana","Strawberries, Banana & Apple with Gaby's Special Dressing.",8.74,El Kiosko,"Dessert, Juice Bar, Salads, Pickup, Ice Cream, Takeout",29.7293826,-95.310464
"Houston, TX",23. Strawberry & Banana,,6.24,El Kiosko,"Dessert, Juice Bar, Salads, Pickup, Ice Cream, Takeout",29.7293826,-95.310464
"Houston, TX",22. Strawberry,,6.24,El Kiosko,"Dessert, Juice Bar, Salads, Pickup, Ice Cream, Takeout",29.7293826,-95.310464
"Houston, TX","25. Strawberry, Banana and Papaya",,6.24,El Kiosko,"Dessert, Juice Bar, Salads, Pickup, Ice Cream, Takeout",29.7293826,-95.310464
"Houston, TX",Churros,"Delicious Churros, plain or cajeta fillings, as you prefer!",4.06,El Kiosko,"Dessert, Juice Bar, Salads, Pickup, Ice Cream, Takeout",29.7293826,-95.310464
"Houston, TX",Arroz con Leche 12oz,,4.06,El Kiosko,"Dessert, Juice Bar, Salads, Pickup, Ice Cream, Takeout",29.7293826,-95.310464
"Houston, TX",Fresas Frozen,Traditional Mexican Sweet Frozen Strawberries with Gaby's Special dressing.,6.56,El Kiosko,"Dessert, Juice Bar, Salads, Pickup, Ice Cream, Takeout",29.7293826,-95.310464
"Houston, TX",Churro Bite,,8.13,El Kiosko,"Dessert, Juice Bar, Salads, Pickup, Ice Cream, Takeout",29.7293826,-95.310464
"Houston, TX",Chamoyada Dulce 16oz,"Trole Chamoy, liquid chamoy, fresh mango, tarugo(tamarind stick) and assorted gummies.  (Lightly Spacy)",9.06,El Kiosko,"Dessert, Juice Bar, Salads, Pickup, Ice Cream, Takeout",29.7293826,-95.310464
"Houston, TX",21. Only Cantaloupe or Mango or Pineapple Fruit Salad,Ingredients: One fruit of your election with  lime & mild  chile,7.19,El Kiosko,"Dessert, Juice Bar, Salads, Pickup, Ice Cream, Takeout",29.7293826,-95.310464
"Houston, TX",46. Chilindrinas,"Chicharron de harina with beans, cueritos, cabbage, tomato, sour cream, avocado, and Valentina sauce.",8.13,El Kiosko,"Dessert, Juice Bar, Salads, Pickup, Ice Cream, Takeout",29.7293826,-95.310464
"Houston, TX",Elote Loko,"Your choice of White or Yellow Corn in the Cob is covered with ground Hot Cheetos or Takis,  Mayo, Sour Cream, Parmesan Cheese, &  your choice of Hot or Mild Chile.",5.63,El Kiosko,"Dessert, Juice Bar, Salads, Pickup, Ice Cream, Takeout",29.7293826,-95.310464
"Houston, TX",Elote Entero,"White or yellow Corn in the Cob, Mayo, Parmesan cheese, and Chile Powder.",4.69,El Kiosko,"Dessert, Juice Bar, Salads, Pickup, Ice Cream, Takeout",29.7293826,-95.310464
"Houston, TX",Cascade Lemonade,Fresh Squeezed House Strawberry Lemonade,5.18,Houstatlantavegan,"Fries, burger",29.7431561,-95.3746846
"Houston, TX",Peachtree Lemonade,Fresh Squeezed House Peach Lemonade,5.18,Houstatlantavegan,"Fries, burger",29.7431561,-95.3746846
"Houston, TX",Add Avocado,,1.6,Salata,The Fresh Salad Kitchen,29.7094498,-95.4013855
"Houston, TX",Add Croissant,,1.25,Salata,The Fresh Salad Kitchen,29.7094498,-95.4013855
"Houston, TX",Add Baked Pita Strips,,1.25,Salata,The Fresh Salad Kitchen,29.7094498,-95.4013855
"Houston, TX",Seafood Miso Soup,,13.0,Sapporo Japanese Sushi & Bar,"Japanese, Takeout, Pickup, Asian, Sushi Bars",29.7633057,-95.3620762
"Houston, TX",Topo Chico Grapefruit ,Stay hydrated!,3.99,Roostar Vietnamese Grill,"Pickup, Catering, Vegetarian, Vietnamese, Sandwiches, Takeout, Asian",29.7567373357365,-95.3407020772071
"Houston, TX",Topo Chico Lime,,4.0,Roostar Vietnamese Grill,"Pickup, Catering, Vegetarian, Vietnamese, Sandwiches, Takeout, Asian",29.7567373357365,-95.3407020772071
"Houston, TX",Cinnamon Blondie,Served warm.,3.99,Roostar Vietnamese Grill,"Pickup, Catering, Vegetarian, Vietnamese, Sandwiches, Takeout, Asian",29.7567373357365,-95.3407020772071
"Houston, TX",Chicken Salad Sandwich,"Hand-chopped chicken breast salad, basil, celery, glazed pecans, red leaf lettuce & tomato on a freshly baked and toasted ciabatta.  Served with your choice of side (Contains Nuts)",11.75,Cafe Express,"Lunch, Sandwiches, Modern European, Healthy, Salad, Chicken, Soup",29.7534785610155,-95.3996055693552
"Houston, TX",Mediterranean Veggie,"Romesco mayo, avocado, spring mix, feta, roasted tomatoes on ciabatta. Served with your choice of side (Contains nuts, Vegetarian)",12.49,Cafe Express,"Lunch, Sandwiches, Modern European, Healthy, Salad, Chicken, Soup",29.7534785610155,-95.3996055693552
"Houston, TX",Chunky Chocolate Brownie,Fresh baked daily and made from scratch with cinnamon and chocolate chunks,3.75,Cafe Express,"Lunch, Sandwiches, Modern European, Healthy, Salad, Chicken, Soup",29.7534785610155,-95.3996055693552
"Houston, TX",Honey Mustard Dressing Single Side,"Hand made Honey Mustard Dressing made fresh from buttermilk, cream, mayonaire, lime juice, dijon mustard, honey & seasonings",1.25,Cafe Express,"Lunch, Sandwiches, Modern European, Healthy, Salad, Chicken, Soup",29.7534785610155,-95.3996055693552
"Houston, TX",Ranch Dressing Single Side,"Hand made traditional ranch dressing.  Made fresh from buttermilk, cream, mayonaire, lime juice, parsley, dill, chives and seasonings",1.25,Cafe Express,"Lunch, Sandwiches, Modern European, Healthy, Salad, Chicken, Soup",29.7534785610155,-95.3996055693552
"Houston, TX",Basil Pesto Sauce Single Side,"Hand made pesto sauce with fresh basil leaves, spinach, garlic, parmesan cheese, toasted walnuts and lemon juice.",1.59,Cafe Express,"Lunch, Sandwiches, Modern European, Healthy, Salad, Chicken, Soup",29.7534785610155,-95.3996055693552
"Houston, TX",Lemon Herb Sauce Single Side,"Hand made Lemon Herb sauce, made fresh from oil, lemon juice, flat leaf Italian parsley, onions and seasonings",1.59,Cafe Express,"Lunch, Sandwiches, Modern European, Healthy, Salad, Chicken, Soup",29.7534785610155,-95.3996055693552
"Houston, TX",Citrus Mediterranean Vinaigrette Single Side,"Hand made Citrus Mediterranean dressing made fresh from buttermilk, cream, mayonaise, lemon & lime juice, eggs, parmesan cheese, garlic, dijon, honey, seasonings",1.25,Cafe Express,"Lunch, Sandwiches, Modern European, Healthy, Salad, Chicken, Soup",29.7534785610155,-95.3996055693552
"Houston, TX",Red Wine Vinaigrette Single Side,"Hand made Red Wine Vinaigrette dressing, made fresh from oil, red wine vinegar, dijon mustard, garlic, fresh basil leaves, honey and seasonings",1.25,Cafe Express,"Lunch, Sandwiches, Modern European, Healthy, Salad, Chicken, Soup",29.7534785610155,-95.3996055693552
"Houston, TX",Greek Dressing Single Side,"Hand made Greek dressing made fresh from oil, lemon juice, garlic, dijon mustard, honey, oregano and seasonings",1.25,Cafe Express,"Lunch, Sandwiches, Modern European, Healthy, Salad, Chicken, Soup",29.7534785610155,-95.3996055693552
"Houston, TX",Signature Dressing Single Side,A secret and signature Café Express recipe (contains eggs),1.25,Cafe Express,"Lunch, Sandwiches, Modern European, Healthy, Salad, Chicken, Soup",29.7534785610155,-95.3996055693552
"Houston, TX",Alfredo Sauce Single Side,,1.59,Cafe Express,"Lunch, Sandwiches, Modern European, Healthy, Salad, Chicken, Soup",29.7534785610155,-95.3996055693552
"Houston, TX",Parmesan Single Side,,0.35,Cafe Express,"Lunch, Sandwiches, Modern European, Healthy, Salad, Chicken, Soup",29.7534785610155,-95.3996055693552
"Houston, TX",Caesar Dressing Single Side,"Hand made caesar dressing made fresh eggs, cream, parmesan cheese, lime juice, worcestershire sauce, garlic, and seasonings",1.25,Cafe Express,"Lunch, Sandwiches, Modern European, Healthy, Salad, Chicken, Soup",29.7534785610155,-95.3996055693552
"Houston, TX",Jus Single Side,,0.65,Cafe Express,"Lunch, Sandwiches, Modern European, Healthy, Salad, Chicken, Soup",29.7534785610155,-95.3996055693552
"Houston, TX",Lemon Vinaigrette Single Side,"Hand made Lemon Vinaigrette made with oil, lemon juice, garlic, dijon mustard, honey and seasonings",1.25,Cafe Express,"Lunch, Sandwiches, Modern European, Healthy, Salad, Chicken, Soup",29.7534785610155,-95.3996055693552
"Houston, TX",Romesco Mayo Single Side,"Hand made Romesco Ranch.  Made fresh from roasted red peppers, mayonaise, smoked almonds, red wine vinegar, oil bread crumbs and seasonings.  Contains nuts.",1.25,Cafe Express,"Lunch, Sandwiches, Modern European, Healthy, Salad, Chicken, Soup",29.7534785610155,-95.3996055693552
"Houston, TX",Spanish Romesco Sauce Single Side,"Hand made Spanish Romesco sauce.  A traditional Spanish sauce made fresh from roasted red peppers, smoked almonds, red wine vinegar, oil bread crumbs and seasonings.  Contains nuts.",1.59,Cafe Express,"Lunch, Sandwiches, Modern European, Healthy, Salad, Chicken, Soup",29.7534785610155,-95.3996055693552
"Houston, TX",Tapenade Sauce Single Side,,1.59,Cafe Express,"Lunch, Sandwiches, Modern European, Healthy, Salad, Chicken, Soup",29.7534785610155,-95.3996055693552
"Houston, TX",Feta Single Side,,0.35,Cafe Express,"Lunch, Sandwiches, Modern European, Healthy, Salad, Chicken, Soup",29.7534785610155,-95.3996055693552
"Houston, TX",Family Meal Grilled Chicken w/Basil Pesto Entree,,62.49,Cafe Express,"Lunch, Sandwiches, Modern European, Healthy, Salad, Chicken, Soup",29.7534785610155,-95.3996055693552
"Houston, TX",Family Meal Spanish Chicken Romesco Entree,"Grilled chicken breast, spanish-style house-made romesco sauce, a flavorful blend of roasted peppers & smoked almonds and choice of two sides  (Contains Nuts)",62.49,Cafe Express,"Lunch, Sandwiches, Modern European, Healthy, Salad, Chicken, Soup",29.7534785610155,-95.3996055693552
"Houston, TX",Family Meal Mediterranean Salmon Entree,Grilled salmon fillet topped with house-made lemon herb sauce and choice of two sides,74.99,Cafe Express,"Lunch, Sandwiches, Modern European, Healthy, Salad, Chicken, Soup",29.7534785610155,-95.3996055693552
"Houston, TX",Family Meal Tuscan Amore Pasta Entree,"Fettuccine, roasted tomatoes, kalamata olive* tapenade, olive oil, basil pesto, parmesan, garlic & artichokes. Served with your choice of side salad or cup of soup and garlic bread  (Contains Nuts, Vegetarian)",57.49,Cafe Express,"Lunch, Sandwiches, Modern European, Healthy, Salad, Chicken, Soup",29.7534785610155,-95.3996055693552
"Houston, TX",Family Meal Chicken Pesto Alfredo Pasta Entree,Grilled chicken with fettuccine tossed in  alfredo sauce and topped with fresh basil pesto sauce. Served with your choice of side salad or cup of soup and garlic bread  (Contains Nuts),62.49,Cafe Express,"Lunch, Sandwiches, Modern European, Healthy, Salad, Chicken, Soup",29.7534785610155,-95.3996055693552
"Houston, TX",Family Meal Amalfi Lemon Herb Chicken Entree,"Whole fresh grilled chicken breast topped with fresh lemon herb sauce, served with your choice of two sides",62.49,Cafe Express,"Lunch, Sandwiches, Modern European, Healthy, Salad, Chicken, Soup",29.7534785610155,-95.3996055693552
"Houston, TX",Family Meal Grilled Chicken w/Basil Pesto,Four grilled chicken breasts with fresh basil pesto. Served with choice of two sides and large spring mix salad. Serves four. Contains Nuts.,49.99,Cafe Express,"Lunch, Sandwiches, Modern European, Healthy, Salad, Chicken, Soup",29.7534785610155,-95.3996055693552
"Houston, TX",Family Meal Spanish Chicken Romesco,Four grilled chicken breasts with fresh romesco sauce. Served with choice of two sides and large spring mix salad. Serves four. Contains Nuts.,49.99,Cafe Express,"Lunch, Sandwiches, Modern European, Healthy, Salad, Chicken, Soup",29.7534785610155,-95.3996055693552
"Houston, TX",Sunrise Wrap [VEG],"egg white, tomato, onion, sweet potato, white cheddar, avocado pesto",9.92,Original ChopShop,New American Restaurant,29.7376681,-95.4179768
"Houston, TX",Family Meal Amalfi Lemon Herb Chicken,Four grilled chicken breasts with fresh lemon herb sauce. Served with two sides and large spring mix salad. Serves four.,49.99,Cafe Express,"Lunch, Sandwiches, Modern European, Healthy, Salad, Chicken, Soup",29.7534785610155,-95.3996055693552
"Houston, TX",Balanced Bowl [GF],"grilled chicken or steak, scrambled egg, roasted vegetables, tomato, brown rice, avocado pesto** **avocado pesto contains cashew",12.4,Original ChopShop,New American Restaurant,29.7376681,-95.4179768
"Houston, TX",Zen Bowl [GF][VEG],"scrambled egg, spinach, mushroom, onion, white cheddar, arugula, brown rice",9.92,Original ChopShop,New American Restaurant,29.7376681,-95.4179768
"Houston, TX",ABC Toast,"two eggs over easy, smashed avocado, bacon, fontina, arugula, house bread",12.09,Original ChopShop,New American Restaurant,29.7376681,-95.4179768
"Houston, TX",The Brekkie,"scrambled eggs, provolone, avocado pesto**, choice of turkey, ham, prosciutto or bacon, arugula **avocado pesto contains cashew",11.16,Original ChopShop,New American Restaurant,29.7376681,-95.4179768
"Houston, TX",Cheat Day Wrap,"scrambled egg, bacon, white cheddar, avocado, tomato, choice of turkey or ham, brown rice",12.09,Original ChopShop,New American Restaurant,29.7376681,-95.4179768
"Houston, TX",Avocado Toast [VEG],"two eggs over easy, smashed avocado, red pepper flakes, tomato, house bread",9.61,Original ChopShop,New American Restaurant,29.7376681,-95.4179768
"Houston, TX",Egg + Veggie Hash [VEG],"two eggs over easy, sweet potato hash, smashed avocado, corn, onion, roasted red pepper, spinach, whole wheat tortilla on the side",9.92,Original ChopShop,New American Restaurant,29.7376681,-95.4179768
"Houston, TX",Family Meal Mediterranean Salmon,Four grilled salmon filets with lemon herb sauce. Served with choice of two sides and large spring mix salad. Serves four.,59.99,Cafe Express,"Lunch, Sandwiches, Modern European, Healthy, Salad, Chicken, Soup",29.7534785610155,-95.3996055693552
"Houston, TX",Family Meal Tuscan Amore Pasta,"Fettuccine, roasted tomatoes, kalamata olive* tapenade, olive oil, basil pesto, parmesan, garlic & artichokes. Served with with garlic bread and large spring mix salad. Serves four. Vegetarian. Contains Nuts. Olives may contain pits.",45.99,Cafe Express,"Lunch, Sandwiches, Modern European, Healthy, Salad, Chicken, Soup",29.7534785610155,-95.3996055693552
"Houston, TX",Family Meal Chicken Pesto Alfredo Pasta,"Fettuccine, grilled chicken, pesto alfredo sauce, and parmesan. Served with with garlic bread and large spring mix salad. Serves four. Contains Nuts.",49.99,Cafe Express,"Lunch, Sandwiches, Modern European, Healthy, Salad, Chicken, Soup",29.7534785610155,-95.3996055693552
"Houston, TX",Chicken Salad Ciabatta,"House-made chicken salad, glazed pecans, lettuce and tomato on ciabatta.  Served with your choice of side. Contains Nuts.",9.39,Cafe Express,"Lunch, Sandwiches, Modern European, Healthy, Salad, Chicken, Soup",29.7534785610155,-95.3996055693552
"Houston, TX",Mediterranean Veggie Ciabatta,"Roasted tomatoes, feta, avocado, romesco mayo and spring mix on ciabatta. Served with your choice of side. Contains nuts. Vegetarian.",9.99,Cafe Express,"Lunch, Sandwiches, Modern European, Healthy, Salad, Chicken, Soup",29.7534785610155,-95.3996055693552
"Houston, TX",Roasted Half Chicken Entree,"Seasoned & oven-roasted, served with chicken jus.  Served with your choice of two sides.",12.99,Cafe Express,"Lunch, Sandwiches, Modern European, Healthy, Salad, Chicken, Soup",29.7534785610155,-95.3996055693552
"Houston, TX",Chocolate Chunk Brownie,Fresh baked daily and made from scratch with cinnamon and chocolate chunks. Vegetarian.,2.99,Cafe Express,"Lunch, Sandwiches, Modern European, Healthy, Salad, Chicken, Soup",29.7534785610155,-95.3996055693552
"Houston, TX",Bottled Water,,2.09,Cafe Express,"Lunch, Sandwiches, Modern European, Healthy, Salad, Chicken, Soup",29.7534785610155,-95.3996055693552
"Houston, TX",Cafe Express Signature Coffee Blend,,2.49,Cafe Express,"Lunch, Sandwiches, Modern European, Healthy, Salad, Chicken, Soup",29.7534785610155,-95.3996055693552
"Houston, TX",Hot Tea,,2.49,Cafe Express,"Lunch, Sandwiches, Modern European, Healthy, Salad, Chicken, Soup",29.7534785610155,-95.3996055693552
"Houston, TX",Bottled Orange Juice,,1.89,Cafe Express,"Lunch, Sandwiches, Modern European, Healthy, Salad, Chicken, Soup",29.7534785610155,-95.3996055693552
"Houston, TX",Ranch Dressing Single Side,"Hand made traditional ranch dressing.  Made fresh from buttermilk, cream, mayonaire, lime juice, parsley, dill, chives and seasonings",0.99,Cafe Express,"Lunch, Sandwiches, Modern European, Healthy, Salad, Chicken, Soup",29.7534785610155,-95.3996055693552
"Houston, TX",Basil Pesto Sauce Single Side,"Hand made pesto sauce with fresh basil leaves, spinach, garlic, parmesan cheese, toasted walnuts and lemon juice.",1.25,Cafe Express,"Lunch, Sandwiches, Modern European, Healthy, Salad, Chicken, Soup",29.7534785610155,-95.3996055693552
"Houston, TX",Honey Mustard Dressing Single Side,"Hand made Honey Mustard Dressing made fresh from buttermilk, cream, mayonaire, lime juice, dijon mustard, honey & seasonings",0.99,Cafe Express,"Lunch, Sandwiches, Modern European, Healthy, Salad, Chicken, Soup",29.7534785610155,-95.3996055693552
"Houston, TX",Spanish Romesco Sauce Single Side,"Hand made Spanish Romesco sauce.  A traditional Spanish sauce made fresh from roasted red peppers, smoked almonds, red wine vinegar, oil bread crumbs and seasonings.  Contains nuts.",1.25,Cafe Express,"Lunch, Sandwiches, Modern European, Healthy, Salad, Chicken, Soup",29.7534785610155,-95.3996055693552
"Houston, TX",Caesar Dressing Single Side,"Hand made caesar dressing made fresh eggs, cream, parmesan cheese, lime juice, worcestershire sauce, garlic, and seasonings",0.99,Cafe Express,"Lunch, Sandwiches, Modern European, Healthy, Salad, Chicken, Soup",29.7534785610155,-95.3996055693552
"Houston, TX",Greek Dressing Single Side,"Hand made Greek dressing made fresh from oil, lemon juice, garlic, dijon mustard, honey, oregano and seasonings",0.99,Cafe Express,"Lunch, Sandwiches, Modern European, Healthy, Salad, Chicken, Soup",29.7534785610155,-95.3996055693552
"Houston, TX",Jus Single Side,,0.49,Cafe Express,"Lunch, Sandwiches, Modern European, Healthy, Salad, Chicken, Soup",29.7534785610155,-95.3996055693552
"Houston, TX",Lemon Herb Sauce Single Side,"Hand made Lemon Herb sauce, made fresh from oil, lemon juice, flat leaf Italian parsley, onions and seasonings",1.25,Cafe Express,"Lunch, Sandwiches, Modern European, Healthy, Salad, Chicken, Soup",29.7534785610155,-95.3996055693552
"Houston, TX",Lemon Vinaigrette Single Side,"Hand made Lemon Vinaigrette made with oil, lemon juice, garlic, dijon mustard, honey and seasonings",0.99,Cafe Express,"Lunch, Sandwiches, Modern European, Healthy, Salad, Chicken, Soup",29.7534785610155,-95.3996055693552
"Houston, TX",Red Wine Vinaigrette Single Side,"Hand made Red Wine Vinaigrette dressing, made fresh from oil, red wine vinegar, dijon mustard, garlic, fresh basil leaves, honey and seasonings",0.99,Cafe Express,"Lunch, Sandwiches, Modern European, Healthy, Salad, Chicken, Soup",29.7534785610155,-95.3996055693552
"Houston, TX",Romesco Mayo Single Side,"Hand made Romesco Ranch.  Made fresh from roasted red peppers, mayonaise, smoked almonds, red wine vinegar, oil bread crumbs and seasonings.  Contains nuts.",0.99,Cafe Express,"Lunch, Sandwiches, Modern European, Healthy, Salad, Chicken, Soup",29.7534785610155,-95.3996055693552
"Houston, TX",Signature Dressing Single Side,A secret and signature Café Express recipe (contains eggs),0.99,Cafe Express,"Lunch, Sandwiches, Modern European, Healthy, Salad, Chicken, Soup",29.7534785610155,-95.3996055693552
"Houston, TX",Signature Chicken Deli Salad,"Grilled chicken & pesto pasta on a bed of romaine & spring mix lettuce with pine nuts, kalamata olives*, grape tomatoes, parmesan & house-made red wine vinaigrette dressing (Contains Nuts)",12.29,Cafe Express,"Lunch, Sandwiches, Modern European, Healthy, Salad, Chicken, Soup",29.7534785610155,-95.3996055693552
"Houston, TX",Cafe Trio,"Pick three favorites. Choose from half salad, half sandwich, cup of soup, or pasta pesto.",10.99,Cafe Express,"Lunch, Sandwiches, Modern European, Healthy, Salad, Chicken, Soup",29.7534785610155,-95.3996055693552
"Houston, TX",Cafe Duo,"Pick two favorites. Choose from the following half salads, half sandwiches or a cup of soup or mac and cheese.",9.99,Cafe Express,"Lunch, Sandwiches, Modern European, Healthy, Salad, Chicken, Soup",29.7534785610155,-95.3996055693552
"Houston, TX",Kids Crispy Chicken Strips,Kids Crispy Chicken Strips.  Served with a side,6.99,Cafe Express,"Lunch, Sandwiches, Modern European, Healthy, Salad, Chicken, Soup",29.7534785610155,-95.3996055693552
"Houston, TX",Kids Cheeseburger,Kids Plain Cheese burger.   Served with a side.,7.29,Cafe Express,"Lunch, Sandwiches, Modern European, Healthy, Salad, Chicken, Soup",29.7534785610155,-95.3996055693552
"Houston, TX",Kids Mac & Cheese,Kids Mac & Cheese Pasta.  Served with a side.,5.99,Cafe Express,"Lunch, Sandwiches, Modern European, Healthy, Salad, Chicken, Soup",29.7534785610155,-95.3996055693552
"Houston, TX",Kids Shells & Butter,Kids Shells & Butter.  Served with a side.,5.99,Cafe Express,"Lunch, Sandwiches, Modern European, Healthy, Salad, Chicken, Soup",29.7534785610155,-95.3996055693552
"Houston, TX",Regular Fountain Drink,,2.89,Cafe Express,"Lunch, Sandwiches, Modern European, Healthy, Salad, Chicken, Soup",29.7534785610155,-95.3996055693552
"Houston, TX",Regular Iced Tea,,2.89,Cafe Express,"Lunch, Sandwiches, Modern European, Healthy, Salad, Chicken, Soup",29.7534785610155,-95.3996055693552
"Houston, TX",Regular Lemonade,,2.89,Cafe Express,"Lunch, Sandwiches, Modern European, Healthy, Salad, Chicken, Soup",29.7534785610155,-95.3996055693552
"Houston, TX",Bottled Perrier,,2.99,Cafe Express,"Lunch, Sandwiches, Modern European, Healthy, Salad, Chicken, Soup",29.7534785610155,-95.3996055693552
"Houston, TX",Bottled Dr. Pepper,,2.99,Cafe Express,"Lunch, Sandwiches, Modern European, Healthy, Salad, Chicken, Soup",29.7534785610155,-95.3996055693552
"Houston, TX",Bottled Diet Pepsi,,2.99,Cafe Express,"Lunch, Sandwiches, Modern European, Healthy, Salad, Chicken, Soup",29.7534785610155,-95.3996055693552
"Houston, TX",French Fries,,4.49,Dish Society,Farm-to-Table Modern American,29.7904676,-95.3981711
"Houston, TX",Chocolate Chip Cookie,,3.39,Dish Society,Farm-to-Table Modern American,29.7904676,-95.3981711
"Houston, TX",Arnold Palmer Gallon,One gallon of house-mixed Arnold Palmer.,6.79,Dish Society,Farm-to-Table Modern American,29.7904676,-95.3981711
"Houston, TX",Basil Chicken,,14.5,Trendy Dumpling,"Asian, Chinese, Szechuan, Pickup, Asian Food, Takeout",29.728557,-95.432086
"Houston, TX",Pretzels and Queso,[new snack size] smoked gouda queso with warm pretzel bread,5.69,Dish Society,Farm-to-Table Modern American,29.7904676,-95.3981711
"Houston, TX",Fried Smoked Gouda Grit Balls,(Not available at Breakfast/Brunch)[new snack portion]with jalapeño jelly,5.69,Dish Society,Farm-to-Table Modern American,29.7904676,-95.3981711
"Houston, TX",Chicken Lettuce Cups,"(Not available at Breakfast/Brunch)[new snack size] cabbage, mushrooms, carrot, green onion, water chestnuts, miso-peanut sauce, crushed peanuts, serrano, crispy rice sticks",7.89,Dish Society,Farm-to-Table Modern American,29.7904676,-95.3981711
"Houston, TX",Hummus & Pita,"[new snack size] chickpea hummus, marinated tomato, cucumber, kalamata and black olives, olive oil, basil, mint, & sumac with warm pita bread",10.09,Dish Society,Farm-to-Table Modern American,29.7904676,-95.3981711
"Houston, TX",Half Quinoa Stuffed Avocado,avocado half topped with citrus quinoa relishon organic greens,6.19,Dish Society,Farm-to-Table Modern American,29.7904676,-95.3981711
"Houston, TX",Brisket Stuffed Sweet Potato,"(Not available at Breakfast/Brunch)baked sweet potato stuffed with smoked & chopped texas brisket, green onions, white cheddar, house bbq sauce & cabbage slaw",17.39,Dish Society,Farm-to-Table Modern American,29.7904676,-95.3981711
"Houston, TX",Texas Pecan Pesto Pasta,"(Not available at Breakfast/Brunch)linguini, house tx pecan basil pesto, creme fraiche, spinach, grape tomatoes & parmesan ",13.49,Dish Society,Farm-to-Table Modern American,29.7904676,-95.3981711
"Houston, TX",Bamboo Beef,Spicy staw Beef Shank Bamboo Shoot,16.5,Trendy Dumpling,"Asian, Chinese, Szechuan, Pickup, Asian Food, Takeout",29.728557,-95.432086
"Houston, TX",Farmers Plate,(Not available at Breakfast/Brunch)Pick a Protein and 2 Sides ,16.89,Dish Society,Farm-to-Table Modern American,29.7904676,-95.3981711
"Houston, TX",Ancho Chicken Bowl,"(Not available at Breakfast/Brunch)grilled cage free chicken with ancho chili sauce over cilantro lime rice & black beans topped with house roasted corn pico, cotija, & crispy tortilla strips",16.29,Dish Society,Farm-to-Table Modern American,29.7904676,-95.3981711
"Houston, TX",Citrus Glazed Salmon,"(Not available at Breakfast/Brunch)pan seared citrus glazed salmon* with organic quinoa, caramelized onion, roasted carrots, tomato, orange, & mint [avocado +2]",21.09,Dish Society,Farm-to-Table Modern American,29.7904676,-95.3981711
"Houston, TX",Truffle Mac and Cheese,(Not available at Breakfast/Brunch),7.89,Dish Society,Farm-to-Table Modern American,29.7904676,-95.3981711
"Houston, TX",Balsamic Bacon Brussels Sprouts,(Not available at Breakfast/Brunch),7.89,Dish Society,Farm-to-Table Modern American,29.7904676,-95.3981711
"Houston, TX",Chicken Tortilla Bowl,(Not available at Breakfast/Brunch),7.89,Dish Society,Farm-to-Table Modern American,29.7904676,-95.3981711
"Houston, TX",Chicken Tortilla Cup,(Not available at Breakfast/Brunch),4.49,Dish Society,Farm-to-Table Modern American,29.7904676,-95.3981711
"Houston, TX",Mashed Sweet Potatoes,(Not available at Breakfast/Brunch),4.79,Dish Society,Farm-to-Table Modern American,29.7904676,-95.3981711
"Houston, TX",Fatty Beef Pot,Batty Beef Pickle Black Ear Mushroom Mushroom  Jelly noodle,18.5,Trendy Dumpling,"Asian, Chinese, Szechuan, Pickup, Asian Food, Takeout",29.728557,-95.432086
"Houston, TX",Seasonal Vegetables,(Not available at Breakfast/Brunch),6.79,Dish Society,Farm-to-Table Modern American,29.7904676,-95.3981711
"Houston, TX",Sauteed Greens,(Not available at Breakfast/Brunch),4.79,Dish Society,Farm-to-Table Modern American,29.7904676,-95.3981711
"Houston, TX",Tomato Basil Bisque Cup,(Not available at Breakfast/Brunch),4.49,Dish Society,Farm-to-Table Modern American,29.7904676,-95.3981711
"Houston, TX",Tomato Basil Bisque Bowl,(Not available at Breakfast/Brunch),7.89,Dish Society,Farm-to-Table Modern American,29.7904676,-95.3981711
"Houston, TX",Quesadillas,,7.89,Dish Society,Farm-to-Table Modern American,29.7904676,-95.3981711
"Houston, TX",Popcorn Shrimp,,7.89,Dish Society,Farm-to-Table Modern American,29.7904676,-95.3981711
"Houston, TX",Buttered Noodles,,7.89,Dish Society,Farm-to-Table Modern American,29.7904676,-95.3981711
"Houston, TX",Grilled Chicken Strips with Veggies & Queso,,7.89,Dish Society,Farm-to-Table Modern American,29.7904676,-95.3981711
"Houston, TX",White Chocolate Pretzel Bread Pudding,"pretzel bread, white chocolate, poached apple, cinnamon cream anglaise & shaved almonds",7.89,Dish Society,Farm-to-Table Modern American,29.7904676,-95.3981711
"Houston, TX",Frozen Prickly Pear - Carafe,,15.69,Dish Society,Farm-to-Table Modern American,29.7904676,-95.3981711
"Houston, TX",Frozen Prickly Pear Margarita,,6.19,Dish Society,Farm-to-Table Modern American,29.7904676,-95.3981711
"Houston, TX",Bamboo Pork,Pork with Bamboo Shoot,13.0,Trendy Dumpling,"Asian, Chinese, Szechuan, Pickup, Asian Food, Takeout",29.728557,-95.432086
"Houston, TX",Frozen Prickly Pear - Gallon,,36.49,Dish Society,Farm-to-Table Modern American,29.7904676,-95.3981711
"Houston, TX",Beijing Duck 2 Courses (40 mins),Grilled Duck with Pancake and sauteed Duck with onion.it is our signature dish.,44.0,Trendy Dumpling,"Asian, Chinese, Szechuan, Pickup, Asian Food, Takeout",29.728557,-95.432086
"Houston, TX",Brisket Stuffed Sweet Potato,"[each] baked sweet potato stuffed with smoked & pulled texas brisket, green onions, white cheddar, house bbq sauce, & cabbage slaw",17.39,Dish Society,Farm-to-Table Modern American,29.7904676,-95.3981711
"Houston, TX",Seasonal Bisque Cup,[each],4.49,Dish Society,Farm-to-Table Modern American,29.7904676,-95.3981711
"Houston, TX",Texas Pecan Pesto Pasta Tray,"[serves 7-10] Linguini, house tx pecan basil pesto, creme fraiche, spinach, grape tomatoes & parmesan",85.19,Dish Society,Farm-to-Table Modern American,29.7904676,-95.3981711
"Houston, TX",North Atlantic Salmon Tray,[serves 7],87.39,Dish Society,Farm-to-Table Modern American,29.7904676,-95.3981711
"Houston, TX",Truffle Mac & Cheese ,[serves 7],51.59,Dish Society,Farm-to-Table Modern American,29.7904676,-95.3981711
"Houston, TX",Mashed Sweet Potatoes,[serves 7],31.39,Dish Society,Farm-to-Table Modern American,29.7904676,-95.3981711
"Houston, TX",Balsamic Bacon Brussels Sprouts,[serves 7],51.59,Dish Society,Farm-to-Table Modern American,29.7904676,-95.3981711
"Houston, TX",Roasted Seasonal Vegetables,[serves 7],44.89,Dish Society,Farm-to-Table Modern American,29.7904676,-95.3981711
"Houston, TX",Sauteed Greens,[serves 7],31.39,Dish Society,Farm-to-Table Modern American,29.7904676,-95.3981711
"Houston, TX",BBQ Brisket Sliders Tray,"smoked & pulled tx brisket with house bbq sauce, pickled red onions, & cabbage slaw on pretzel buns [48 hr notice required]dozen",72.89,Dish Society,Farm-to-Table Modern American,29.7904676,-95.3981711
"Houston, TX",Fried Smoked Gouda Grits Balls Tray,[dozen] with jalapeño jelly,14.59,Dish Society,Farm-to-Table Modern American,29.7904676,-95.3981711
"Houston, TX",Spicy Chicken Dry Pot,Hot and Spicy Black Meat Mixed Vegetables,17.0,Trendy Dumpling,"Asian, Chinese, Szechuan, Pickup, Asian Food, Takeout",29.728557,-95.432086
"Houston, TX",Beijing Duck 3 course(40 mins),Duck with Pancake and sauteed Duck with onion also with duck soup.  it is our signature dish.,54.0,Trendy Dumpling,"Asian, Chinese, Szechuan, Pickup, Asian Food, Takeout",29.728557,-95.432086
"Houston, TX",Beijing Duck (40 mins wait time),Grilled Duck with Pancake and sauteed Duck with onion.it is our signature dish.,48.0,Trendy Dumpling,"Asian, Chinese, Szechuan, Pickup, Asian Food, Takeout",29.728557,-95.432086
"Houston, TX",Basil Chicken ,,14.5,Trendy Dumpling,"Asian, Chinese, Szechuan, Pickup, Asian Food, Takeout",29.728557,-95.432086
"Houston, TX",mushroom chicken ,,14.5,Trendy Dumpling,"Asian, Chinese, Szechuan, Pickup, Asian Food, Takeout",29.728557,-95.432086
"Houston, TX",chicken dry pot,spicy with peppercron in chicken and mix vegetable,16.5,Trendy Dumpling,"Asian, Chinese, Szechuan, Pickup, Asian Food, Takeout",29.728557,-95.432086
"Houston, TX",Quesadilla Tray,[serves 7] Choose: chicken • steak • cheese,36.99,Dish Society,Farm-to-Table Modern American,29.7904676,-95.3981711
"Houston, TX",Chocolate Chip Cookies,[dozen],28.09,Dish Society,Farm-to-Table Modern American,29.7904676,-95.3981711
"Houston, TX",Chicken Tortilla Cup,[each],4.49,Dish Society,Farm-to-Table Modern American,29.7904676,-95.3981711
"Houston, TX",Fresh Brewed Coffee Box,,17.99,Dish Society,Farm-to-Table Modern American,29.7904676,-95.3981711
"Houston, TX",Hunan Beef ,,17.5,Trendy Dumpling,"Asian, Chinese, Szechuan, Pickup, Asian Food, Takeout",29.728557,-95.432086
"Houston, TX",Beef Dry Pot ,spicy with peppercron in beed and mix vegetable,18.5,Trendy Dumpling,"Asian, Chinese, Szechuan, Pickup, Asian Food, Takeout",29.728557,-95.432086
"Houston, TX",Gallon Rita,,60.0,Big City Wings,Great Wings and other American Classics,29.7579527,-95.3473058
"Houston, TX",Virgin Mojito,mint • lime • club soda • cane sugar,3.99,Dish Society,Farm-to-Table Modern American,29.7904676,-95.3981711
"Houston, TX",Cabernet - Sand Point,,11.29,Dish Society,Farm-to-Table Modern American,29.7904676,-95.3981711
"Houston, TX",Petite Syrah - The Crusher,,15.19,Dish Society,Farm-to-Table Modern American,29.7904676,-95.3981711
"Houston, TX",Rose | Famille Perrin ,,13.49,Dish Society,Farm-to-Table Modern American,29.7904676,-95.3981711
"Houston, TX",Chardonnay - Cambria,,20.79,Dish Society,Farm-to-Table Modern American,29.7904676,-95.3981711
"Houston, TX",Cabernet - B Side,,20.19,Dish Society,Farm-to-Table Modern American,29.7904676,-95.3981711
"Houston, TX",Mimosa Carafe,,9.59,Dish Society,Farm-to-Table Modern American,29.7904676,-95.3981711
"Houston, TX",Bloody Mary,tito’s vodka • house bloody mary mix,6.19,Dish Society,Farm-to-Table Modern American,29.7904676,-95.3981711
"Houston, TX",Bloody Mary Carafe,,13.49,Dish Society,Farm-to-Table Modern American,29.7904676,-95.3981711
"Houston, TX",Bittersweet Ginphony,aviation gin • lemon • cane sugar • bitters • mint,5.69,Dish Society,Farm-to-Table Modern American,29.7904676,-95.3981711
"Houston, TX",Pacific Empress,"empress gin, cucumber, lavender, lime, lemon",6.19,Dish Society,Farm-to-Table Modern American,29.7904676,-95.3981711
"Houston, TX",Citrus Ranch Water,playa real silver • topo • lime • grapefruit,6.19,Dish Society,Farm-to-Table Modern American,29.7904676,-95.3981711
"Houston, TX",Bro-mosa,karbach blood orange Radler • oj • lemon juice,3.39,Dish Society,Farm-to-Table Modern American,29.7904676,-95.3981711
"Houston, TX",Fish in Garlic Sauce,鱼香鱼片,17.5,Trendy Dumpling,"Asian, Chinese, Szechuan, Pickup, Asian Food, Takeout",29.728557,-95.432086
"Houston, TX",1/4 lb Sizzling Fajitas,Choice of beef or chicken served rice and beans 3 individual homerun flour or corn tortillas. Served with rice beans.,10.99,El Tiempo Taqueria,"Takeout, Pickup, Grocery, Tex-Mex, Mexican",29.7709217,-95.4182798
"Houston, TX",Dan Dan Noodle,Spicy Peanut Minced Pork,9.0,Trendy Dumpling,"Asian, Chinese, Szechuan, Pickup, Asian Food, Takeout",29.728557,-95.432086
"Houston, TX",Garlic Cucumber Salad,Cold Garlic cucumber,8.5,Trendy Dumpling,"Asian, Chinese, Szechuan, Pickup, Asian Food, Takeout",29.728557,-95.432086
"Houston, TX",Couple's Tendon,Cold Spicy Beef Shank and tendon,10.5,Trendy Dumpling,"Asian, Chinese, Szechuan, Pickup, Asian Food, Takeout",29.728557,-95.432086
"Houston, TX",Mouthwatering Chicken,Cold peppercron spicy boneless chicken.,10.5,Trendy Dumpling,"Asian, Chinese, Szechuan, Pickup, Asian Food, Takeout",29.728557,-95.432086
"Houston, TX",Stir-Fried Green Bean,,12.5,Trendy Dumpling,"Asian, Chinese, Szechuan, Pickup, Asian Food, Takeout",29.728557,-95.432086
"Houston, TX",Mapo Tofu,Hot and Spicy with peppercron ,12.5,Trendy Dumpling,"Asian, Chinese, Szechuan, Pickup, Asian Food, Takeout",29.728557,-95.432086
"Houston, TX",Madison Bumgarner,"Steak, Ike's Yellow BBQ Sauce, Habanero, American Cheese,Pepper Jack Cheese, and Ike's Dirty Secret Sauce",16.61,Ike's Love & Sandwiches,"Ike's Love & Sandwiches has over 800 sandwiches for everyone, whether you're a carnivore, vegetarian, or vegan.",29.790485,-95.3980772
"Houston, TX",Damon Bruce,"Steak, Steak Sauce, Onion Rings, Provolone Cheese, andIke's Dirty Secret Sauce",17.71,Ike's Love & Sandwiches,"Ike's Love & Sandwiches has over 800 sandwiches for everyone, whether you're a carnivore, vegetarian, or vegan.",29.790485,-95.3980772
"Houston, TX",Sautéed Bok Choy,,12.5,Trendy Dumpling,"Asian, Chinese, Szechuan, Pickup, Asian Food, Takeout",29.728557,-95.432086
"Houston, TX",Eggplant in Garlic Sauce,Spicy,12.5,Trendy Dumpling,"Asian, Chinese, Szechuan, Pickup, Asian Food, Takeout",29.728557,-95.432086
"Houston, TX",Eggplant Love Green Bean,,12.5,Trendy Dumpling,"Asian, Chinese, Szechuan, Pickup, Asian Food, Takeout",29.728557,-95.432086
"Houston, TX",Sauteed Mixed Vegetable,Cauliflower Broccoli Carrot Celery Snow Been Baby Corn Ginkgo Nut Bamboo Shoot Black Ear Mushroom,12.5,Trendy Dumpling,"Asian, Chinese, Szechuan, Pickup, Asian Food, Takeout",29.728557,-95.432086
"Houston, TX",Cabbage & Clear Noodle,,12.5,Trendy Dumpling,"Asian, Chinese, Szechuan, Pickup, Asian Food, Takeout",29.728557,-95.432086
"Houston, TX",Stir Fried Cabbage,Mild Spicy,12.5,Trendy Dumpling,"Asian, Chinese, Szechuan, Pickup, Asian Food, Takeout",29.728557,-95.432086
"Houston, TX",General Tso's Tofu,vagen tofu,12.5,Trendy Dumpling,"Asian, Chinese, Szechuan, Pickup, Asian Food, Takeout",29.728557,-95.432086
"Houston, TX",Potato Silk in Vinegar,with vinegar ,13.0,Trendy Dumpling,"Asian, Chinese, Szechuan, Pickup, Asian Food, Takeout",29.728557,-95.432086
"Houston, TX",Mongolian Beef,,17.5,Trendy Dumpling,"Asian, Chinese, Szechuan, Pickup, Asian Food, Takeout",29.728557,-95.432086
"Houston, TX",Beef Broccoli,,17.5,Trendy Dumpling,"Asian, Chinese, Szechuan, Pickup, Asian Food, Takeout",29.728557,-95.432086
"Houston, TX",Cumin Beef,Spicy Beef Cumin Onion Bell Pepper Coriander,17.5,Trendy Dumpling,"Asian, Chinese, Szechuan, Pickup, Asian Food, Takeout",29.728557,-95.432086
"Houston, TX",Sichuan Beef,Spicy Beef Frank Onion Celery Bell Pepper,17.5,Trendy Dumpling,"Asian, Chinese, Szechuan, Pickup, Asian Food, Takeout",29.728557,-95.432086
"Houston, TX",Spicy Boiled Beef,Spicy Beef Frank Celery Cabbage lotus root Black Mushroom,17.5,Trendy Dumpling,"Asian, Chinese, Szechuan, Pickup, Asian Food, Takeout",29.728557,-95.432086
"Houston, TX",Pork with Garlic Sauce,,15.5,Trendy Dumpling,"Asian, Chinese, Szechuan, Pickup, Asian Food, Takeout",29.728557,-95.432086
"Houston, TX",Double Cooked Pork,Spicy Pork Belly Bell Pepper Chili Oil ,15.5,Trendy Dumpling,"Asian, Chinese, Szechuan, Pickup, Asian Food, Takeout",29.728557,-95.432086
"Houston, TX",Mushroom & Pork,Pork Tenderloin King Mushroom Bell Pepper,15.5,Trendy Dumpling,"Asian, Chinese, Szechuan, Pickup, Asian Food, Takeout",29.728557,-95.432086
"Houston, TX",BeiJing style Pork,comes with Bao,15.5,Trendy Dumpling,"Asian, Chinese, Szechuan, Pickup, Asian Food, Takeout",29.728557,-95.432086
"Houston, TX",Basil Pork,Pork Tenderloin Basil Bell Pepper Onion,15.5,Trendy Dumpling,"Asian, Chinese, Szechuan, Pickup, Asian Food, Takeout",29.728557,-95.432086
"Houston, TX",Cumin Lamb,Spicy Lamb Cumin Onion Bell Pepper Coriander,17.5,Trendy Dumpling,"Asian, Chinese, Szechuan, Pickup, Asian Food, Takeout",29.728557,-95.432086
"Houston, TX",Mongolian Lamb,Lamb Onion Green Onion,17.5,Trendy Dumpling,"Asian, Chinese, Szechuan, Pickup, Asian Food, Takeout",29.728557,-95.432086
"Houston, TX",Sichuan Lamb,Spicy.,17.5,Trendy Dumpling,"Asian, Chinese, Szechuan, Pickup, Asian Food, Takeout",29.728557,-95.432086
"Houston, TX",Salt & Pepper Shrimp,12 pcs Shrimps Bell Pepper Onion Black Pepper,17.5,Trendy Dumpling,"Asian, Chinese, Szechuan, Pickup, Asian Food, Takeout",29.728557,-95.432086
"Houston, TX",Walnut Shrimp,Shrimp w sweet Mayo Sauce ,17.5,Trendy Dumpling,"Asian, Chinese, Szechuan, Pickup, Asian Food, Takeout",29.728557,-95.432086
"Houston, TX",Spicy Boiled Fish,Hot and Spicy Flounder Fillet Celery Cabbage Black Ear Mushroom,17.5,Trendy Dumpling,"Asian, Chinese, Szechuan, Pickup, Asian Food, Takeout",29.728557,-95.432086
"Houston, TX",Amazing Spicy Fish,Spicy Crispy Flounder Fillet,17.5,Trendy Dumpling,"Asian, Chinese, Szechuan, Pickup, Asian Food, Takeout",29.728557,-95.432086
"Houston, TX",Mapo Tofu & Fish,Hot and Spicy Tofu Flounder fillet,17.5,Trendy Dumpling,"Asian, Chinese, Szechuan, Pickup, Asian Food, Takeout",29.728557,-95.432086
"Houston, TX",Amazing Spicy Shrimp, Spicy Fried Shrimp,17.5,Trendy Dumpling,"Asian, Chinese, Szechuan, Pickup, Asian Food, Takeout",29.728557,-95.432086
"Houston, TX",Fish with Pickle,Spicy Sour Flounder Fillet Pickle  Bean Jelly noodle,17.5,Trendy Dumpling,"Asian, Chinese, Szechuan, Pickup, Asian Food, Takeout",29.728557,-95.432086
"Houston, TX",Kung Pao Shrimp,12 pcs Spicy Shrimp Peanut Kung Pao Sauce,17.5,Trendy Dumpling,"Asian, Chinese, Szechuan, Pickup, Asian Food, Takeout",29.728557,-95.432086
"Houston, TX",Spicy Garlic Shrimp,,17.5,Trendy Dumpling,"Asian, Chinese, Szechuan, Pickup, Asian Food, Takeout",29.728557,-95.432086
"Houston, TX",Awakening,"Spinach, kale, parsley, collard greens, beet, celery, habanero pepper, ginger, lime.",12.0,JuiceWell,Juice Bar,29.7324326,-95.4379318
"Houston, TX",Vegetarian Chicken Ramen,"Vegetable broth, vegetarian chicken, carrot, edamame, bamboo shoots, green onion & broccoli.",13.95,Poke Fresh,"Asian, Poke, Japanese, Sushi Bars",29.7581013,-95.3699503
"Houston, TX",#7 Vegan of the Sea,"Vegetarian chicken, fresh tofu, shiitake mushroom, sweet corn, edamame, cucumber, avocado, red cabbage, green onion, sunflower seeds, sesame seeds and sesame shoyu sauce.",14.95,Poke Fresh,"Asian, Poke, Japanese, Sushi Bars",29.7581013,-95.3699503
"Houston, TX",Fried Mozzarella Sticks (6 Pieces),"In a crispy seasoned breading, made with 100% real mozzarella string cheese, 0 g trans fat.",5.95,Poke Fresh,"Asian, Poke, Japanese, Sushi Bars",29.7581013,-95.3699503
"Houston, TX",Coke Zero,20 fl oz.,3.5,Poke Fresh,"Asian, Poke, Japanese, Sushi Bars",29.7581013,-95.3699503
"Houston, TX",Avocado Roll,,5.95,Poke Fresh,"Asian, Poke, Japanese, Sushi Bars",29.7581013,-95.3699503
"Houston, TX",Peanut Avocado Roll,,5.95,Poke Fresh,"Asian, Poke, Japanese, Sushi Bars",29.7581013,-95.3699503
"Houston, TX",Pure Leaf,"Real brewed tea, sweet tea.",3.5,Poke Fresh,"Asian, Poke, Japanese, Sushi Bars",29.7581013,-95.3699503
"Houston, TX","Coconut Cream Cake, slice","Yellow cake layers, coconut syrup, and  fluffy white frosting. Kind of like eating a Pina Colada. Houston Press says it's the Best Coconut Dessert in Houston!\ (no nuts)""",10.25,Dessert Gallery,"Cafes, Dessert, Takeout, Pickup",29.7333189,-95.4191919
"Houston, TX",Garlic Toast Pizza,"With turkey, onions, green peppers, kalamata olives, marinara sauce and mozzarella cheese.",10.0,Cosmo Food With Mood,"Breakfast, Sandwiches, Pizza, Cheesesteaks",29.714931,-95.38083
"Houston, TX",Harvest Burger,"Force of Nature Venison burger topped with roasted garlic chevre, red wine & coriander onions, blackberry bbq sauce, toasted juniper mayo & fried brussel sprouts.",16.75,Hopdoddy Burger Bar,Burgers,29.8030174,-95.4050793
"Houston, TX",Thanksgiving Burger,"Thanksgiving patty made with ground turkey, fried sage, granny smith apples & shallots.  Topped with house made yam chips, cranberry chutney, & broccoli sprouts with garlic aioli on whole wheat bun.",13.5,Hopdoddy Burger Bar,Burgers,29.8030174,-95.4050793
"Houston, TX",Big House Margarita,"Gold tequila & triple sec with fresh citrus juices served frozen with salted rim.Must be 21 to order, have your ID ready. Must be ordered with food for ToGo.TENNESEE ONLY: No driver shall consume any alcoholic beverage or beer or possess an open container of alcoholic beverage or beer while operating a motor vehicle in this state.CALIFORNIA ONLY: Alcoholic beverages that are packaged by this establishment are open containers and may not be transported in a motor vehicle except in the vehicle’s trunk; or, if there is no trunk, the container may be kept in some other area of the vehicle that is not normally occupied by the driver or passengers (which does not include a utility compartment or glove compartment (Vehicle Code Section 23225)). Further, such beverages may not be consumed in public or in any other area where open containers are prohibited by law.",12.3,Hopdoddy Burger Bar,Burgers,29.8030174,-95.4050793
"Houston, TX",Average Joe Bacon,"Bacon, egg, cheese.",3.39,Pacific Coast Tacos,"Mexican, Breakfast, Tacos, Fries, Dessert",29.7741242,-95.42601
"Houston, TX",Average Joe Potato,"Potato, egg, cheese.",3.39,Pacific Coast Tacos,"Mexican, Breakfast, Tacos, Fries, Dessert",29.7741242,-95.42601
"Houston, TX",Build Your Own,,1.69,Pacific Coast Tacos,"Mexican, Breakfast, Tacos, Fries, Dessert",29.7741242,-95.42601
"Houston, TX",Average Joe Sausage,"Sausage, egg, cheese.",3.39,Pacific Coast Tacos,"Mexican, Breakfast, Tacos, Fries, Dessert",29.7741242,-95.42601
"Houston, TX",El Jefe Taco,"Chorizo, bacon, sausage, egg and cheese.",4.09,Pacific Coast Tacos,"Mexican, Breakfast, Tacos, Fries, Dessert",29.7741242,-95.42601
"Houston, TX",Brody Taco,"Bacon, egg, bean, potato.",3.59,Pacific Coast Tacos,"Mexican, Breakfast, Tacos, Fries, Dessert",29.7741242,-95.42601
"Houston, TX",Bottled Coke,,2.75,Twisted Grilled Cheese,Twisted Grilled Cheese,29.7703302,-95.4179692
"Houston, TX",Mac & Cheese Balls ,3 delicious hand-breaded mac & cheese balls.,8.49,Twisted Grilled Cheese,Twisted Grilled Cheese,29.7703302,-95.4179692
"Houston, TX",Santa Cruz Taco,"Egg, bean, potato, sautéed onion, cheese.",3.69,Pacific Coast Tacos,"Mexican, Breakfast, Tacos, Fries, Dessert",29.7741242,-95.42601
"Houston, TX",Cortez Taco,"Fajita beef, egg, bean, potato, sautéed onion.",4.39,Pacific Coast Tacos,"Mexican, Breakfast, Tacos, Fries, Dessert",29.7741242,-95.42601
"Houston, TX",Mavericks Taco,"Chorizo, egg, bean, cheese.",3.59,Pacific Coast Tacos,"Mexican, Breakfast, Tacos, Fries, Dessert",29.7741242,-95.42601
"Houston, TX",Del Rey Taco,"Potato, bean, cheese.",3.09,Pacific Coast Tacos,"Mexican, Breakfast, Tacos, Fries, Dessert",29.7741242,-95.42601
"Houston, TX",Average Joe Chorizo,"Chorizo, egg, cheese.",3.39,Pacific Coast Tacos,"Mexican, Breakfast, Tacos, Fries, Dessert",29.7741242,-95.42601
"Houston, TX",Cabo Taco,"Chorizo, potato, sautéed onion.",3.35,Pacific Coast Tacos,"Mexican, Breakfast, Tacos, Fries, Dessert",29.7741242,-95.42601
"Houston, TX",Jaco Taco,"Egg, pico, avocado.",3.59,Pacific Coast Tacos,"Mexican, Breakfast, Tacos, Fries, Dessert",29.7741242,-95.42601
"Houston, TX",Pacifica Taco,"Egg, bean, cheese.",3.39,Pacific Coast Tacos,"Mexican, Breakfast, Tacos, Fries, Dessert",29.7741242,-95.42601
"Houston, TX",Slater Taco,"Sausage, egg, pico, cheese.",3.59,Pacific Coast Tacos,"Mexican, Breakfast, Tacos, Fries, Dessert",29.7741242,-95.42601
"Houston, TX",The Average Joe - Dozen,,35.99,Pacific Coast Tacos,"Mexican, Breakfast, Tacos, Fries, Dessert",29.7741242,-95.42601
"Houston, TX",Fanta Orange,,2.75,Pacific Coast Tacos,"Mexican, Breakfast, Tacos, Fries, Dessert",29.7741242,-95.42601
"Houston, TX",Milk,,2.99,Pacific Coast Tacos,"Mexican, Breakfast, Tacos, Fries, Dessert",29.7741242,-95.42601
"Houston, TX",Ginger Lemonade,,3.99,Pacific Coast Tacos,"Mexican, Breakfast, Tacos, Fries, Dessert",29.7741242,-95.42601
"Houston, TX",Chocolate Cone,Waffle Cone dipped in chocolate,1.99,Cheaters Creamery,Cheaters Creamery,29.7705323228857,-95.4122848367609
"Houston, TX",French Fries,,7.0,Max's Wine Dive,"American (New), Breakfast & Brunch",29.7708299,-95.4090042
"Houston, TX",Cherry Limeade,,3.0,Chi'lantro,"Eggs, Side Vegetables, Spicy Chicken, Guacamole, Korean BBQ, Barbecue",29.7226889,-95.3704827
"Houston, TX",Green Beans,Contains Pork,3.99,Mia's Table,"Soup, Desserts, Burgers, Sandwich, Beverages, Kids, Milk Shakes, Salads, Seafood, Tacos, American, Shakes, Malts, and Desserts, Nachos",29.7370693,-95.4173144
"Houston, TX",3pc Chicken Tender Combo Meal,"3 Double Breaded Chicken Tenders, 1 small side of choice, and 1 fresh-baked biscuit.",8.49,Raise the Roost,Chicken and Biscuits,29.7314516,-95.3822571
"Houston, TX",6pc Bone-In Wing Combo Meal,"6  Double Breaded Chicken Wings (plain or sauced), 1 small side of choice, and 1 fresh-baked biscuit.",10.99,Raise the Roost,Chicken and Biscuits,29.7314516,-95.3822571
"Houston, TX",2pc Chicken Tender Combo Meal,"2 Double Breaded Chicken Tenders, 1 small side of choice, and 1 fresh-baked biscuit.",6.99,Raise the Roost,Chicken and Biscuits,29.7314516,-95.3822571
"Houston, TX",Chicken Tenders 4ct,4 Double Breaded Chicken Tenders.,6.99,Raise the Roost,Chicken and Biscuits,29.7314516,-95.3822571
"Houston, TX",Chicken Tenders 12ct,12 Double Breaded Chicken Tenders.,17.99,Raise the Roost,Chicken and Biscuits,29.7314516,-95.3822571
"Houston, TX",Chicken Tenders 1ct,1 Double Breaded Chicken Tenders.,1.99,Raise the Roost,Chicken and Biscuits,29.7314516,-95.3822571
"Houston, TX",Naked Bone in Wings,Double Breaded Bone in Chicken Wings.,8.99,Raise the Roost,Chicken and Biscuits,29.7314516,-95.3822571
"Houston, TX",Buffalo Bone in Wings,Double Breaded Chicken Wings tossed in our proprietary Buffalo Sauce.,8.99,Raise the Roost,Chicken and Biscuits,29.7314516,-95.3822571
"Houston, TX",Honey BBQ Bone in Wings,Double Breaded Chicken Wings tossed in our proprietary Honey BBQ Sauce.,8.99,Raise the Roost,Chicken and Biscuits,29.7314516,-95.3822571
"Houston, TX",Mango Habanero Bone in Wings,Double Breaded Chicken Wings tossed in our proprietary Mango Habanero Sauce.,8.99,Raise the Roost,Chicken and Biscuits,29.7314516,-95.3822571
"Houston, TX","Chicken, Bacon, Ranch, and Cheese Chicken Tender Sandwich","2 Double Breaded Chicken Tenders smothered in our Fresh Made in Store Ranch Sauce, 2 slices of thick cut bacon and American cheese on a Brioche Bun with Dill Pickle Slices.",5.99,Raise the Roost,Chicken and Biscuits,29.7314516,-95.3822571
"Houston, TX",Buffalo Chicken Tender Sandwich,2 Double Breaded Chicken Tenders smothered in our proprietary Buffalo Sauce on a Brioche Bun.,4.99,Raise the Roost,Chicken and Biscuits,29.7314516,-95.3822571
"Houston, TX",Honey BBQ Chicken Tender Sandwich,2 Double Breaded Chicken Tenders smothered in our proprietary Honey BBQ Sauce on a Brioche Bun with Dill Pickle Slices.,4.99,Raise the Roost,Chicken and Biscuits,29.7314516,-95.3822571
"Houston, TX","Chicken, Bacon, and Cheese Sandwich","2 Double Breaded Chicken Tenders, 2 Slices of Thick Cut Bacon, and American Cheese on a Buttered Brioche Bun with Dill Pickle Slices.",5.69,Raise the Roost,Chicken and Biscuits,29.7314516,-95.3822571
"Houston, TX",Chicken and Cheese Sandwich,2 Double Breaded Chicken Tenders with American Cheese on a Buttered Brioche Bun with Dill Pickle Slices.,4.49,Raise the Roost,Chicken and Biscuits,29.7314516,-95.3822571
"Houston, TX","Breaded Chicken, Egg & Cheese Biscuit","Double Breaded Chicken Tender, Fresh Made Egg Patty, and American Cheese on a Fresh Baked Biscuit.",3.79,Raise the Roost,Chicken and Biscuits,29.7314516,-95.3822571
"Houston, TX","Sausage, Egg & Cheese Biscuit","Sausage Patty, Fresh Made Egg Patty, and American Cheese on a Fresh Baked Biscuit.",3.69,Raise the Roost,Chicken and Biscuits,29.7314516,-95.3822571
"Houston, TX",Sausage Biscuit,Sausage Patty on a Fresh Baked Biscuit.,2.49,Raise the Roost,Chicken and Biscuits,29.7314516,-95.3822571
"Houston, TX",Banana Pudding Parfait,"Vanilla Pudding with Fresh Cut Bananas, Nila Wafers, and Whipped Topping",3.49,Raise the Roost,Chicken and Biscuits,29.7314516,-95.3822571
"Houston, TX",Chocolate Pudding Parfait,"Chocolate Pudding with Oreo Cookie Crumbles, and Whipped Topping",3.49,Raise the Roost,Chicken and Biscuits,29.7314516,-95.3822571
"Houston, TX",Potato Wedges,Side of Potato Wedges.,1.99,Raise the Roost,Chicken and Biscuits,29.7314516,-95.3822571
"Houston, TX",Mac 'N' Cheese,Side of Mac 'N' Cheese.,1.99,Raise the Roost,Chicken and Biscuits,29.7314516,-95.3822571
"Houston, TX",Roost Signature Sauce,Extra cup of Roost Signature Sauce,0.69,Raise the Roost,Chicken and Biscuits,29.7314516,-95.3822571
"Houston, TX",Roost Fresh Ranch Sauce,Extra cup of Roost Fresh Ranch Sauce.,0.69,Raise the Roost,Chicken and Biscuits,29.7314516,-95.3822571
"Houston, TX",Roost Buffalo Sauce,Extra cup of Roost Buffalo Sauce.,0.69,Raise the Roost,Chicken and Biscuits,29.7314516,-95.3822571
"Houston, TX",Roost Honey BBQ Sauce,Extra cup of Roost Honey BBQ Sauce.,0.69,Raise the Roost,Chicken and Biscuits,29.7314516,-95.3822571
"Houston, TX",Roost Mango Habanero Sauce,Extra cup of Roost Mango Habanero Sauce.,0.69,Raise the Roost,Chicken and Biscuits,29.7314516,-95.3822571
"Houston, TX",Sprite 20oz,,2.49,Raise the Roost,Chicken and Biscuits,29.7314516,-95.3822571
"Houston, TX",Fanta Pineapple 20oz,,2.49,Raise the Roost,Chicken and Biscuits,29.7314516,-95.3822571
"Houston, TX",Dr Pepper 20oz,,2.49,Raise the Roost,Chicken and Biscuits,29.7314516,-95.3822571
"Houston, TX",Coke 20oz,,2.49,Raise the Roost,Chicken and Biscuits,29.7314516,-95.3822571
"Houston, TX",Coke Zero 20oz,,2.49,Raise the Roost,Chicken and Biscuits,29.7314516,-95.3822571
"Houston, TX",Mountain Dew Code Red 20oz,,2.49,Raise the Roost,Chicken and Biscuits,29.7314516,-95.3822571
"Houston, TX",Fanta Orange 20oz,,2.49,Raise the Roost,Chicken and Biscuits,29.7314516,-95.3822571
"Houston, TX",Pepsi 20oz,,2.49,Raise the Roost,Chicken and Biscuits,29.7314516,-95.3822571
"Houston, TX",Diet Coke 20oz,,2.49,Raise the Roost,Chicken and Biscuits,29.7314516,-95.3822571
"Houston, TX",Diet Dr Pepper 20oz,,2.49,Raise the Roost,Chicken and Biscuits,29.7314516,-95.3822571
"Houston, TX",Diet Mountain Dew 20oz,,2.49,Raise the Roost,Chicken and Biscuits,29.7314516,-95.3822571
"Houston, TX",Dr Pepper 12 Pack 12oz Can,,8.99,Raise the Roost,Chicken and Biscuits,29.7314516,-95.3822571
"Houston, TX",Mountain Dew 20oz,,2.49,Raise the Roost,Chicken and Biscuits,29.7314516,-95.3822571
"Houston, TX",Canada Dry Ginger Ale 20oz,,2.49,Raise the Roost,Chicken and Biscuits,29.7314516,-95.3822571
"Houston, TX",Fanta Grape 20oz,,2.49,Raise the Roost,Chicken and Biscuits,29.7314516,-95.3822571
"Houston, TX",Sprite Diet Zero 20oz,,2.49,Raise the Roost,Chicken and Biscuits,29.7314516,-95.3822571
"Houston, TX",Coke 12 Pack 12oz,,8.99,Raise the Roost,Chicken and Biscuits,29.7314516,-95.3822571
"Houston, TX",Fanta Strawberry 20oz,,2.49,Raise the Roost,Chicken and Biscuits,29.7314516,-95.3822571
"Houston, TX",Dr Pepper & Cream Soda 20z,,2.49,Raise the Roost,Chicken and Biscuits,29.7314516,-95.3822571
"Houston, TX",Coke Cherry 20oz,,2.49,Raise the Roost,Chicken and Biscuits,29.7314516,-95.3822571
"Houston, TX",Fanta Piña Colada 20oz,,2.49,Raise the Roost,Chicken and Biscuits,29.7314516,-95.3822571
"Houston, TX",Big Red 20oz,,2.49,Raise the Roost,Chicken and Biscuits,29.7314516,-95.3822571
"Houston, TX",Big Blue 20oz,,2.49,Raise the Roost,Chicken and Biscuits,29.7314516,-95.3822571
"Houston, TX",A&W Root Beer 20oz,,2.49,Raise the Roost,Chicken and Biscuits,29.7314516,-95.3822571
"Houston, TX",Squirt 20oz,,2.49,Raise the Roost,Chicken and Biscuits,29.7314516,-95.3822571
"Houston, TX",A&W Cream Soda 20oz,,2.49,Raise the Roost,Chicken and Biscuits,29.7314516,-95.3822571
"Houston, TX",Gatorade Cool Blue 28oz,,2.99,Raise the Roost,Chicken and Biscuits,29.7314516,-95.3822571
"Houston, TX",Gatorade Lemon-Lime 28oz,,2.99,Raise the Roost,Chicken and Biscuits,29.7314516,-95.3822571
"Houston, TX",Gatorade Frost Glacier Freeze 28oz,,2.99,Raise the Roost,Chicken and Biscuits,29.7314516,-95.3822571
"Houston, TX",Gatorade Fruit Punch 28oz,,2.99,Raise the Roost,Chicken and Biscuits,29.7314516,-95.3822571
"Houston, TX",Gatorade Lime Cucumber 28oz,,2.99,Raise the Roost,Chicken and Biscuits,29.7314516,-95.3822571
"Houston, TX",Banana Chia Pudding,"Chia seeds soaked overnight in oat milk and sweetened with raw cane sugar. (Gluten-free, vegan)",6.5,ginger bowls (Healthy Asian Bowls),"Asian, Chinese, Bowls, Healthy, Vegetarian, Gluten-Free, Vegan, Chicken, Appetizers, Wings",29.7226889,-95.3704827
"Houston, TX",Grilled Shrimp Ka-Bob,"Served with beans, and rice.",12.95,Flying Fish,"Seafood, Cajun/Creole, Fish & Chips",29.8023816,-95.4125681
"Houston, TX",Hot Boiled Shrimp (1lb.),,19.91,Flying Fish,"Seafood, Cajun/Creole, Fish & Chips",29.8023816,-95.4125681
"Houston, TX",French Fries,,5.0,Flying Fish,"Seafood, Cajun/Creole, Fish & Chips",29.8023816,-95.4125681
"Houston, TX",Shrimp Po-boy,,12.49,LA Crawfish,"Pickup, Pho, Takeout, Seafood",29.7322253,-95.4408877
"Houston, TX",Surf & Surf Po-boy,,12.49,LA Crawfish,"Pickup, Pho, Takeout, Seafood",29.7322253,-95.4408877
"Houston, TX",Crawfish Po-boy,,16.24,LA Crawfish,"Pickup, Pho, Takeout, Seafood",29.7322253,-95.4408877
"Houston, TX",Tilapia Po-boy,,12.49,LA Crawfish,"Pickup, Pho, Takeout, Seafood",29.7322253,-95.4408877
"Houston, TX",Oyster Po-boy,,12.49,LA Crawfish,"Pickup, Pho, Takeout, Seafood",29.7322253,-95.4408877
"Houston, TX",Calamari Po-boy,,13.74,LA Crawfish,"Pickup, Pho, Takeout, Seafood",29.7322253,-95.4408877
"Houston, TX",Beignets,"The perfect way to end your epic meal at your LA Crawfish! Crisp, golden, and a fluffy center. Our special take on traditional beignets dusted with powdered sugar and condensed milk drizzle.",7.49,LA Crawfish,"Pickup, Pho, Takeout, Seafood",29.7322253,-95.4408877
"Houston, TX","20\ Cheese Pizza (More Than 3 Toppings)""",,27.96,Collina's,Italian Cafe,29.802468,-95.4061856
"Houston, TX","20\ Hawaiian Pizza (More Than 3 Toppings)""","Canadian bacon, pepperoni, sausage, ground beef, pineapple, black olives, and jalapeños.",33.96,Collina's,Italian Cafe,29.802468,-95.4061856
"Houston, TX",Chicken Caesar Salad,Caesar salad topped with grilled chicken breast.,10.99,Collina's,Italian Cafe,29.802468,-95.4061856
"Houston, TX",Eggplant Parmigiana,"Seasoned bread crumbs, mozzarella, and a side of rigatoni with marinara.",12.99,Collina's,Italian Cafe,29.802468,-95.4061856
"Houston, TX",Grilled Vegetable Lasagna,"Layers of fresh pasta, grilled fresh seasonal vegetables, and cheeses, covered with crema rosa sauce.",12.99,Collina's,Italian Cafe,29.802468,-95.4061856
"Houston, TX",Ayamase (Designer Stew),A fried spicy sauce made with green peppers and an assortment of beef parts. Served with fried plantains.,19.99,B’s African Kitchen,"African, Tapas/Small Plates, Snacks",29.723949,-95.351142
"Houston, TX",Naija Spaghetti ,,17.99,B’s African Kitchen,"African, Tapas/Small Plates, Snacks",29.723949,-95.351142
"Houston, TX",Meat Pie,.,6.0,B’s African Kitchen,"African, Tapas/Small Plates, Snacks",29.723949,-95.351142
"Houston, TX",Nigerian Toast Bread (Egg),,8.0,B’s African Kitchen,"African, Tapas/Small Plates, Snacks",29.723949,-95.351142
"Houston, TX",Nigerian Toast Bread (Chicken),,10.0,B’s African Kitchen,"African, Tapas/Small Plates, Snacks",29.723949,-95.351142
"Houston, TX",Nigerian Toast Bread (Sardine and Egg),,10.0,B’s African Kitchen,"African, Tapas/Small Plates, Snacks",29.723949,-95.351142
"Houston, TX",Nigerian Toast Bread (Sardines),,8.0,B’s African Kitchen,"African, Tapas/Small Plates, Snacks",29.723949,-95.351142
"Houston, TX",Goat Meat Pepper Soup,,26.0,B’s African Kitchen,"African, Tapas/Small Plates, Snacks",29.723949,-95.351142
"Houston, TX",Nomadica,A collection of Sommelier curated canned wines,10.0,Cowboys  & Indians Tex-In Kitchen,"Indian, Curry, Brunch, Salads, Dessert",29.7672688,-95.4096971
"Houston, TX",Fountain of Youth,"Anti-aging. Bone healthh. Skin healt. Apple, thyme, carrots, tomatoes.",8.0,Thrive Juices,"Toast, Acai Bowls, Healthy Smoothies, Healthy, Juice, Juice Bar, Juice & Smoothie",29.7662149,-95.3648839
"Houston, TX",Detox,Toxin Removal. Green AppleGingerLemonHoneyCayenne,4.0,Thrive Juices,"Toast, Acai Bowls, Healthy Smoothies, Healthy, Juice, Juice Bar, Juice & Smoothie",29.7662149,-95.3648839
"Houston, TX",Vaccine,Immunity. CeleryCarrotGarlicGreen AppleGingerLemon,4.0,Thrive Juices,"Toast, Acai Bowls, Healthy Smoothies, Healthy, Juice, Juice Bar, Juice & Smoothie",29.7662149,-95.3648839
"Houston, TX",Ginger Turmeric,,4.0,Thrive Juices,"Toast, Acai Bowls, Healthy Smoothies, Healthy, Juice, Juice Bar, Juice & Smoothie",29.7662149,-95.3648839
"Houston, TX",Pecan Salted Caramel Milkshake,Made with premium vanilla ice cream blended with salted caramel and glazed pecans topped whipped cream,5.09,The Burger Den,"Burgers, Milk Shakes, American, Fast Food",29.7212426,-95.3762061
"Houston, TX",Flavored Gel,Apple & Spirilina or Watermelon ,30.0,Thrive Juices,"Toast, Acai Bowls, Healthy Smoothies, Healthy, Juice, Juice Bar, Juice & Smoothie",29.7662149,-95.3648839
"Houston, TX",THE RUSTIC BURGER,"No. 9 sauce, house-smoked brisket, white cheddar, green chile, grilled onion with smoked salt potato chips",19.74,The Rustic,Southern,29.7500039,-95.3598537
"Houston, TX",DOUBLE QUESO,"pimento, chipotle garlic queso",14.24,The Rustic,Southern,29.7500039,-95.3598537
"Houston, TX",THE RUSTIC BURGER,"No. 9 sauce, house-smoked brisket, white cheddar, green chile, grilled onion with smoked salt potato chips",19.74,The Rustic,Southern,29.7500039,-95.3598537
"Houston, TX",THE RUSTIC BURGER (Brunch),"topped with house brisket, white cheddar, green chile, grilled onion with smoked salt potato chips",19.74,The Rustic,Southern,29.7500039,-95.3598537
"Houston, TX",Nitro Cold Brew,"Brewed for 28hrs using our exclusive, single-origin coffee!",6.0,Wild,"Oatmeal, Tacos, Muffin, Breakfast, Coffee, Cafe",29.805558,-95.4105558
"Houston, TX",Topo Chico Mineral Water 500 ml,500 ml Glass Bottle ,3.85,Pepperonis Pizza,"Pizza, Chicken Wings, Salads",29.7884412,-95.4094587
"Houston, TX",Topo Chico Twist of Lime 500 ml,500 ml Glass Bottle ,3.85,Pepperonis Pizza,"Pizza, Chicken Wings, Salads",29.7884412,-95.4094587
"Houston, TX",Banana Chia Pudding,"Chia seeds soaked overnight in oat milk and sweetened with raw cane sugar. (Gluten-free, vegan)",6.5,Bangkok Bowls,"Thai, Healthy, Vegetarian, Gluten-Free, Vegan, Chicken, Appetizers, Wings, Dessert",29.7226889,-95.3704827
"Houston, TX",Creme de Sake,Bottle.,17.19,Fukuoka Sushi Bar & Grill,"Noodles, Salads, Rolls, Bento Box, Nigiri, Grill, Japanese, Sushi Bars, Sashimi",29.7449905,-95.3775664
"Houston, TX",Ginjo Shu Chiku Bai,,17.19,Fukuoka Sushi Bar & Grill,"Noodles, Salads, Rolls, Bento Box, Nigiri, Grill, Japanese, Sushi Bars, Sashimi",29.7449905,-95.3775664
"Houston, TX",Bud Light,,4.89,Fukuoka Sushi Bar & Grill,"Noodles, Salads, Rolls, Bento Box, Nigiri, Grill, Japanese, Sushi Bars, Sashimi",29.7449905,-95.3775664
"Houston, TX",Soto Premium Junmai,,57.44,Fukuoka Sushi Bar & Grill,"Noodles, Salads, Rolls, Bento Box, Nigiri, Grill, Japanese, Sushi Bars, Sashimi",29.7449905,-95.3775664
"Houston, TX",Edamame,Steamed soybean pod with sea salt.,5.69,Fukuoka Sushi Bar & Grill,"Noodles, Salads, Rolls, Bento Box, Nigiri, Grill, Japanese, Sushi Bars, Sashimi",29.7449905,-95.3775664
"Houston, TX",Calamari Tempura,Lightly battered calamari with tempura sauce.,13.74,Fukuoka Sushi Bar & Grill,"Noodles, Salads, Rolls, Bento Box, Nigiri, Grill, Japanese, Sushi Bars, Sashimi",29.7449905,-95.3775664
"Houston, TX",Sh Tem Appetizer (2),Panko tempura fried with tempura sauce.,5.69,Fukuoka Sushi Bar & Grill,"Noodles, Salads, Rolls, Bento Box, Nigiri, Grill, Japanese, Sushi Bars, Sashimi",29.7449905,-95.3775664
"Houston, TX",Veg. Gyoza,,7.48,Fukuoka Sushi Bar & Grill,"Noodles, Salads, Rolls, Bento Box, Nigiri, Grill, Japanese, Sushi Bars, Sashimi",29.7449905,-95.3775664
"Houston, TX",Sh Temp (6) PCs,,15.83,Fukuoka Sushi Bar & Grill,"Noodles, Salads, Rolls, Bento Box, Nigiri, Grill, Japanese, Sushi Bars, Sashimi",29.7449905,-95.3775664
"Houston, TX",Agedashi (Fried Tofu),Silken tofu lightly battered garnished with bonito flakes served with tempura dipping sauce.,5.69,Fukuoka Sushi Bar & Grill,"Noodles, Salads, Rolls, Bento Box, Nigiri, Grill, Japanese, Sushi Bars, Sashimi",29.7449905,-95.3775664
"Houston, TX",Unagi (Eel),,7.76,Fukuoka Sushi Bar & Grill,"Noodles, Salads, Rolls, Bento Box, Nigiri, Grill, Japanese, Sushi Bars, Sashimi",29.7449905,-95.3775664
"Houston, TX",Sake (Salmon),,5.98,Fukuoka Sushi Bar & Grill,"Noodles, Salads, Rolls, Bento Box, Nigiri, Grill, Japanese, Sushi Bars, Sashimi",29.7449905,-95.3775664
"Houston, TX",Hamachi (Yellowtail),,7.19,Fukuoka Sushi Bar & Grill,"Noodles, Salads, Rolls, Bento Box, Nigiri, Grill, Japanese, Sushi Bars, Sashimi",29.7449905,-95.3775664
"Houston, TX",Sake Toro (Salmon Belly),,6.9,Fukuoka Sushi Bar & Grill,"Noodles, Salads, Rolls, Bento Box, Nigiri, Grill, Japanese, Sushi Bars, Sashimi",29.7449905,-95.3775664
"Houston, TX",Hotategai (Scallop),,8.05,Fukuoka Sushi Bar & Grill,"Noodles, Salads, Rolls, Bento Box, Nigiri, Grill, Japanese, Sushi Bars, Sashimi",29.7449905,-95.3775664
"Houston, TX",Ikura (Salmon Roe),,8.05,Fukuoka Sushi Bar & Grill,"Noodles, Salads, Rolls, Bento Box, Nigiri, Grill, Japanese, Sushi Bars, Sashimi",29.7449905,-95.3775664
"Houston, TX",Akami (Tuna),,7.19,Fukuoka Sushi Bar & Grill,"Noodles, Salads, Rolls, Bento Box, Nigiri, Grill, Japanese, Sushi Bars, Sashimi",29.7449905,-95.3775664
"Houston, TX",Smoked Sake (Smoked Salmon),,7.19,Fukuoka Sushi Bar & Grill,"Noodles, Salads, Rolls, Bento Box, Nigiri, Grill, Japanese, Sushi Bars, Sashimi",29.7449905,-95.3775664
"Houston, TX",Ika (Squid),,6.9,Fukuoka Sushi Bar & Grill,"Noodles, Salads, Rolls, Bento Box, Nigiri, Grill, Japanese, Sushi Bars, Sashimi",29.7449905,-95.3775664
"Houston, TX",Peppercorn Escolar,,6.9,Fukuoka Sushi Bar & Grill,"Noodles, Salads, Rolls, Bento Box, Nigiri, Grill, Japanese, Sushi Bars, Sashimi",29.7449905,-95.3775664
"Houston, TX",Chopped Scallops,,9.2,Fukuoka Sushi Bar & Grill,"Noodles, Salads, Rolls, Bento Box, Nigiri, Grill, Japanese, Sushi Bars, Sashimi",29.7449905,-95.3775664
"Houston, TX",Saba (Mackerel),,6.33,Fukuoka Sushi Bar & Grill,"Noodles, Salads, Rolls, Bento Box, Nigiri, Grill, Japanese, Sushi Bars, Sashimi",29.7449905,-95.3775664
"Houston, TX",Tai (Red Snapper),,6.61,Fukuoka Sushi Bar & Grill,"Noodles, Salads, Rolls, Bento Box, Nigiri, Grill, Japanese, Sushi Bars, Sashimi",29.7449905,-95.3775664
"Houston, TX",Tako (Octopus),,7.19,Fukuoka Sushi Bar & Grill,"Noodles, Salads, Rolls, Bento Box, Nigiri, Grill, Japanese, Sushi Bars, Sashimi",29.7449905,-95.3775664
"Houston, TX",Tobiko (Flying Fish Egg),,6.9,Fukuoka Sushi Bar & Grill,"Noodles, Salads, Rolls, Bento Box, Nigiri, Grill, Japanese, Sushi Bars, Sashimi",29.7449905,-95.3775664
"Houston, TX",Pep.Corn Salmon,,6.33,Fukuoka Sushi Bar & Grill,"Noodles, Salads, Rolls, Bento Box, Nigiri, Grill, Japanese, Sushi Bars, Sashimi",29.7449905,-95.3775664
"Houston, TX",Escolar (White Tuna),,6.61,Fukuoka Sushi Bar & Grill,"Noodles, Salads, Rolls, Bento Box, Nigiri, Grill, Japanese, Sushi Bars, Sashimi",29.7449905,-95.3775664
"Houston, TX",Pep. Corn (Tuna),,7.76,Fukuoka Sushi Bar & Grill,"Noodles, Salads, Rolls, Bento Box, Nigiri, Grill, Japanese, Sushi Bars, Sashimi",29.7449905,-95.3775664
"Houston, TX",Masago (Smelt Fish Egg),,5.75,Fukuoka Sushi Bar & Grill,"Noodles, Salads, Rolls, Bento Box, Nigiri, Grill, Japanese, Sushi Bars, Sashimi",29.7449905,-95.3775664
"Houston, TX",Shaggy Dog,"Tempura shrimp, avocado, kani, spicy mayo, and eel sauce.",16.68,Fukuoka Sushi Bar & Grill,"Noodles, Salads, Rolls, Bento Box, Nigiri, Grill, Japanese, Sushi Bars, Sashimi",29.7449905,-95.3775664
"Houston, TX",Seattle,"Kani, salmon, cucumber, avocado, masago, and tempura fried topped with eel and spicy mayo sauce.",14.38,Fukuoka Sushi Bar & Grill,"Noodles, Salads, Rolls, Bento Box, Nigiri, Grill, Japanese, Sushi Bars, Sashimi",29.7449905,-95.3775664
"Houston, TX",Dynamite,"Tempura shrimp, avocado, and spicy salmon.",14.38,Fukuoka Sushi Bar & Grill,"Noodles, Salads, Rolls, Bento Box, Nigiri, Grill, Japanese, Sushi Bars, Sashimi",29.7449905,-95.3775664
"Houston, TX",Shrimp Tempura Roll,"Tempura shrimp, cucumber, avocado, masago, and spicy mayo.",9.14,Fukuoka Sushi Bar & Grill,"Noodles, Salads, Rolls, Bento Box, Nigiri, Grill, Japanese, Sushi Bars, Sashimi",29.7449905,-95.3775664
"Houston, TX",Crunchy Roll,"Tempura shrimp, avocado, and tempura crunch with spicy mayo.",14.89,Fukuoka Sushi Bar & Grill,"Noodles, Salads, Rolls, Bento Box, Nigiri, Grill, Japanese, Sushi Bars, Sashimi",29.7449905,-95.3775664
"Houston, TX",2020,"Tempura eel, kani topped with smoke salmon, and eel sauce.",16.68,Fukuoka Sushi Bar & Grill,"Noodles, Salads, Rolls, Bento Box, Nigiri, Grill, Japanese, Sushi Bars, Sashimi",29.7449905,-95.3775664
"Houston, TX",Spider,"Tempura softshell crab, cucumber, avocado, masago, and spicy mayo.",10.64,Fukuoka Sushi Bar & Grill,"Noodles, Salads, Rolls, Bento Box, Nigiri, Grill, Japanese, Sushi Bars, Sashimi",29.7449905,-95.3775664
"Houston, TX",Super Shaggy Dog,"Tempura shrimp, kani, avocado, tempura crunch, and spicy mayo and eel sauce.",16.68,Fukuoka Sushi Bar & Grill,"Noodles, Salads, Rolls, Bento Box, Nigiri, Grill, Japanese, Sushi Bars, Sashimi",29.7449905,-95.3775664
"Houston, TX",Crazy Roll,"Shrimp tempura, cucumber, daikon, and spicy tuna.",10.29,Fukuoka Sushi Bar & Grill,"Noodles, Salads, Rolls, Bento Box, Nigiri, Grill, Japanese, Sushi Bars, Sashimi",29.7449905,-95.3775664
"Houston, TX",Fukuoka Tower,"Spicy chopped scallop or tuna with crab mix, avocado, tobiko, and AJ sauce.",21.79,Fukuoka Sushi Bar & Grill,"Noodles, Salads, Rolls, Bento Box, Nigiri, Grill, Japanese, Sushi Bars, Sashimi",29.7449905,-95.3775664
"Houston, TX",Shrimp Tempura Maki Roll,"Tempura shrimp, spicy mayo. Cucumber, masago, and avocado.",9.14,Fukuoka Sushi Bar & Grill,"Noodles, Salads, Rolls, Bento Box, Nigiri, Grill, Japanese, Sushi Bars, Sashimi",29.7449905,-95.3775664
"Houston, TX",Crazy Roll,"Shrimp tempura, spicy tuna, cucumber, and daikon sprout.",10.29,Fukuoka Sushi Bar & Grill,"Noodles, Salads, Rolls, Bento Box, Nigiri, Grill, Japanese, Sushi Bars, Sashimi",29.7449905,-95.3775664
"Houston, TX",Tiger Eye,"Tempura smoke salmon, cream cheese, jalapeño, masago, and soy paper.",10.06,Fukuoka Sushi Bar & Grill,"Noodles, Salads, Rolls, Bento Box, Nigiri, Grill, Japanese, Sushi Bars, Sashimi",29.7449905,-95.3775664
"Houston, TX",Hand Roll,,6.61,Fukuoka Sushi Bar & Grill,"Noodles, Salads, Rolls, Bento Box, Nigiri, Grill, Japanese, Sushi Bars, Sashimi",29.7449905,-95.3775664
"Houston, TX",Sushi (6 Pc) & Spicy Tuna Roll,Assorted mixed sushi. Chef's choice.,22.94,Fukuoka Sushi Bar & Grill,"Noodles, Salads, Rolls, Bento Box, Nigiri, Grill, Japanese, Sushi Bars, Sashimi",29.7449905,-95.3775664
"Houston, TX",Sashimi Platter,,40.25,Fukuoka Sushi Bar & Grill,"Noodles, Salads, Rolls, Bento Box, Nigiri, Grill, Japanese, Sushi Bars, Sashimi",29.7449905,-95.3775664
"Houston, TX",Sushi (10 Pc) & Tuna Cucumber Roll,Chef's choice of assorted sushi.,34.44,Fukuoka Sushi Bar & Grill,"Noodles, Salads, Rolls, Bento Box, Nigiri, Grill, Japanese, Sushi Bars, Sashimi",29.7449905,-95.3775664
"Houston, TX",Curry Katsu Don,"Panko batter, choice of pork chop or chicken breast, and curry sauce over steamed white rice garnished with steamed broccoli.",12.59,Fukuoka Sushi Bar & Grill,"Noodles, Salads, Rolls, Bento Box, Nigiri, Grill, Japanese, Sushi Bars, Sashimi",29.7449905,-95.3775664
"Houston, TX",Yaki Udon,"Stir-fry udon noodles. Choice of protein, cabbage, bean sprouts, carrots, zucchini, onion, and scallion.",11.44,Fukuoka Sushi Bar & Grill,"Noodles, Salads, Rolls, Bento Box, Nigiri, Grill, Japanese, Sushi Bars, Sashimi",29.7449905,-95.3775664
"Houston, TX",Whole Calamari Grilled,Grilled whole calamari seasoned with togarashi garnished with lemon wedge and ponzu dipping sauce.,13.74,Fukuoka Sushi Bar & Grill,"Noodles, Salads, Rolls, Bento Box, Nigiri, Grill, Japanese, Sushi Bars, Sashimi",29.7449905,-95.3775664
"Houston, TX",Small Fried Rice,"Egg, carrots, peas, onions, and scallions.",3.45,Fukuoka Sushi Bar & Grill,"Noodles, Salads, Rolls, Bento Box, Nigiri, Grill, Japanese, Sushi Bars, Sashimi",29.7449905,-95.3775664
"Houston, TX",Sizzling Teriyaki Beef,"Served with vegetable tempura, and steamed rice.",17.19,Fukuoka Sushi Bar & Grill,"Noodles, Salads, Rolls, Bento Box, Nigiri, Grill, Japanese, Sushi Bars, Sashimi",29.7449905,-95.3775664
"Houston, TX",Sizzling Teriyaki SH,Served with vegetable tempura and steamed rice.,17.19,Fukuoka Sushi Bar & Grill,"Noodles, Salads, Rolls, Bento Box, Nigiri, Grill, Japanese, Sushi Bars, Sashimi",29.7449905,-95.3775664
"Houston, TX",Yakisoba (Dinner),,13.74,Fukuoka Sushi Bar & Grill,"Noodles, Salads, Rolls, Bento Box, Nigiri, Grill, Japanese, Sushi Bars, Sashimi",29.7449905,-95.3775664
"Houston, TX",Hakata Ramen,"Tempura shrimp, shiitake, and woods ear mushrooms, kamaboko (fish cake), seasoned egg, bean sprouts, scallions, and pork belly.",13.74,Fukuoka Sushi Bar & Grill,"Noodles, Salads, Rolls, Bento Box, Nigiri, Grill, Japanese, Sushi Bars, Sashimi",29.7449905,-95.3775664
"Houston, TX",BT CK Teriyaki,"Served with gyoza, rice and choice of edamame or house ginger salad.",16.04,Fukuoka Sushi Bar & Grill,"Noodles, Salads, Rolls, Bento Box, Nigiri, Grill, Japanese, Sushi Bars, Sashimi",29.7449905,-95.3775664
"Houston, TX",BT Beef Teriyaki,"Served with gyoza, rice and choice of edamame or house ginger salad.",17.19,Fukuoka Sushi Bar & Grill,"Noodles, Salads, Rolls, Bento Box, Nigiri, Grill, Japanese, Sushi Bars, Sashimi",29.7449905,-95.3775664
"Houston, TX",BT SH Tempura,"Served with gyoza, rice and choice of edamame or house ginger salad.",17.19,Fukuoka Sushi Bar & Grill,"Noodles, Salads, Rolls, Bento Box, Nigiri, Grill, Japanese, Sushi Bars, Sashimi",29.7449905,-95.3775664
"Houston, TX",BT CK Katsu,"Served with gyoza, rice and choice of edamame or house ginger salad.",16.04,Fukuoka Sushi Bar & Grill,"Noodles, Salads, Rolls, Bento Box, Nigiri, Grill, Japanese, Sushi Bars, Sashimi",29.7449905,-95.3775664
"Houston, TX",BT SH Teriyaki,"Served with gyoza, rice, choice of edamame or house ginger salad.",17.19,Fukuoka Sushi Bar & Grill,"Noodles, Salads, Rolls, Bento Box, Nigiri, Grill, Japanese, Sushi Bars, Sashimi",29.7449905,-95.3775664
"Houston, TX",BT PK Katsu,"Gyoza, rice and choice of edamame or house ginger salad.",16.04,Fukuoka Sushi Bar & Grill,"Noodles, Salads, Rolls, Bento Box, Nigiri, Grill, Japanese, Sushi Bars, Sashimi",29.7449905,-95.3775664
"Houston, TX",Coke,,3.39,Fukuoka Sushi Bar & Grill,"Noodles, Salads, Rolls, Bento Box, Nigiri, Grill, Japanese, Sushi Bars, Sashimi",29.7449905,-95.3775664
"Houston, TX",Fanta,,3.39,Fukuoka Sushi Bar & Grill,"Noodles, Salads, Rolls, Bento Box, Nigiri, Grill, Japanese, Sushi Bars, Sashimi",29.7449905,-95.3775664
"Houston, TX",Lemonade,,3.39,Fukuoka Sushi Bar & Grill,"Noodles, Salads, Rolls, Bento Box, Nigiri, Grill, Japanese, Sushi Bars, Sashimi",29.7449905,-95.3775664
"Houston, TX",Sprite,,3.39,Fukuoka Sushi Bar & Grill,"Noodles, Salads, Rolls, Bento Box, Nigiri, Grill, Japanese, Sushi Bars, Sashimi",29.7449905,-95.3775664
"Houston, TX",Powerade,,3.39,Fukuoka Sushi Bar & Grill,"Noodles, Salads, Rolls, Bento Box, Nigiri, Grill, Japanese, Sushi Bars, Sashimi",29.7449905,-95.3775664
"Houston, TX",Apple Juice,,4.54,Fukuoka Sushi Bar & Grill,"Noodles, Salads, Rolls, Bento Box, Nigiri, Grill, Japanese, Sushi Bars, Sashimi",29.7449905,-95.3775664
"Houston, TX",Ramune,,4.54,Fukuoka Sushi Bar & Grill,"Noodles, Salads, Rolls, Bento Box, Nigiri, Grill, Japanese, Sushi Bars, Sashimi",29.7449905,-95.3775664
"Houston, TX",Bottle Water,,2.24,Fukuoka Sushi Bar & Grill,"Noodles, Salads, Rolls, Bento Box, Nigiri, Grill, Japanese, Sushi Bars, Sashimi",29.7449905,-95.3775664
"Houston, TX",Diet Coke,,3.39,Fukuoka Sushi Bar & Grill,"Noodles, Salads, Rolls, Bento Box, Nigiri, Grill, Japanese, Sushi Bars, Sashimi",29.7449905,-95.3775664
"Houston, TX",Orange Juice,,4.54,Fukuoka Sushi Bar & Grill,"Noodles, Salads, Rolls, Bento Box, Nigiri, Grill, Japanese, Sushi Bars, Sashimi",29.7449905,-95.3775664
"Houston, TX",Dr Pepper,,3.39,Fukuoka Sushi Bar & Grill,"Noodles, Salads, Rolls, Bento Box, Nigiri, Grill, Japanese, Sushi Bars, Sashimi",29.7449905,-95.3775664
"Houston, TX",Citron Tea,,5.69,Fukuoka Sushi Bar & Grill,"Noodles, Salads, Rolls, Bento Box, Nigiri, Grill, Japanese, Sushi Bars, Sashimi",29.7449905,-95.3775664
"Houston, TX",Unsweet Iced Tea,,3.39,Fukuoka Sushi Bar & Grill,"Noodles, Salads, Rolls, Bento Box, Nigiri, Grill, Japanese, Sushi Bars, Sashimi",29.7449905,-95.3775664
"Houston, TX",Sweet Tea,,3.39,Fukuoka Sushi Bar & Grill,"Noodles, Salads, Rolls, Bento Box, Nigiri, Grill, Japanese, Sushi Bars, Sashimi",29.7449905,-95.3775664
"Houston, TX",Perrier,,4.54,Fukuoka Sushi Bar & Grill,"Noodles, Salads, Rolls, Bento Box, Nigiri, Grill, Japanese, Sushi Bars, Sashimi",29.7449905,-95.3775664
"Houston, TX",Monster,,5.69,Fukuoka Sushi Bar & Grill,"Noodles, Salads, Rolls, Bento Box, Nigiri, Grill, Japanese, Sushi Bars, Sashimi",29.7449905,-95.3775664
"Houston, TX",Honey Ginger Tea,,5.69,Fukuoka Sushi Bar & Grill,"Noodles, Salads, Rolls, Bento Box, Nigiri, Grill, Japanese, Sushi Bars, Sashimi",29.7449905,-95.3775664
"Houston, TX",California Roll,,8.91,Fukuoka Sushi Bar & Grill,"Noodles, Salads, Rolls, Bento Box, Nigiri, Grill, Japanese, Sushi Bars, Sashimi",29.7449905,-95.3775664
"Houston, TX",Smoked Salmon Hand Roll,,6.61,Fukuoka Sushi Bar & Grill,"Noodles, Salads, Rolls, Bento Box, Nigiri, Grill, Japanese, Sushi Bars, Sashimi",29.7449905,-95.3775664
"Houston, TX",Spicy Salmon Hand Roll,,6.61,Fukuoka Sushi Bar & Grill,"Noodles, Salads, Rolls, Bento Box, Nigiri, Grill, Japanese, Sushi Bars, Sashimi",29.7449905,-95.3775664
"Houston, TX",Salmon Hand Roll,,6.61,Fukuoka Sushi Bar & Grill,"Noodles, Salads, Rolls, Bento Box, Nigiri, Grill, Japanese, Sushi Bars, Sashimi",29.7449905,-95.3775664
"Houston, TX",Tuna Hand Roll,,6.61,Fukuoka Sushi Bar & Grill,"Noodles, Salads, Rolls, Bento Box, Nigiri, Grill, Japanese, Sushi Bars, Sashimi",29.7449905,-95.3775664
"Houston, TX",Cali. Hand Roll,,6.61,Fukuoka Sushi Bar & Grill,"Noodles, Salads, Rolls, Bento Box, Nigiri, Grill, Japanese, Sushi Bars, Sashimi",29.7449905,-95.3775664
"Houston, TX",Spicy Tuna Hand Roll,,6.61,Fukuoka Sushi Bar & Grill,"Noodles, Salads, Rolls, Bento Box, Nigiri, Grill, Japanese, Sushi Bars, Sashimi",29.7449905,-95.3775664
"Houston, TX",Spicy Yellow Tail Hand Roll,,6.61,Fukuoka Sushi Bar & Grill,"Noodles, Salads, Rolls, Bento Box, Nigiri, Grill, Japanese, Sushi Bars, Sashimi",29.7449905,-95.3775664
"Houston, TX",Avocado Hand Roll,,6.61,Fukuoka Sushi Bar & Grill,"Noodles, Salads, Rolls, Bento Box, Nigiri, Grill, Japanese, Sushi Bars, Sashimi",29.7449905,-95.3775664
"Houston, TX",Cucumber Hand Roll,,6.61,Fukuoka Sushi Bar & Grill,"Noodles, Salads, Rolls, Bento Box, Nigiri, Grill, Japanese, Sushi Bars, Sashimi",29.7449905,-95.3775664
"Houston, TX",YellowTail Hand Roll,,6.61,Fukuoka Sushi Bar & Grill,"Noodles, Salads, Rolls, Bento Box, Nigiri, Grill, Japanese, Sushi Bars, Sashimi",29.7449905,-95.3775664
"Houston, TX",Yaki Udon (Lunch),,13.74,Fukuoka Sushi Bar & Grill,"Noodles, Salads, Rolls, Bento Box, Nigiri, Grill, Japanese, Sushi Bars, Sashimi",29.7449905,-95.3775664
"Houston, TX",Chicken Fried Rice Lunch,"Egg, carrots, peas, bean sprouts, onions, and scallions. Includes: 2 veg. spring rolls. ",12.59,Fukuoka Sushi Bar & Grill,"Noodles, Salads, Rolls, Bento Box, Nigiri, Grill, Japanese, Sushi Bars, Sashimi",29.7449905,-95.3775664
"Houston, TX",Seth's Meatball,"Hearty meatballs, sautéed with our housemade marinara, topped with melted mozzarella, and provolone, Parmesan cheese, fresh basil.",10.0,Star Pizza 2,"Pizza, Salad, Italian",29.7700571,-95.3961846
"Houston, TX",Combo,"Best of both worlds our meatballs and Italian sausage, sauced with our housemade marinara, topped with melted mozzarella and provolone, Parmesan cheese, fresh basil.",10.0,Star Pizza 2,"Pizza, Salad, Italian",29.7700571,-95.3961846
"Houston, TX",Marinara with Homemade Meatballs,,15.0,Star Pizza 2,"Pizza, Salad, Italian",29.7700571,-95.3961846
"Houston, TX",Chicken Cannelloni,"Homemade cannelloni, filled with rosemary garlic grilled chicken, our own blend of cheese, spice and herbs, spinach, and mushrooms, your choice of marinara, alfredo sauce or parma rosa.",15.5,Star Pizza 2,"Pizza, Salad, Italian",29.7700571,-95.3961846
"Houston, TX",Marinara Combo,Italian sausage and homemade meatballs.,15.25,Star Pizza 2,"Pizza, Salad, Italian",29.7700571,-95.3961846
"Houston, TX",Brownies,,3.75,Star Pizza 2,"Pizza, Salad, Italian",29.7700571,-95.3961846
"Houston, TX",Thrive Banana Chia Pudding,"Chia seeds soaked overnight in oat milk and sweetened with raw cane sugar. (Gluten-free, vegan)",6.5,Thrive Kitchen,Low Cal Bowls & Pizzas,29.7226889,-95.3704827
"Houston, TX",Aunt Etta,Four layers of chocolate cake with chocolate buttercream icing.,13.15,The Chocolate Bar,"Pickup, Takeout, Ice Cream, Dessert, Chocolatiers & Shops, Coffee",29.7148243,-95.4176302
"Houston, TX",Double Stuffed Oreos,"A classic oreo covered in a thick chocolate coating, available in milk, white, or dark chocolate.",2.7,The Chocolate Bar,"Pickup, Takeout, Ice Cream, Dessert, Chocolatiers & Shops, Coffee",29.7148243,-95.4176302
"Houston, TX",Twinkie,"A classic twinkie covered in a thick coating of chocolate, available in milk or dark.",5.78,The Chocolate Bar,"Pickup, Takeout, Ice Cream, Dessert, Chocolatiers & Shops, Coffee",29.7148243,-95.4176302
"Houston, TX",Caramel Pretzel Rod,"A pretzel rod dipped in handcrafted caramel and then in chocolate, available in milk or dark.",4.68,The Chocolate Bar,"Pickup, Takeout, Ice Cream, Dessert, Chocolatiers & Shops, Coffee",29.7148243,-95.4176302
"Houston, TX",Coconut Haystack,"A chocolate piece with toasted coconut throughout, available in milk or dark chocolate",2.15,The Chocolate Bar,"Pickup, Takeout, Ice Cream, Dessert, Chocolatiers & Shops, Coffee",29.7148243,-95.4176302
"Houston, TX",Toffee,,4.68,The Chocolate Bar,"Pickup, Takeout, Ice Cream, Dessert, Chocolatiers & Shops, Coffee",29.7148243,-95.4176302
"Houston, TX",Texas Frito Brittle,"A Chocolate Bar classic! Fritos, pretzels, and pecan drizzled in our smooth milk chocolate. ",15.35,The Chocolate Bar,"Pickup, Takeout, Ice Cream, Dessert, Chocolatiers & Shops, Coffee",29.7148243,-95.4176302
"Houston, TX",Almonds,A bag of mixed milk and dark chocolate covered almonds.,10.95,The Chocolate Bar,"Pickup, Takeout, Ice Cream, Dessert, Chocolatiers & Shops, Coffee",29.7148243,-95.4176302
"Houston, TX",Banana Chia Pudding,"Chia seeds soaked overnight in oat milk and sweetened with raw cane sugar. (Gluten-free, vegan)",6.5,lulubowls (Hawaiian-Inspired Bowls),Hawaiian-inspired bowls concept.,29.7226889,-95.3704827
"Houston, TX",Bluebonnet Raspberry Pint (16oz),Our Bluebonnet Raspberry is a perfect blend of fresh raspberry flavor and a dash of tartness!,12.5,Phrostbite Italian Ice,"Ice, Dessert, Gluten-free, Grocery Items, Ice Cream, Late Night,  Kids Menu, American, Kosher",29.7226889,-95.3704827
"Houston, TX",Cowgirl Cotton Candy Pint (16oz),Our Cowgirl Cotton Candy is a smooth and creamy take on a Rodeo & Fair favorite!,12.5,Phrostbite Italian Ice,"Ice, Dessert, Gluten-free, Grocery Items, Ice Cream, Late Night,  Kids Menu, American, Kosher",29.7226889,-95.3704827
